solid OpenSCAD_Model
  facet normal 0.997839 0.0657076 0
    outer loop
      vertex 177.4 117.4 45
      vertex 177.357 118.053 -2.4
      vertex 177.357 118.053 45
    endloop
  endfacet
  facet normal 0.997839 0.0657076 0
    outer loop
      vertex 177.357 118.053 -2.4
      vertex 177.4 117.4 45
      vertex 177.4 117.4 -2.4
    endloop
  endfacet
  facet normal 0 1 0
    outer loop
      vertex 172.4 122.4 45
      vertex 34 122.4 22
      vertex 2.6 122.4 45
    endloop
  endfacet
  facet normal 0 1 -0
    outer loop
      vertex 172.4 122.4 -2.4
      vertex 34 122.4 22
      vertex 172.4 122.4 45
    endloop
  endfacet
  facet normal 0 1 0
    outer loop
      vertex 2.6 122.4 -2.4
      vertex 34 122.4 14
      vertex 172.4 122.4 -2.4
    endloop
  endfacet
  facet normal 0 1 0
    outer loop
      vertex 34 122.4 22
      vertex 172.4 122.4 -2.4
      vertex 34 122.4 14
    endloop
  endfacet
  facet normal 0 1 -0
    outer loop
      vertex 10 122.4 22
      vertex 2.6 122.4 45
      vertex 34 122.4 22
    endloop
  endfacet
  facet normal 0 1 0
    outer loop
      vertex 2.6 122.4 -2.4
      vertex 10 122.4 22
      vertex 10 122.4 14
    endloop
  endfacet
  facet normal 0 1 0
    outer loop
      vertex 10 122.4 22
      vertex 2.6 122.4 -2.4
      vertex 2.6 122.4 45
    endloop
  endfacet
  facet normal 0 1 0
    outer loop
      vertex 34 122.4 14
      vertex 2.6 122.4 -2.4
      vertex 10 122.4 14
    endloop
  endfacet
  facet normal 0.555053 0.831815 -0
    outer loop
      vertex 175.444 121.367 -2.4
      vertex 174.9 121.73 45
      vertex 175.444 121.367 45
    endloop
  endfacet
  facet normal 0.555053 0.831815 0
    outer loop
      vertex 174.9 121.73 45
      vertex 175.444 121.367 -2.4
      vertex 174.9 121.73 -2.4
    endloop
  endfacet
  facet normal 0.946521 0.322643 0
    outer loop
      vertex 177.23 118.694 45
      vertex 177.019 119.313 -2.4
      vertex 177.019 119.313 45
    endloop
  endfacet
  facet normal 0.946521 0.322643 0
    outer loop
      vertex 177.019 119.313 -2.4
      vertex 177.23 118.694 45
      vertex 177.23 118.694 -2.4
    endloop
  endfacet
  facet normal -0.555189 0.831724 0
    outer loop
      vertex 0.0999994 121.73 -2.4
      vertex -0.443808 121.367 45
      vertex 0.0999994 121.73 45
    endloop
  endfacet
  facet normal -0.555189 0.831724 0
    outer loop
      vertex -0.443808 121.367 45
      vertex 0.0999994 121.73 -2.4
      vertex -0.443808 121.367 -2.4
    endloop
  endfacet
  facet normal 1 0 0
    outer loop
      vertex 177.4 117.4 45
      vertex 177.4 80.75 8.7
      vertex 177.4 117.4 -2.4
    endloop
  endfacet
  facet normal 1 -0 0
    outer loop
      vertex 177.4 61.6 28.5
      vertex 177.4 80.75 8.7
      vertex 177.4 117.4 45
    endloop
  endfacet
  facet normal 1 -0 0
    outer loop
      vertex 177.4 61.6 15.5
      vertex 177.4 68.75 8.7
      vertex 177.4 61.6 28.5
    endloop
  endfacet
  facet normal 1 0 0
    outer loop
      vertex 177.4 80.75 8.7
      vertex 177.4 61.6 28.5
      vertex 177.4 68.75 8.7
    endloop
  endfacet
  facet normal 1 -0 0
    outer loop
      vertex 177.4 2.6 45
      vertex 177.4 61.6 28.5
      vertex 177.4 117.4 45
    endloop
  endfacet
  facet normal 1 0 0
    outer loop
      vertex 177.4 42.4 28.5
      vertex 177.4 2.6 45
      vertex 177.4 42.4 15.5
    endloop
  endfacet
  facet normal 1 0 0
    outer loop
      vertex 177.4 61.6 28.5
      vertex 177.4 2.6 45
      vertex 177.4 42.4 28.5
    endloop
  endfacet
  facet normal 1 -0 0
    outer loop
      vertex 177.4 80.75 1.7
      vertex 177.4 117.4 -2.4
      vertex 177.4 80.75 8.7
    endloop
  endfacet
  facet normal 1 -0 0
    outer loop
      vertex 177.4 68.75 1.7
      vertex 177.4 117.4 -2.4
      vertex 177.4 80.75 1.7
    endloop
  endfacet
  facet normal 1 0 0
    outer loop
      vertex 177.4 68.75 8.7
      vertex 177.4 61.6 15.5
      vertex 177.4 68.75 1.7
    endloop
  endfacet
  facet normal 1 -0 0
    outer loop
      vertex 177.4 42.4 15.5
      vertex 177.4 68.75 1.7
      vertex 177.4 61.6 15.5
    endloop
  endfacet
  facet normal 1 0 0
    outer loop
      vertex 177.4 68.75 1.7
      vertex 177.4 2.6 -2.4
      vertex 177.4 117.4 -2.4
    endloop
  endfacet
  facet normal 1 0 0
    outer loop
      vertex 177.4 42.4 15.5
      vertex 177.4 2.6 -2.4
      vertex 177.4 68.75 1.7
    endloop
  endfacet
  facet normal 1 0 0
    outer loop
      vertex 177.4 2.6 -2.4
      vertex 177.4 42.4 15.5
      vertex 177.4 2.6 45
    endloop
  endfacet
  facet normal -0.751837 -0.659349 0
    outer loop
      vertex -0.935534 -0.935534 -2.4
      vertex -1.36677 -0.443808 45
      vertex -1.36677 -0.443808 -2.4
    endloop
  endfacet
  facet normal -0.751837 -0.659349 0
    outer loop
      vertex -1.36677 -0.443808 45
      vertex -0.935534 -0.935534 -2.4
      vertex -0.935534 -0.935534 45
    endloop
  endfacet
  facet normal 0 -1 0
    outer loop
      vertex 2.6 -2.4 -2.4
      vertex 172.4 -2.4 45
      vertex 2.6 -2.4 45
    endloop
  endfacet
  facet normal 0 -1 -0
    outer loop
      vertex 172.4 -2.4 45
      vertex 2.6 -2.4 -2.4
      vertex 172.4 -2.4 -2.4
    endloop
  endfacet
  facet normal -0.659145 0.752016 0
    outer loop
      vertex -0.443808 121.367 -2.4
      vertex -0.935534 120.936 45
      vertex -0.443808 121.367 45
    endloop
  endfacet
  facet normal -0.659145 0.752016 0
    outer loop
      vertex -0.935534 120.936 45
      vertex -0.443808 121.367 -2.4
      vertex -0.935534 120.936 -2.4
    endloop
  endfacet
  facet normal -0.0657447 0.997836 0
    outer loop
      vertex 2.6 122.4 -2.4
      vertex 1.94737 122.357 45
      vertex 2.6 122.4 45
    endloop
  endfacet
  facet normal -0.0657447 0.997836 0
    outer loop
      vertex 1.94737 122.357 45
      vertex 2.6 122.4 -2.4
      vertex 1.94737 122.357 -2.4
    endloop
  endfacet
  facet normal -0.194213 0.980959 0
    outer loop
      vertex 1.94737 122.357 -2.4
      vertex 1.3059 122.23 45
      vertex 1.94737 122.357 45
    endloop
  endfacet
  facet normal -0.194213 0.980959 0
    outer loop
      vertex 1.3059 122.23 45
      vertex 1.94737 122.357 -2.4
      vertex 1.3059 122.23 -2.4
    endloop
  endfacet
  facet normal 0.195219 -0.98076 0
    outer loop
      vertex 173.053 -2.35722 -2.4
      vertex 173.694 -2.22963 45
      vertex 173.053 -2.35722 45
    endloop
  endfacet
  facet normal 0.195219 -0.98076 0
    outer loop
      vertex 173.694 -2.22963 45
      vertex 173.053 -2.35722 -2.4
      vertex 173.694 -2.22963 -2.4
    endloop
  endfacet
  facet normal 0.654152 0.756363 0
    outer loop
      vertex 175.936 120.936 0
      vertex 175.936 120.936 -2.4
      vertex 175.862 121 0
    endloop
  endfacet
  facet normal 0.654152 0.756363 0
    outer loop
      vertex 175.862 121 5
      vertex 175.936 120.936 45
      vertex 175.936 120.936 5
    endloop
  endfacet
  facet normal 0.658937 0.752198 -1.55179e-05
    outer loop
      vertex 175.936 120.936 45
      vertex 175.862 121 5
      vertex 175.444 121.367 45
    endloop
  endfacet
  facet normal 0.659776 0.751462 0
    outer loop
      vertex 175.444 121.367 -2.4
      vertex 175.862 121 5
      vertex 175.862 121 0
    endloop
  endfacet
  facet normal 0.659776 0.751462 0
    outer loop
      vertex 175.862 121 5
      vertex 175.444 121.367 -2.4
      vertex 175.444 121.367 45
    endloop
  endfacet
  facet normal 0.658937 0.752198 0.000258632
    outer loop
      vertex 175.444 121.367 -2.4
      vertex 175.862 121 0
      vertex 175.936 120.936 -2.4
    endloop
  endfacet
  facet normal 0.0653729 -0.997861 0
    outer loop
      vertex 172.4 -2.4 -2.4
      vertex 173.053 -2.35722 45
      vertex 172.4 -2.4 45
    endloop
  endfacet
  facet normal 0.0653729 -0.997861 0
    outer loop
      vertex 173.053 -2.35722 45
      vertex 172.4 -2.4 -2.4
      vertex 173.053 -2.35722 -2.4
    endloop
  endfacet
  facet normal -0.896998 0.442035 0
    outer loop
      vertex -2.0194 119.313 -2.4
      vertex -1.73013 119.9 45
      vertex -1.73013 119.9 -2.4
    endloop
  endfacet
  facet normal -0.896998 0.442035 0
    outer loop
      vertex -1.73013 119.9 45
      vertex -2.0194 119.313 -2.4
      vertex -2.0194 119.313 45
    endloop
  endfacet
  facet normal -1 0 0
    outer loop
      vertex -2.4 2.6 -2.4
      vertex -2.4 117.4 45
      vertex -2.4 117.4 -2.4
    endloop
  endfacet
  facet normal -1 -0 0
    outer loop
      vertex -2.4 117.4 45
      vertex -2.4 2.6 -2.4
      vertex -2.4 2.6 45
    endloop
  endfacet
  facet normal -0.83147 -0.55557 0
    outer loop
      vertex -1.36677 -0.443808 -2.4
      vertex -1.73013 0.0999994 45
      vertex -1.73013 0.0999994 -2.4
    endloop
  endfacet
  facet normal -0.83147 -0.55557 0
    outer loop
      vertex -1.73013 0.0999994 45
      vertex -1.36677 -0.443808 -2.4
      vertex -1.36677 -0.443808 45
    endloop
  endfacet
  facet normal -0.659349 -0.751837 0
    outer loop
      vertex -0.935534 -0.935534 -2.4
      vertex -0.443808 -1.36677 45
      vertex -0.935534 -0.935534 45
    endloop
  endfacet
  facet normal -0.659349 -0.751837 -0
    outer loop
      vertex -0.443808 -1.36677 45
      vertex -0.935534 -0.935534 -2.4
      vertex -0.443808 -1.36677 -2.4
    endloop
  endfacet
  facet normal -0.98076 0.195219 0
    outer loop
      vertex -2.35722 118.053 -2.4
      vertex -2.22963 118.694 45
      vertex -2.22963 118.694 -2.4
    endloop
  endfacet
  facet normal -0.98076 0.195219 0
    outer loop
      vertex -2.22963 118.694 45
      vertex -2.35722 118.053 -2.4
      vertex -2.35722 118.053 45
    endloop
  endfacet
  facet normal -0.0654098 -0.997858 0
    outer loop
      vertex 1.94737 -2.35722 -2.4
      vertex 2.6 -2.4 45
      vertex 1.94737 -2.35722 45
    endloop
  endfacet
  facet normal -0.0654098 -0.997858 -0
    outer loop
      vertex 2.6 -2.4 45
      vertex 1.94737 -2.35722 -2.4
      vertex 2.6 -2.4 -2.4
    endloop
  endfacet
  facet normal 0.897161 0.441703 0
    outer loop
      vertex 177.019 119.313 45
      vertex 176.73 119.9 -2.4
      vertex 176.73 119.9 45
    endloop
  endfacet
  facet normal 0.897161 0.441703 0
    outer loop
      vertex 176.73 119.9 -2.4
      vertex 177.019 119.313 45
      vertex 177.019 119.313 -2.4
    endloop
  endfacet
  facet normal 0.831724 -0.555189 0
    outer loop
      vertex 176.367 -0.443808 45
      vertex 176.73 0.0999994 -2.4
      vertex 176.73 0.0999994 45
    endloop
  endfacet
  facet normal 0.831724 -0.555189 0
    outer loop
      vertex 176.73 0.0999994 -2.4
      vertex 176.367 -0.443808 45
      vertex 176.367 -0.443808 -2.4
    endloop
  endfacet
  facet normal 0.897037 -0.441956 0
    outer loop
      vertex 176.73 0.0999994 45
      vertex 177.019 0.686582 -2.4
      vertex 177.019 0.686582 45
    endloop
  endfacet
  facet normal 0.897037 -0.441956 0
    outer loop
      vertex 177.019 0.686582 -2.4
      vertex 176.73 0.0999994 45
      vertex 176.73 0.0999994 -2.4
    endloop
  endfacet
  facet normal 0.997836 -0.0657447 0
    outer loop
      vertex 177.357 1.94737 45
      vertex 177.4 2.6 -2.4
      vertex 177.4 2.6 45
    endloop
  endfacet
  facet normal 0.997836 -0.0657447 0
    outer loop
      vertex 177.4 2.6 -2.4
      vertex 177.357 1.94737 45
      vertex 177.357 1.94737 -2.4
    endloop
  endfacet
  facet normal 0.980932 0.19435 0
    outer loop
      vertex 177.357 118.053 45
      vertex 177.23 118.694 -2.4
      vertex 177.23 118.694 45
    endloop
  endfacet
  facet normal 0.980932 0.19435 0
    outer loop
      vertex 177.23 118.694 -2.4
      vertex 177.357 118.053 45
      vertex 177.357 118.053 -2.4
    endloop
  endfacet
  facet normal 0 0 1
    outer loop
      vertex -2.4 117.4 45
      vertex 0 114.676 45
      vertex -0.0955175 114.869 45
    endloop
  endfacet
  facet normal 0 0 1
    outer loop
      vertex 0 114.676 45
      vertex -2.4 117.4 45
      vertex 0 5.32442 45
    endloop
  endfacet
  facet normal 0 0 1
    outer loop
      vertex -2.4 117.4 45
      vertex -0.0955175 114.869 45
      vertex -0.263703 115.365 45
    endloop
  endfacet
  facet normal 0 0 1
    outer loop
      vertex -2.4 2.6 45
      vertex 0 5.32442 45
      vertex -2.4 117.4 45
    endloop
  endfacet
  facet normal 0 0 1
    outer loop
      vertex -2.4 117.4 45
      vertex -0.263703 115.365 45
      vertex -0.365779 115.878 45
    endloop
  endfacet
  facet normal 0 0 1
    outer loop
      vertex 0 5.32442 45
      vertex -2.4 2.6 45
      vertex -0.0955175 5.13073 45
    endloop
  endfacet
  facet normal 0 0 1
    outer loop
      vertex -2.4 117.4 45
      vertex -0.365779 115.878 45
      vertex -0.4 116.4 45
    endloop
  endfacet
  facet normal 0 0 1
    outer loop
      vertex -0.0955175 5.13073 45
      vertex -2.4 2.6 45
      vertex -0.263703 4.63528 45
    endloop
  endfacet
  facet normal 0 0 1
    outer loop
      vertex -2.22963 1.3059 45
      vertex 5.72205e-07 1.87558 45
      vertex -0.0955175 2.06927 45
    endloop
  endfacet
  facet normal 0 0 1
    outer loop
      vertex 175.096 114.869 45
      vertex 177.4 117.4 45
      vertex 175.264 115.365 45
    endloop
  endfacet
  facet normal 0 0 1
    outer loop
      vertex 177.4 2.6 45
      vertex 175.366 4.1221 45
      vertex 175.4 3.6 45
    endloop
  endfacet
  facet normal 0 0 1
    outer loop
      vertex 175 114.676 45
      vertex 177.4 117.4 45
      vertex 175.096 114.869 45
    endloop
  endfacet
  facet normal 0 0 1
    outer loop
      vertex 177.4 2.6 45
      vertex 175.264 4.63528 45
      vertex 175.366 4.1221 45
    endloop
  endfacet
  facet normal 0 0 1
    outer loop
      vertex 177.4 117.4 45
      vertex 175 114.676 45
      vertex 177.4 2.6 45
    endloop
  endfacet
  facet normal 0 0 1
    outer loop
      vertex 177.4 2.6 45
      vertex 175.096 5.13073 45
      vertex 175.264 4.63528 45
    endloop
  endfacet
  facet normal -0 0 1
    outer loop
      vertex 175 5.32442 45
      vertex 177.4 2.6 45
      vertex 175 114.676 45
    endloop
  endfacet
  facet normal 0 0 1
    outer loop
      vertex 177.4 2.6 45
      vertex 175 5.32442 45
      vertex 175.096 5.13073 45
    endloop
  endfacet
  facet normal -0 0 1
    outer loop
      vertex 175.264 117.435 45
      vertex 177.4 117.4 45
      vertex 177.357 118.053 45
    endloop
  endfacet
  facet normal 0 0 1
    outer loop
      vertex 175.366 115.878 45
      vertex 177.4 117.4 45
      vertex 175.4 116.4 45
    endloop
  endfacet
  facet normal 0 0 1
    outer loop
      vertex 175.096 117.931 45
      vertex 177.357 118.053 45
      vertex 177.23 118.694 45
    endloop
  endfacet
  facet normal 0 0 1
    outer loop
      vertex 175.264 115.365 45
      vertex 177.4 117.4 45
      vertex 175.366 115.878 45
    endloop
  endfacet
  facet normal 0 0 1
    outer loop
      vertex 175 118.124 45
      vertex 177.23 118.694 45
      vertex 177.019 119.313 45
    endloop
  endfacet
  facet normal -0 0 1
    outer loop
      vertex 175.366 3.0779 45
      vertex 177.4 2.6 45
      vertex 175.4 3.6 45
    endloop
  endfacet
  facet normal 0 0 1
    outer loop
      vertex 175 120 45
      vertex 177.019 119.313 45
      vertex 176.73 119.9 45
    endloop
  endfacet
  facet normal 0 0 1
    outer loop
      vertex 175.264 2.56472 45
      vertex 177.4 2.6 45
      vertex 175.366 3.0779 45
    endloop
  endfacet
  facet normal -0 0 1
    outer loop
      vertex 175 120 45
      vertex 176.73 119.9 45
      vertex 176.367 120.444 45
    endloop
  endfacet
  facet normal 0 0 1
    outer loop
      vertex 177.4 2.6 45
      vertex 175.264 2.56472 45
      vertex 177.357 1.94737 45
    endloop
  endfacet
  facet normal 0 0 1
    outer loop
      vertex 175 120 45
      vertex 176.367 120.444 45
      vertex 175.936 120.936 45
    endloop
  endfacet
  facet normal -0 0 1
    outer loop
      vertex 175.096 2.06927 45
      vertex 177.357 1.94737 45
      vertex 175.264 2.56472 45
    endloop
  endfacet
  facet normal 0 0 1
    outer loop
      vertex 175 120 45
      vertex 175.936 120.936 45
      vertex 175.444 121.367 45
    endloop
  endfacet
  facet normal 0 0 1
    outer loop
      vertex 177.357 1.94737 45
      vertex 175.096 2.06927 45
      vertex 177.23 1.3059 45
    endloop
  endfacet
  facet normal -0 0 1
    outer loop
      vertex 175 1.87558 45
      vertex 177.23 1.3059 45
      vertex 175.096 2.06927 45
    endloop
  endfacet
  facet normal 0 0 1
    outer loop
      vertex 177.4 117.4 45
      vertex 175.366 116.922 45
      vertex 175.4 116.4 45
    endloop
  endfacet
  facet normal 0 0 1
    outer loop
      vertex 177.4 117.4 45
      vertex 175.264 117.435 45
      vertex 175.366 116.922 45
    endloop
  endfacet
  facet normal 0 0 1
    outer loop
      vertex 177.019 119.313 45
      vertex 175 120 45
      vertex 175 118.124 45
    endloop
  endfacet
  facet normal 0 0 1
    outer loop
      vertex 177.357 118.053 45
      vertex 175.096 117.931 45
      vertex 175.264 117.435 45
    endloop
  endfacet
  facet normal 0 0 1
    outer loop
      vertex 174.9 121.73 45
      vertex 175 120 45
      vertex 175.444 121.367 45
    endloop
  endfacet
  facet normal 0 0 1
    outer loop
      vertex 174.313 122.019 45
      vertex 175 120 45
      vertex 174.9 121.73 45
    endloop
  endfacet
  facet normal 0 0 1
    outer loop
      vertex 173.124 120 45
      vertex 174.313 122.019 45
      vertex 173.694 122.23 45
    endloop
  endfacet
  facet normal 0 0 1
    outer loop
      vertex 174.313 122.019 45
      vertex 173.124 120 45
      vertex 175 120 45
    endloop
  endfacet
  facet normal 0 0 1
    outer loop
      vertex 172.931 120.096 45
      vertex 173.694 122.23 45
      vertex 173.053 122.357 45
    endloop
  endfacet
  facet normal 0 0 1
    outer loop
      vertex 173.694 122.23 45
      vertex 172.931 120.096 45
      vertex 173.124 120 45
    endloop
  endfacet
  facet normal 0 0 1
    outer loop
      vertex 173.053 122.357 45
      vertex 172.435 120.264 45
      vertex 172.931 120.096 45
    endloop
  endfacet
  facet normal 0 0 1
    outer loop
      vertex 172.4 122.4 45
      vertex 172.435 120.264 45
      vertex 173.053 122.357 45
    endloop
  endfacet
  facet normal 0 0 1
    outer loop
      vertex 172.4 122.4 45
      vertex 171.922 120.366 45
      vertex 172.435 120.264 45
    endloop
  endfacet
  facet normal 0 0 1
    outer loop
      vertex 172.4 122.4 45
      vertex 171.4 120.4 45
      vertex 171.922 120.366 45
    endloop
  endfacet
  facet normal 0 0 1
    outer loop
      vertex 172.4 122.4 45
      vertex 170.878 120.366 45
      vertex 171.4 120.4 45
    endloop
  endfacet
  facet normal 0 0 1
    outer loop
      vertex 172.4 122.4 45
      vertex 170.365 120.264 45
      vertex 170.878 120.366 45
    endloop
  endfacet
  facet normal 0 0 1
    outer loop
      vertex 172.4 122.4 45
      vertex 169.869 120.096 45
      vertex 170.365 120.264 45
    endloop
  endfacet
  facet normal 0 0 1
    outer loop
      vertex 172.4 122.4 45
      vertex 169.676 120 45
      vertex 169.869 120.096 45
    endloop
  endfacet
  facet normal 0 0 1
    outer loop
      vertex 172.4 122.4 45
      vertex 5.32442 120 45
      vertex 169.676 120 45
    endloop
  endfacet
  facet normal -0 0 1
    outer loop
      vertex 2.6 122.4 45
      vertex 5.32442 120 45
      vertex 172.4 122.4 45
    endloop
  endfacet
  facet normal 0 0 1
    outer loop
      vertex 5.32442 120 45
      vertex 2.6 122.4 45
      vertex 5.13073 120.096 45
    endloop
  endfacet
  facet normal 0 0 1
    outer loop
      vertex 5.13073 120.096 45
      vertex 2.6 122.4 45
      vertex 4.63528 120.264 45
    endloop
  endfacet
  facet normal 0 0 1
    outer loop
      vertex 4.63528 120.264 45
      vertex 2.6 122.4 45
      vertex 4.1221 120.366 45
    endloop
  endfacet
  facet normal 0 0 1
    outer loop
      vertex 4.1221 120.366 45
      vertex 2.6 122.4 45
      vertex 3.6 120.4 45
    endloop
  endfacet
  facet normal 0 0 1
    outer loop
      vertex 2.6 122.4 45
      vertex 3.0779 120.366 45
      vertex 3.6 120.4 45
    endloop
  endfacet
  facet normal 0 0 1
    outer loop
      vertex 2.6 122.4 45
      vertex 2.56472 120.264 45
      vertex 3.0779 120.366 45
    endloop
  endfacet
  facet normal -0 0 1
    outer loop
      vertex 1.94737 122.357 45
      vertex 2.56472 120.264 45
      vertex 2.6 122.4 45
    endloop
  endfacet
  facet normal 0 0 1
    outer loop
      vertex 2.56472 120.264 45
      vertex 1.94737 122.357 45
      vertex 2.06927 120.096 45
    endloop
  endfacet
  facet normal -0 0 1
    outer loop
      vertex 1.3059 122.23 45
      vertex 2.06927 120.096 45
      vertex 1.94737 122.357 45
    endloop
  endfacet
  facet normal 0 0 1
    outer loop
      vertex 2.06927 120.096 45
      vertex 1.3059 122.23 45
      vertex 1.87558 120 45
    endloop
  endfacet
  facet normal -0 0 1
    outer loop
      vertex 0.686582 122.019 45
      vertex 1.87558 120 45
      vertex 1.3059 122.23 45
    endloop
  endfacet
  facet normal 0 0 1
    outer loop
      vertex 5.72205e-07 120 45
      vertex 0.686582 122.019 45
      vertex 0.0999994 121.73 45
    endloop
  endfacet
  facet normal 0 0 1
    outer loop
      vertex 0.686582 122.019 45
      vertex 5.72205e-07 120 45
      vertex 1.87558 120 45
    endloop
  endfacet
  facet normal -0 0 1
    outer loop
      vertex -2.0194 119.313 45
      vertex 5.72205e-07 118.124 45
      vertex 5.72205e-07 120 45
    endloop
  endfacet
  facet normal -0 0 1
    outer loop
      vertex -2.22963 118.694 45
      vertex 5.72205e-07 118.124 45
      vertex -2.0194 119.313 45
    endloop
  endfacet
  facet normal -0 0 1
    outer loop
      vertex -0.443808 121.367 45
      vertex 5.72205e-07 120 45
      vertex 0.0999994 121.73 45
    endloop
  endfacet
  facet normal -0 0 1
    outer loop
      vertex -0.935534 120.936 45
      vertex 5.72205e-07 120 45
      vertex -0.443808 121.367 45
    endloop
  endfacet
  facet normal 0 0 1
    outer loop
      vertex -2.0194 119.313 45
      vertex 5.72205e-07 120 45
      vertex -1.73013 119.9 45
    endloop
  endfacet
  facet normal 0 0 1
    outer loop
      vertex -1.73013 119.9 45
      vertex 5.72205e-07 120 45
      vertex -1.36677 120.444 45
    endloop
  endfacet
  facet normal -0 0 1
    outer loop
      vertex -1.36677 120.444 45
      vertex 5.72205e-07 120 45
      vertex -0.935534 120.936 45
    endloop
  endfacet
  facet normal 0 0 1
    outer loop
      vertex 177.23 1.3059 45
      vertex 175 1.87558 45
      vertex 177.019 0.686582 45
    endloop
  endfacet
  facet normal 0 0 1
    outer loop
      vertex 175 5.72205e-07 45
      vertex 177.019 0.686582 45
      vertex 175 1.87558 45
    endloop
  endfacet
  facet normal 0 0 1
    outer loop
      vertex 177.019 0.686582 45
      vertex 175 5.72205e-07 45
      vertex 176.73 0.0999994 45
    endloop
  endfacet
  facet normal 0 0 1
    outer loop
      vertex 176.73 0.0999994 45
      vertex 175 5.72205e-07 45
      vertex 176.367 -0.443808 45
    endloop
  endfacet
  facet normal 0 0 1
    outer loop
      vertex 176.367 -0.443808 45
      vertex 175 5.72205e-07 45
      vertex 175.936 -0.935534 45
    endloop
  endfacet
  facet normal 0 0 1
    outer loop
      vertex 175.936 -0.935534 45
      vertex 175 5.72205e-07 45
      vertex 175.444 -1.36677 45
    endloop
  endfacet
  facet normal 0 0 1
    outer loop
      vertex 175 5.72205e-07 45
      vertex 174.9 -1.73013 45
      vertex 175.444 -1.36677 45
    endloop
  endfacet
  facet normal 0 0 1
    outer loop
      vertex 175 5.72205e-07 45
      vertex 174.313 -2.0194 45
      vertex 174.9 -1.73013 45
    endloop
  endfacet
  facet normal -0 0 1
    outer loop
      vertex 173.124 5.72205e-07 45
      vertex 174.313 -2.0194 45
      vertex 175 5.72205e-07 45
    endloop
  endfacet
  facet normal 0 0 1
    outer loop
      vertex 174.313 -2.0194 45
      vertex 173.124 5.72205e-07 45
      vertex 173.694 -2.22963 45
    endloop
  endfacet
  facet normal -0 0 1
    outer loop
      vertex 172.931 -0.0955175 45
      vertex 173.694 -2.22963 45
      vertex 173.124 5.72205e-07 45
    endloop
  endfacet
  facet normal 0 0 1
    outer loop
      vertex 173.694 -2.22963 45
      vertex 172.931 -0.0955175 45
      vertex 173.053 -2.35722 45
    endloop
  endfacet
  facet normal -0 0 1
    outer loop
      vertex 172.435 -0.263703 45
      vertex 173.053 -2.35722 45
      vertex 172.931 -0.0955175 45
    endloop
  endfacet
  facet normal 0 0 1
    outer loop
      vertex 172.435 -0.263703 45
      vertex 172.4 -2.4 45
      vertex 173.053 -2.35722 45
    endloop
  endfacet
  facet normal -0 0 1
    outer loop
      vertex 171.922 -0.365779 45
      vertex 172.4 -2.4 45
      vertex 172.435 -0.263703 45
    endloop
  endfacet
  facet normal -0 0 1
    outer loop
      vertex 171.4 -0.4 45
      vertex 172.4 -2.4 45
      vertex 171.922 -0.365779 45
    endloop
  endfacet
  facet normal 0 0 1
    outer loop
      vertex 170.878 -0.365779 45
      vertex 172.4 -2.4 45
      vertex 171.4 -0.4 45
    endloop
  endfacet
  facet normal 0 0 1
    outer loop
      vertex 170.365 -0.263703 45
      vertex 172.4 -2.4 45
      vertex 170.878 -0.365779 45
    endloop
  endfacet
  facet normal 0 0 1
    outer loop
      vertex 169.869 -0.0955175 45
      vertex 172.4 -2.4 45
      vertex 170.365 -0.263703 45
    endloop
  endfacet
  facet normal 0 0 1
    outer loop
      vertex 169.676 0 45
      vertex 172.4 -2.4 45
      vertex 169.869 -0.0955175 45
    endloop
  endfacet
  facet normal -0 0 1
    outer loop
      vertex 5.32442 0 45
      vertex 172.4 -2.4 45
      vertex 169.676 0 45
    endloop
  endfacet
  facet normal 0 0 1
    outer loop
      vertex 2.6 -2.4 45
      vertex 5.32442 0 45
      vertex 5.13073 -0.0955175 45
    endloop
  endfacet
  facet normal 0 0 1
    outer loop
      vertex 2.6 -2.4 45
      vertex 5.13073 -0.0955175 45
      vertex 4.63528 -0.263703 45
    endloop
  endfacet
  facet normal 0 0 1
    outer loop
      vertex 2.6 -2.4 45
      vertex 4.63528 -0.263703 45
      vertex 4.1221 -0.365779 45
    endloop
  endfacet
  facet normal 0 0 1
    outer loop
      vertex 2.6 -2.4 45
      vertex 4.1221 -0.365779 45
      vertex 3.6 -0.4 45
    endloop
  endfacet
  facet normal 0 0 1
    outer loop
      vertex 5.32442 0 45
      vertex 2.6 -2.4 45
      vertex 172.4 -2.4 45
    endloop
  endfacet
  facet normal 0 0 1
    outer loop
      vertex 3.0779 -0.365779 45
      vertex 2.6 -2.4 45
      vertex 3.6 -0.4 45
    endloop
  endfacet
  facet normal 0 0 1
    outer loop
      vertex 2.56472 -0.263703 45
      vertex 2.6 -2.4 45
      vertex 3.0779 -0.365779 45
    endloop
  endfacet
  facet normal 0 0 1
    outer loop
      vertex 1.94737 -2.35722 45
      vertex 2.56472 -0.263703 45
      vertex 2.06927 -0.0955175 45
    endloop
  endfacet
  facet normal 0 0 1
    outer loop
      vertex 2.56472 -0.263703 45
      vertex 1.94737 -2.35722 45
      vertex 2.6 -2.4 45
    endloop
  endfacet
  facet normal 0 0 1
    outer loop
      vertex 1.3059 -2.22963 45
      vertex 2.06927 -0.0955175 45
      vertex 1.87558 5.72205e-07 45
    endloop
  endfacet
  facet normal 0 0 1
    outer loop
      vertex 2.06927 -0.0955175 45
      vertex 1.3059 -2.22963 45
      vertex 1.94737 -2.35722 45
    endloop
  endfacet
  facet normal 0 0 1
    outer loop
      vertex 1.87558 5.72205e-07 45
      vertex 0.686582 -2.0194 45
      vertex 1.3059 -2.22963 45
    endloop
  endfacet
  facet normal -0 0 1
    outer loop
      vertex 5.72205e-07 5.72205e-07 45
      vertex 0.686582 -2.0194 45
      vertex 1.87558 5.72205e-07 45
    endloop
  endfacet
  facet normal 0 0 1
    outer loop
      vertex 0.686582 -2.0194 45
      vertex 5.72205e-07 5.72205e-07 45
      vertex 0.0999994 -1.73013 45
    endloop
  endfacet
  facet normal 0 0 1
    outer loop
      vertex -2.35722 1.94737 45
      vertex -0.0955175 2.06927 45
      vertex -0.263703 2.56472 45
    endloop
  endfacet
  facet normal 0 0 1
    outer loop
      vertex 5.72205e-07 1.87558 45
      vertex -2.0194 0.686582 45
      vertex 5.72205e-07 5.72205e-07 45
    endloop
  endfacet
  facet normal -0 0 1
    outer loop
      vertex -2.4 2.6 45
      vertex -0.263703 2.56472 45
      vertex -0.365779 3.0779 45
    endloop
  endfacet
  facet normal 0 0 1
    outer loop
      vertex 5.72205e-07 5.72205e-07 45
      vertex -0.443808 -1.36677 45
      vertex 0.0999994 -1.73013 45
    endloop
  endfacet
  facet normal 0 0 1
    outer loop
      vertex -2.4 2.6 45
      vertex -0.365779 3.0779 45
      vertex -0.4 3.6 45
    endloop
  endfacet
  facet normal 0 0 1
    outer loop
      vertex -0.263703 4.63528 45
      vertex -2.4 2.6 45
      vertex -0.365779 4.1221 45
    endloop
  endfacet
  facet normal 0 0 1
    outer loop
      vertex 5.72205e-07 118.124 45
      vertex -2.22963 118.694 45
      vertex -0.0955175 117.931 45
    endloop
  endfacet
  facet normal 0 0 1
    outer loop
      vertex -0.365779 4.1221 45
      vertex -2.4 2.6 45
      vertex -0.4 3.6 45
    endloop
  endfacet
  facet normal -0 0 1
    outer loop
      vertex -2.35722 118.053 45
      vertex -0.0955175 117.931 45
      vertex -2.22963 118.694 45
    endloop
  endfacet
  facet normal 0 0 1
    outer loop
      vertex -0.263703 2.56472 45
      vertex -2.4 2.6 45
      vertex -2.35722 1.94737 45
    endloop
  endfacet
  facet normal 0 0 1
    outer loop
      vertex -0.0955175 117.931 45
      vertex -2.35722 118.053 45
      vertex -0.263703 117.435 45
    endloop
  endfacet
  facet normal 0 0 1
    outer loop
      vertex 5.72205e-07 5.72205e-07 45
      vertex -0.935534 -0.935534 45
      vertex -0.443808 -1.36677 45
    endloop
  endfacet
  facet normal 0 0 1
    outer loop
      vertex -2.4 117.4 45
      vertex -0.263703 117.435 45
      vertex -2.35722 118.053 45
    endloop
  endfacet
  facet normal 0 0 1
    outer loop
      vertex 5.72205e-07 5.72205e-07 45
      vertex -1.36677 -0.443808 45
      vertex -0.935534 -0.935534 45
    endloop
  endfacet
  facet normal 0 0 1
    outer loop
      vertex -0.263703 117.435 45
      vertex -2.4 117.4 45
      vertex -0.365779 116.922 45
    endloop
  endfacet
  facet normal 0 0 1
    outer loop
      vertex 5.72205e-07 5.72205e-07 45
      vertex -1.73013 0.0999994 45
      vertex -1.36677 -0.443808 45
    endloop
  endfacet
  facet normal 0 0 1
    outer loop
      vertex -0.365779 116.922 45
      vertex -2.4 117.4 45
      vertex -0.4 116.4 45
    endloop
  endfacet
  facet normal 0 0 1
    outer loop
      vertex 5.72205e-07 5.72205e-07 45
      vertex -2.0194 0.686582 45
      vertex -1.73013 0.0999994 45
    endloop
  endfacet
  facet normal 0 0 1
    outer loop
      vertex 5.72205e-07 1.87558 45
      vertex -2.22963 1.3059 45
      vertex -2.0194 0.686582 45
    endloop
  endfacet
  facet normal 0 0 1
    outer loop
      vertex -0.0955175 2.06927 45
      vertex -2.35722 1.94737 45
      vertex -2.22963 1.3059 45
    endloop
  endfacet
  facet normal 0 0 1
    outer loop
      vertex 177.23 118.694 45
      vertex 175 118.124 45
      vertex 175.096 117.931 45
    endloop
  endfacet
  facet normal -0.442288 -0.896873 0
    outer loop
      vertex 0.0999994 -1.73013 -2.4
      vertex 0.686582 -2.0194 45
      vertex 0.0999994 -1.73013 45
    endloop
  endfacet
  facet normal -0.442288 -0.896873 -0
    outer loop
      vertex 0.686582 -2.0194 45
      vertex 0.0999994 -1.73013 -2.4
      vertex 0.686582 -2.0194 -2.4
    endloop
  endfacet
  facet normal -0.752019 0.659142 0
    outer loop
      vertex -1.36677 120.444 -2.4
      vertex -0.935534 120.936 45
      vertex -0.935534 120.936 -2.4
    endloop
  endfacet
  facet normal -0.752019 0.659142 0
    outer loop
      vertex -0.935534 120.936 45
      vertex -1.36677 120.444 -2.4
      vertex -1.36677 120.444 45
    endloop
  endfacet
  facet normal -0.94688 0.321587 0
    outer loop
      vertex -2.22963 118.694 -2.4
      vertex -2.0194 119.313 45
      vertex -2.0194 119.313 -2.4
    endloop
  endfacet
  facet normal -0.94688 0.321587 0
    outer loop
      vertex -2.0194 119.313 45
      vertex -2.22963 118.694 -2.4
      vertex -2.22963 118.694 45
    endloop
  endfacet
  facet normal 0.321587 -0.94688 0
    outer loop
      vertex 173.694 -2.22963 -2.4
      vertex 174.313 -2.0194 45
      vertex 173.694 -2.22963 45
    endloop
  endfacet
  facet normal 0.321587 -0.94688 0
    outer loop
      vertex 174.313 -2.0194 45
      vertex 173.694 -2.22963 -2.4
      vertex 174.313 -2.0194 -2.4
    endloop
  endfacet
  facet normal -0.55557 -0.83147 0
    outer loop
      vertex -0.443808 -1.36677 -2.4
      vertex 0.0999994 -1.73013 45
      vertex -0.443808 -1.36677 45
    endloop
  endfacet
  facet normal -0.55557 -0.83147 -0
    outer loop
      vertex 0.0999994 -1.73013 45
      vertex -0.443808 -1.36677 -2.4
      vertex 0.0999994 -1.73013 -2.4
    endloop
  endfacet
  facet normal -0.896873 -0.442288 0
    outer loop
      vertex -1.73013 0.0999994 -2.4
      vertex -2.0194 0.686582 45
      vertex -2.0194 0.686582 -2.4
    endloop
  endfacet
  facet normal -0.896873 -0.442288 0
    outer loop
      vertex -2.0194 0.686582 45
      vertex -1.73013 0.0999994 -2.4
      vertex -1.73013 0.0999994 45
    endloop
  endfacet
  facet normal -0.980787 -0.195081 0
    outer loop
      vertex -2.22963 1.3059 -2.4
      vertex -2.35722 1.94737 45
      vertex -2.35722 1.94737 -2.4
    endloop
  endfacet
  facet normal -0.980787 -0.195081 0
    outer loop
      vertex -2.35722 1.94737 45
      vertex -2.22963 1.3059 -2.4
      vertex -2.22963 1.3059 45
    endloop
  endfacet
  facet normal -0.997858 -0.0654098 0
    outer loop
      vertex -2.35722 1.94737 -2.4
      vertex -2.4 2.6 45
      vertex -2.4 2.6 -2.4
    endloop
  endfacet
  facet normal -0.997858 -0.0654098 0
    outer loop
      vertex -2.4 2.6 45
      vertex -2.35722 1.94737 -2.4
      vertex -2.35722 1.94737 45
    endloop
  endfacet
  facet normal -0.997861 0.0653729 0
    outer loop
      vertex -2.4 117.4 -2.4
      vertex -2.35722 118.053 45
      vertex -2.35722 118.053 -2.4
    endloop
  endfacet
  facet normal -0.997861 0.0653729 0
    outer loop
      vertex -2.35722 118.053 45
      vertex -2.4 117.4 -2.4
      vertex -2.4 117.4 45
    endloop
  endfacet
  facet normal 0.0657076 0.997839 -0
    outer loop
      vertex 173.053 122.357 -2.4
      vertex 172.4 122.4 45
      vertex 173.053 122.357 45
    endloop
  endfacet
  facet normal 0.0657076 0.997839 0
    outer loop
      vertex 172.4 122.4 45
      vertex 173.053 122.357 -2.4
      vertex 172.4 122.4 -2.4
    endloop
  endfacet
  facet normal -0.441956 0.897037 0
    outer loop
      vertex 0.686582 122.019 -2.4
      vertex 0.0999994 121.73 45
      vertex 0.686582 122.019 45
    endloop
  endfacet
  facet normal -0.441956 0.897037 0
    outer loop
      vertex 0.0999994 121.73 45
      vertex 0.686582 122.019 -2.4
      vertex 0.0999994 121.73 -2.4
    endloop
  endfacet
  facet normal 0.442035 -0.896998 0
    outer loop
      vertex 174.313 -2.0194 -2.4
      vertex 174.9 -1.73013 45
      vertex 174.313 -2.0194 45
    endloop
  endfacet
  facet normal 0.442035 -0.896998 0
    outer loop
      vertex 174.9 -1.73013 45
      vertex 174.313 -2.0194 -2.4
      vertex 174.9 -1.73013 -2.4
    endloop
  endfacet
  facet normal 0.980959 -0.194213 0
    outer loop
      vertex 177.23 1.3059 45
      vertex 177.357 1.94737 -2.4
      vertex 177.357 1.94737 45
    endloop
  endfacet
  facet normal 0.980959 -0.194213 0
    outer loop
      vertex 177.357 1.94737 -2.4
      vertex 177.23 1.3059 45
      vertex 177.23 1.3059 -2.4
    endloop
  endfacet
  facet normal 0.659142 -0.752019 0
    outer loop
      vertex 175.444 -1.36677 -2.4
      vertex 175.936 -0.935534 45
      vertex 175.444 -1.36677 45
    endloop
  endfacet
  facet normal 0.659142 -0.752019 0
    outer loop
      vertex 175.936 -0.935534 45
      vertex 175.444 -1.36677 -2.4
      vertex 175.936 -0.935534 -2.4
    endloop
  endfacet
  facet normal 0.19435 0.980932 -0
    outer loop
      vertex 173.694 122.23 -2.4
      vertex 173.053 122.357 45
      vertex 173.694 122.23 45
    endloop
  endfacet
  facet normal 0.19435 0.980932 0
    outer loop
      vertex 173.053 122.357 45
      vertex 173.694 122.23 -2.4
      vertex 173.053 122.357 -2.4
    endloop
  endfacet
  facet normal 0.441703 0.897161 -0
    outer loop
      vertex 174.9 121.73 -2.4
      vertex 174.313 122.019 45
      vertex 174.9 121.73 45
    endloop
  endfacet
  facet normal 0.441703 0.897161 0
    outer loop
      vertex 174.313 122.019 45
      vertex 174.9 121.73 -2.4
      vertex 174.313 122.019 -2.4
    endloop
  endfacet
  facet normal -0.831561 0.555434 0
    outer loop
      vertex -1.73013 119.9 -2.4
      vertex -1.36677 120.444 45
      vertex -1.36677 120.444 -2.4
    endloop
  endfacet
  facet normal -0.831561 0.555434 0
    outer loop
      vertex -1.36677 120.444 45
      vertex -1.73013 119.9 -2.4
      vertex -1.73013 119.9 45
    endloop
  endfacet
  facet normal 0.752016 -0.659145 0
    outer loop
      vertex 175.936 -0.935534 45
      vertex 176.367 -0.443808 -2.4
      vertex 176.367 -0.443808 45
    endloop
  endfacet
  facet normal 0.752016 -0.659145 0
    outer loop
      vertex 176.367 -0.443808 -2.4
      vertex 175.936 -0.935534 45
      vertex 175.936 -0.935534 -2.4
    endloop
  endfacet
  facet normal 0.555434 -0.831561 0
    outer loop
      vertex 174.9 -1.73013 -2.4
      vertex 175.444 -1.36677 45
      vertex 174.9 -1.73013 45
    endloop
  endfacet
  facet normal 0.555434 -0.831561 0
    outer loop
      vertex 175.444 -1.36677 45
      vertex 174.9 -1.73013 -2.4
      vertex 175.444 -1.36677 -2.4
    endloop
  endfacet
  facet normal 0.322643 0.946521 -0
    outer loop
      vertex 174.313 122.019 -2.4
      vertex 173.694 122.23 45
      vertex 174.313 122.019 45
    endloop
  endfacet
  facet normal 0.322643 0.946521 0
    outer loop
      vertex 173.694 122.23 45
      vertex 174.313 122.019 -2.4
      vertex 173.694 122.23 -2.4
    endloop
  endfacet
  facet normal -0.321439 -0.94693 0
    outer loop
      vertex 0.686582 -2.0194 -2.4
      vertex 1.3059 -2.22963 45
      vertex 0.686582 -2.0194 45
    endloop
  endfacet
  facet normal -0.321439 -0.94693 -0
    outer loop
      vertex 1.3059 -2.22963 45
      vertex 0.686582 -2.0194 -2.4
      vertex 1.3059 -2.22963 -2.4
    endloop
  endfacet
  facet normal 0.946571 -0.322494 0
    outer loop
      vertex 177.019 0.686582 45
      vertex 177.23 1.3059 -2.4
      vertex 177.23 1.3059 45
    endloop
  endfacet
  facet normal 0.946571 -0.322494 0
    outer loop
      vertex 177.23 1.3059 -2.4
      vertex 177.019 0.686582 45
      vertex 177.019 0.686582 -2.4
    endloop
  endfacet
  facet normal -0.94693 -0.321439 0
    outer loop
      vertex -2.0194 0.686582 -2.4
      vertex -2.22963 1.3059 45
      vertex -2.22963 1.3059 -2.4
    endloop
  endfacet
  facet normal -0.94693 -0.321439 0
    outer loop
      vertex -2.22963 1.3059 45
      vertex -2.0194 0.686582 -2.4
      vertex -2.0194 0.686582 45
    endloop
  endfacet
  facet normal 0.756363 0.654152 0
    outer loop
      vertex 175.936 120.936 45
      vertex 176 120.862 5
      vertex 175.936 120.936 5
    endloop
  endfacet
  facet normal 0.751462 0.659776 -0
    outer loop
      vertex 176.367 120.444 -2.4
      vertex 176 120.862 5
      vertex 176.367 120.444 45
    endloop
  endfacet
  facet normal 0.752198 0.658937 -1.55179e-05
    outer loop
      vertex 176.367 120.444 45
      vertex 176 120.862 5
      vertex 175.936 120.936 45
    endloop
  endfacet
  facet normal 0.756363 0.654152 0
    outer loop
      vertex 176 120.862 0
      vertex 175.936 120.936 -2.4
      vertex 175.936 120.936 0
    endloop
  endfacet
  facet normal 0.752198 0.658937 0.000258632
    outer loop
      vertex 176 120.862 0
      vertex 176.367 120.444 -2.4
      vertex 175.936 120.936 -2.4
    endloop
  endfacet
  facet normal 0.751462 0.659776 0
    outer loop
      vertex 176 120.862 5
      vertex 176.367 120.444 -2.4
      vertex 176 120.862 0
    endloop
  endfacet
  facet normal -0.322494 0.946571 0
    outer loop
      vertex 1.3059 122.23 -2.4
      vertex 0.686582 122.019 45
      vertex 1.3059 122.23 45
    endloop
  endfacet
  facet normal -0.322494 0.946571 0
    outer loop
      vertex 0.686582 122.019 45
      vertex 1.3059 122.23 -2.4
      vertex 0.686582 122.019 -2.4
    endloop
  endfacet
  facet normal -0.195081 -0.980787 0
    outer loop
      vertex 1.3059 -2.22963 -2.4
      vertex 1.94737 -2.35722 45
      vertex 1.3059 -2.22963 45
    endloop
  endfacet
  facet normal -0.195081 -0.980787 -0
    outer loop
      vertex 1.94737 -2.35722 45
      vertex 1.3059 -2.22963 -2.4
      vertex 1.94737 -2.35722 -2.4
    endloop
  endfacet
  facet normal 0.831815 0.555053 0
    outer loop
      vertex 176.73 119.9 45
      vertex 176.367 120.444 -2.4
      vertex 176.367 120.444 45
    endloop
  endfacet
  facet normal 0.831815 0.555053 0
    outer loop
      vertex 176.367 120.444 -2.4
      vertex 176.73 119.9 45
      vertex 176.73 119.9 -2.4
    endloop
  endfacet
  facet normal 0 0 -1
    outer loop
      vertex 172.4 -2.4 -2.4
      vertex 177.4 2.6 -2.4
      vertex 177.357 1.94737 -2.4
    endloop
  endfacet
  facet normal -0 0 -1
    outer loop
      vertex 177.4 2.6 -2.4
      vertex 172.4 -2.4 -2.4
      vertex 177.4 117.4 -2.4
    endloop
  endfacet
  facet normal 0 0 -1
    outer loop
      vertex 172.4 -2.4 -2.4
      vertex 177.357 1.94737 -2.4
      vertex 177.23 1.3059 -2.4
    endloop
  endfacet
  facet normal 0 0 -1
    outer loop
      vertex 172.4 122.4 -2.4
      vertex 177.4 117.4 -2.4
      vertex 172.4 -2.4 -2.4
    endloop
  endfacet
  facet normal 0 0 -1
    outer loop
      vertex 172.4 -2.4 -2.4
      vertex 177.23 1.3059 -2.4
      vertex 177.019 0.686582 -2.4
    endloop
  endfacet
  facet normal 0 0 -1
    outer loop
      vertex 177.4 117.4 -2.4
      vertex 172.4 122.4 -2.4
      vertex 177.357 118.053 -2.4
    endloop
  endfacet
  facet normal 0 0 -1
    outer loop
      vertex 172.4 -2.4 -2.4
      vertex 177.019 0.686582 -2.4
      vertex 176.73 0.0999994 -2.4
    endloop
  endfacet
  facet normal 0 0 -1
    outer loop
      vertex 177.357 118.053 -2.4
      vertex 172.4 122.4 -2.4
      vertex 177.23 118.694 -2.4
    endloop
  endfacet
  facet normal 0 0 -1
    outer loop
      vertex 172.4 -2.4 -2.4
      vertex 176.73 0.0999994 -2.4
      vertex 176.367 -0.443808 -2.4
    endloop
  endfacet
  facet normal 0 0 -1
    outer loop
      vertex 177.23 118.694 -2.4
      vertex 172.4 122.4 -2.4
      vertex 177.019 119.313 -2.4
    endloop
  endfacet
  facet normal 0 0 -1
    outer loop
      vertex 172.4 -2.4 -2.4
      vertex 176.367 -0.443808 -2.4
      vertex 175.936 -0.935534 -2.4
    endloop
  endfacet
  facet normal 0 0 -1
    outer loop
      vertex 177.019 119.313 -2.4
      vertex 172.4 122.4 -2.4
      vertex 176.73 119.9 -2.4
    endloop
  endfacet
  facet normal 0 0 -1
    outer loop
      vertex 172.4 -2.4 -2.4
      vertex 175.936 -0.935534 -2.4
      vertex 175.444 -1.36677 -2.4
    endloop
  endfacet
  facet normal 0 0 -1
    outer loop
      vertex 176.73 119.9 -2.4
      vertex 172.4 122.4 -2.4
      vertex 176.367 120.444 -2.4
    endloop
  endfacet
  facet normal 0 0 -1
    outer loop
      vertex 172.4 -2.4 -2.4
      vertex 175.444 -1.36677 -2.4
      vertex 174.9 -1.73013 -2.4
    endloop
  endfacet
  facet normal 0 0 -1
    outer loop
      vertex 176.367 120.444 -2.4
      vertex 172.4 122.4 -2.4
      vertex 175.936 120.936 -2.4
    endloop
  endfacet
  facet normal 0 0 -1
    outer loop
      vertex 172.4 -2.4 -2.4
      vertex 174.9 -1.73013 -2.4
      vertex 174.313 -2.0194 -2.4
    endloop
  endfacet
  facet normal 0 0 -1
    outer loop
      vertex 175.936 120.936 -2.4
      vertex 172.4 122.4 -2.4
      vertex 175.444 121.367 -2.4
    endloop
  endfacet
  facet normal 0 0 -1
    outer loop
      vertex 172.4 -2.4 -2.4
      vertex 174.313 -2.0194 -2.4
      vertex 173.694 -2.22963 -2.4
    endloop
  endfacet
  facet normal 0 0 -1
    outer loop
      vertex 175.444 121.367 -2.4
      vertex 172.4 122.4 -2.4
      vertex 174.9 121.73 -2.4
    endloop
  endfacet
  facet normal 0 0 -1
    outer loop
      vertex 172.4 -2.4 -2.4
      vertex 173.694 -2.22963 -2.4
      vertex 173.053 -2.35722 -2.4
    endloop
  endfacet
  facet normal 0 0 -1
    outer loop
      vertex 174.9 121.73 -2.4
      vertex 172.4 122.4 -2.4
      vertex 174.313 122.019 -2.4
    endloop
  endfacet
  facet normal 0 0 -1
    outer loop
      vertex 174.313 122.019 -2.4
      vertex 172.4 122.4 -2.4
      vertex 173.694 122.23 -2.4
    endloop
  endfacet
  facet normal 0 0 -1
    outer loop
      vertex 173.694 122.23 -2.4
      vertex 172.4 122.4 -2.4
      vertex 173.053 122.357 -2.4
    endloop
  endfacet
  facet normal 0 0 -1
    outer loop
      vertex 2.6 -2.4 -2.4
      vertex 172.4 122.4 -2.4
      vertex 172.4 -2.4 -2.4
    endloop
  endfacet
  facet normal 0 0 -1
    outer loop
      vertex 2.6 -2.4 -2.4
      vertex 2.6 122.4 -2.4
      vertex 172.4 122.4 -2.4
    endloop
  endfacet
  facet normal 0 0 -1
    outer loop
      vertex -2.4 2.6 -2.4
      vertex 2.6 -2.4 -2.4
      vertex 1.94737 -2.35722 -2.4
    endloop
  endfacet
  facet normal 0 0 -1
    outer loop
      vertex 2.6 -2.4 -2.4
      vertex -2.4 2.6 -2.4
      vertex 2.6 122.4 -2.4
    endloop
  endfacet
  facet normal 0 0 -1
    outer loop
      vertex -2.4 2.6 -2.4
      vertex 1.94737 -2.35722 -2.4
      vertex 1.3059 -2.22963 -2.4
    endloop
  endfacet
  facet normal 0 0 -1
    outer loop
      vertex -2.4 117.4 -2.4
      vertex 2.6 122.4 -2.4
      vertex -2.4 2.6 -2.4
    endloop
  endfacet
  facet normal 0 0 -1
    outer loop
      vertex -2.4 2.6 -2.4
      vertex 1.3059 -2.22963 -2.4
      vertex 0.686582 -2.0194 -2.4
    endloop
  endfacet
  facet normal 0 0 -1
    outer loop
      vertex 2.6 122.4 -2.4
      vertex -2.4 117.4 -2.4
      vertex 1.94737 122.357 -2.4
    endloop
  endfacet
  facet normal 0 0 -1
    outer loop
      vertex -2.4 2.6 -2.4
      vertex 0.686582 -2.0194 -2.4
      vertex 0.0999994 -1.73013 -2.4
    endloop
  endfacet
  facet normal 0 0 -1
    outer loop
      vertex 1.94737 122.357 -2.4
      vertex -2.4 117.4 -2.4
      vertex 1.3059 122.23 -2.4
    endloop
  endfacet
  facet normal 0 0 -1
    outer loop
      vertex -2.4 2.6 -2.4
      vertex 0.0999994 -1.73013 -2.4
      vertex -0.443808 -1.36677 -2.4
    endloop
  endfacet
  facet normal 0 0 -1
    outer loop
      vertex 1.3059 122.23 -2.4
      vertex -2.4 117.4 -2.4
      vertex 0.686582 122.019 -2.4
    endloop
  endfacet
  facet normal 0 0 -1
    outer loop
      vertex -2.4 2.6 -2.4
      vertex -0.443808 -1.36677 -2.4
      vertex -0.935534 -0.935534 -2.4
    endloop
  endfacet
  facet normal 0 0 -1
    outer loop
      vertex 0.686582 122.019 -2.4
      vertex -2.4 117.4 -2.4
      vertex 0.0999994 121.73 -2.4
    endloop
  endfacet
  facet normal 0 0 -1
    outer loop
      vertex -2.4 2.6 -2.4
      vertex -0.935534 -0.935534 -2.4
      vertex -1.36677 -0.443808 -2.4
    endloop
  endfacet
  facet normal 0 0 -1
    outer loop
      vertex 0.0999994 121.73 -2.4
      vertex -2.4 117.4 -2.4
      vertex -0.443808 121.367 -2.4
    endloop
  endfacet
  facet normal 0 0 -1
    outer loop
      vertex -2.4 2.6 -2.4
      vertex -1.36677 -0.443808 -2.4
      vertex -1.73013 0.0999994 -2.4
    endloop
  endfacet
  facet normal 0 0 -1
    outer loop
      vertex -0.443808 121.367 -2.4
      vertex -2.4 117.4 -2.4
      vertex -0.935534 120.936 -2.4
    endloop
  endfacet
  facet normal 0 0 -1
    outer loop
      vertex -2.4 2.6 -2.4
      vertex -1.73013 0.0999994 -2.4
      vertex -2.0194 0.686582 -2.4
    endloop
  endfacet
  facet normal 0 0 -1
    outer loop
      vertex -0.935534 120.936 -2.4
      vertex -2.4 117.4 -2.4
      vertex -1.36677 120.444 -2.4
    endloop
  endfacet
  facet normal 0 0 -1
    outer loop
      vertex -2.4 2.6 -2.4
      vertex -2.0194 0.686582 -2.4
      vertex -2.22963 1.3059 -2.4
    endloop
  endfacet
  facet normal 0 0 -1
    outer loop
      vertex -1.36677 120.444 -2.4
      vertex -2.4 117.4 -2.4
      vertex -1.73013 119.9 -2.4
    endloop
  endfacet
  facet normal 0 0 -1
    outer loop
      vertex -2.4 2.6 -2.4
      vertex -2.22963 1.3059 -2.4
      vertex -2.35722 1.94737 -2.4
    endloop
  endfacet
  facet normal 0 0 -1
    outer loop
      vertex -1.73013 119.9 -2.4
      vertex -2.4 117.4 -2.4
      vertex -2.0194 119.313 -2.4
    endloop
  endfacet
  facet normal 0 0 -1
    outer loop
      vertex -2.0194 119.313 -2.4
      vertex -2.4 117.4 -2.4
      vertex -2.22963 118.694 -2.4
    endloop
  endfacet
  facet normal 0 0 -1
    outer loop
      vertex -2.22963 118.694 -2.4
      vertex -2.4 117.4 -2.4
      vertex -2.35722 118.053 -2.4
    endloop
  endfacet
  facet normal 0 -1 0
    outer loop
      vertex 129 120 1.5
      vertex 141 120 5
      vertex 129 120 5
    endloop
  endfacet
  facet normal 0 -1 -0
    outer loop
      vertex 141 120 5
      vertex 129 120 1.5
      vertex 141 120 1.5
    endloop
  endfacet
  facet normal 0 -1 0
    outer loop
      vertex 34 120 22
      vertex 5.32442 120 45
      vertex 10 120 22
    endloop
  endfacet
  facet normal 0 -1 0
    outer loop
      vertex 5.32442 120 0
      vertex 10 120 22
      vertex 5.32442 120 45
    endloop
  endfacet
  facet normal 0 -1 0
    outer loop
      vertex 5.32442 120 0
      vertex 34 120 14
      vertex 10 120 14
    endloop
  endfacet
  facet normal 0 -1 -0
    outer loop
      vertex 10 120 22
      vertex 5.32442 120 0
      vertex 10 120 14
    endloop
  endfacet
  facet normal 0 -1 -0
    outer loop
      vertex 34 120 14
      vertex 5.32442 120 0
      vertex 94 120 0
    endloop
  endfacet
  facet normal 0 -1 0
    outer loop
      vertex 34 120 14
      vertex 94 120 0
      vertex 94 120 5
    endloop
  endfacet
  facet normal 0 -1 0
    outer loop
      vertex 5.32442 120 45
      vertex 34 120 22
      vertex 169.676 120 45
    endloop
  endfacet
  facet normal 0 -1 0
    outer loop
      vertex 94 120 5
      vertex 34 120 22
      vertex 34 120 14
    endloop
  endfacet
  facet normal 0 -1 0
    outer loop
      vertex 34 120 22
      vertex 94 120 5
      vertex 169.676 120 45
    endloop
  endfacet
  facet normal 0 -1 0
    outer loop
      vertex 129 120 5
      vertex 169.676 120 45
      vertex 94 120 5
    endloop
  endfacet
  facet normal 0 -1 0
    outer loop
      vertex 141 120 5
      vertex 169.676 120 45
      vertex 129 120 5
    endloop
  endfacet
  facet normal 0 -1 -0
    outer loop
      vertex 169.676 120 45
      vertex 141 120 5
      vertex 169.676 120 5
    endloop
  endfacet
  facet normal 0 1 -0
    outer loop
      vertex 169.676 0 0
      vertex 5.32442 0 45
      vertex 169.676 0 45
    endloop
  endfacet
  facet normal 0 1 0
    outer loop
      vertex 5.32442 0 45
      vertex 169.676 0 0
      vertex 5.32442 0 0
    endloop
  endfacet
  facet normal -1 0 0
    outer loop
      vertex 175 62 0
      vertex 175 39.4 12.5
      vertex 175 62 4.5
    endloop
  endfacet
  facet normal -1 -0 0
    outer loop
      vertex 175 39.4 12.5
      vertex 175 5.32442 0
      vertex 175 39.4 31.5
    endloop
  endfacet
  facet normal -1 0 0
    outer loop
      vertex 175 5.32442 0
      vertex 175 39.4 12.5
      vertex 175 62 0
    endloop
  endfacet
  facet normal -1 0 0
    outer loop
      vertex 175 64 4.5
      vertex 175 68.75 8.7
      vertex 175 68.75 2
    endloop
  endfacet
  facet normal -1 0 0
    outer loop
      vertex 175 64 4.5
      vertex 175 68.75 2
      vertex 175 64 2
    endloop
  endfacet
  facet normal -1 -0 0
    outer loop
      vertex 175 68.75 8.7
      vertex 175 64 4.5
      vertex 175 64.6 12.5
    endloop
  endfacet
  facet normal -1 0 0
    outer loop
      vertex 175 62 4.5
      vertex 175 64.6 12.5
      vertex 175 64 4.5
    endloop
  endfacet
  facet normal -1 -0 0
    outer loop
      vertex 175 64.6 12.5
      vertex 175 62 4.5
      vertex 175 39.4 12.5
    endloop
  endfacet
  facet normal -1 0 0
    outer loop
      vertex 175 85.5 2
      vertex 175 80.75 2
      vertex 175 85.5 4.5
    endloop
  endfacet
  facet normal -1 0 0
    outer loop
      vertex 175 87.5 4.5
      vertex 175 96 0
      vertex 175 87.5 0
    endloop
  endfacet
  facet normal -1 0 0
    outer loop
      vertex 175 96 5
      vertex 175 114.676 45
      vertex 175 114.676 5
    endloop
  endfacet
  facet normal -1 0 0
    outer loop
      vertex 175 96 0
      vertex 175 87.5 4.5
      vertex 175 96 5
    endloop
  endfacet
  facet normal -1 0 0
    outer loop
      vertex 175 80.75 8.7
      vertex 175 96 5
      vertex 175 87.5 4.5
    endloop
  endfacet
  facet normal -1 0 0
    outer loop
      vertex 175 80.75 8.7
      vertex 175 87.5 4.5
      vertex 175 85.5 4.5
    endloop
  endfacet
  facet normal -1 0 0
    outer loop
      vertex 175 80.75 8.7
      vertex 175 85.5 4.5
      vertex 175 80.75 2
    endloop
  endfacet
  facet normal -1 0 0
    outer loop
      vertex 175 96 5
      vertex 175 80.75 8.7
      vertex 175 114.676 45
    endloop
  endfacet
  facet normal -1 0 0
    outer loop
      vertex 175 64.6 12.5
      vertex 175 80.75 8.7
      vertex 175 68.75 8.7
    endloop
  endfacet
  facet normal -1 0 0
    outer loop
      vertex 175 80.75 8.7
      vertex 175 64.6 12.5
      vertex 175 64.6 31.5
    endloop
  endfacet
  facet normal -1 0 0
    outer loop
      vertex 175 80.75 8.7
      vertex 175 64.6 31.5
      vertex 175 114.676 45
    endloop
  endfacet
  facet normal -1 0 0
    outer loop
      vertex 175 5.32442 45
      vertex 175 64.6 31.5
      vertex 175 39.4 31.5
    endloop
  endfacet
  facet normal -1 0 0
    outer loop
      vertex 175 64.6 31.5
      vertex 175 5.32442 45
      vertex 175 114.676 45
    endloop
  endfacet
  facet normal -1 0 0
    outer loop
      vertex 175 5.32442 45
      vertex 175 39.4 31.5
      vertex 175 5.32442 0
    endloop
  endfacet
  facet normal 1 -0 0
    outer loop
      vertex 0 5.32442 45
      vertex 0 114.676 0
      vertex 0 114.676 45
    endloop
  endfacet
  facet normal 1 0 0
    outer loop
      vertex 0 114.676 0
      vertex 0 5.32442 45
      vertex 0 5.32442 0
    endloop
  endfacet
  facet normal 0 0 -1
    outer loop
      vertex 175.936 120.936 0
      vertex 176 121 0
      vertex 176 120.862 0
    endloop
  endfacet
  facet normal -0 0 -1
    outer loop
      vertex 176 121 0
      vertex 175.936 120.936 0
      vertex 175.862 121 0
    endloop
  endfacet
  facet normal 0 0 1
    outer loop
      vertex 94 96 0
      vertex 5.98338 52.5219 0
      vertex 88.0166 52.5219 0
    endloop
  endfacet
  facet normal 0 0 1
    outer loop
      vertex 6.47861 50.6737 0
      vertex 87.5214 51.3263 0
      vertex 6.5 51 0
    endloop
  endfacet
  facet normal 0 0 1
    outer loop
      vertex 88.0166 52.5219 0
      vertex 5.98338 52.5219 0
      vertex 87.8349 52.25 0
    endloop
  endfacet
  facet normal 0 0 1
    outer loop
      vertex 87.5214 51.3263 0
      vertex 7.56578 4.1221 0
      vertex 7.6 3.6 0
    endloop
  endfacet
  facet normal 0 -0 1
    outer loop
      vertex 6.16506 52.25 0
      vertex 87.8349 52.25 0
      vertex 5.98338 52.5219 0
    endloop
  endfacet
  facet normal 0 0 1
    outer loop
      vertex 6.41481 50.353 0
      vertex 87.5214 51.3263 0
      vertex 6.47861 50.6737 0
    endloop
  endfacet
  facet normal 0 0 1
    outer loop
      vertex 87.8349 52.25 0
      vertex 6.16506 52.25 0
      vertex 87.6903 51.9567 0
    endloop
  endfacet
  facet normal 0 0 1
    outer loop
      vertex 87.5214 51.3263 0
      vertex 7.4637 4.63528 0
      vertex 7.56578 4.1221 0
    endloop
  endfacet
  facet normal 0 -0 1
    outer loop
      vertex 6.3097 51.9567 0
      vertex 87.6903 51.9567 0
      vertex 6.16506 52.25 0
    endloop
  endfacet
  facet normal 0 0 1
    outer loop
      vertex 6.3097 50.0433 0
      vertex 87.5214 51.3263 0
      vertex 6.41481 50.353 0
    endloop
  endfacet
  facet normal 0 0 1
    outer loop
      vertex 87.5214 51.3263 0
      vertex 7.29552 5.13073 0
      vertex 7.4637 4.63528 0
    endloop
  endfacet
  facet normal 0 0 1
    outer loop
      vertex 87.5214 51.3263 0
      vertex 6.47861 51.3263 0
      vertex 6.5 51 0
    endloop
  endfacet
  facet normal 0 0 1
    outer loop
      vertex 5.98338 52.5219 0
      vertex 6.77341 113.965 0
      vertex 6.42843 113.572 0
    endloop
  endfacet
  facet normal 0 0 1
    outer loop
      vertex 87.5214 51.3263 0
      vertex 6.41481 51.647 0
      vertex 6.47861 51.3263 0
    endloop
  endfacet
  facet normal 0 0 1
    outer loop
      vertex 87.5852 51.647 0
      vertex 6.41481 51.647 0
      vertex 87.5214 51.3263 0
    endloop
  endfacet
  facet normal 0 -0 1
    outer loop
      vertex 6.41481 51.647 0
      vertex 87.5852 51.647 0
      vertex 6.3097 51.9567 0
    endloop
  endfacet
  facet normal 0 0 1
    outer loop
      vertex 5.76777 52.7678 0
      vertex 6.42843 113.572 0
      vertex 6.03505 113.227 0
    endloop
  endfacet
  facet normal 0 0 1
    outer loop
      vertex 87.6903 51.9567 0
      vertex 6.3097 51.9567 0
      vertex 87.5852 51.647 0
    endloop
  endfacet
  facet normal 0 0 1
    outer loop
      vertex 6.42843 113.572 0
      vertex 5.76777 52.7678 0
      vertex 5.98338 52.5219 0
    endloop
  endfacet
  facet normal 0 0 1
    outer loop
      vertex 5.5219 52.9834 0
      vertex 6.03505 113.227 0
      vertex 5.6 112.936 0
    endloop
  endfacet
  facet normal 0 0 1
    outer loop
      vertex 6.03505 113.227 0
      vertex 5.5219 52.9834 0
      vertex 5.76777 52.7678 0
    endloop
  endfacet
  facet normal 0 0 1
    outer loop
      vertex 5.6 112.936 0
      vertex 5.25 53.1651 0
      vertex 5.5219 52.9834 0
    endloop
  endfacet
  facet normal -0 0 1
    outer loop
      vertex 5.13073 112.704 0
      vertex 5.25 53.1651 0
      vertex 5.6 112.936 0
    endloop
  endfacet
  facet normal 0 0 1
    outer loop
      vertex 5.13073 112.704 0
      vertex 4.95671 53.3097 0
      vertex 5.25 53.1651 0
    endloop
  endfacet
  facet normal 0 0 1
    outer loop
      vertex 5.13073 112.704 0
      vertex 4.64705 53.4148 0
      vertex 4.95671 53.3097 0
    endloop
  endfacet
  facet normal -0 0 1
    outer loop
      vertex 4.63528 112.536 0
      vertex 4.64705 53.4148 0
      vertex 5.13073 112.704 0
    endloop
  endfacet
  facet normal 0 0 1
    outer loop
      vertex 4.63528 112.536 0
      vertex 4.32631 53.4786 0
      vertex 4.64705 53.4148 0
    endloop
  endfacet
  facet normal -0 0 1
    outer loop
      vertex 4.1221 112.434 0
      vertex 4.32631 53.4786 0
      vertex 4.63528 112.536 0
    endloop
  endfacet
  facet normal 0 0 1
    outer loop
      vertex 4.1221 112.434 0
      vertex 4 53.5 0
      vertex 4.32631 53.4786 0
    endloop
  endfacet
  facet normal -0 0 1
    outer loop
      vertex 3.6 112.4 0
      vertex 4 53.5 0
      vertex 4.1221 112.434 0
    endloop
  endfacet
  facet normal 0 0 1
    outer loop
      vertex 4 53.5 0
      vertex 3.6 112.4 0
      vertex 3.67369 53.4786 0
    endloop
  endfacet
  facet normal 0 0 1
    outer loop
      vertex 3.0779 112.434 0
      vertex 3.67369 53.4786 0
      vertex 3.6 112.4 0
    endloop
  endfacet
  facet normal 0 0 1
    outer loop
      vertex 3.67369 53.4786 0
      vertex 3.0779 112.434 0
      vertex 3.35295 53.4148 0
    endloop
  endfacet
  facet normal 0 0 1
    outer loop
      vertex 2.56472 112.536 0
      vertex 3.35295 53.4148 0
      vertex 3.0779 112.434 0
    endloop
  endfacet
  facet normal 0 0 1
    outer loop
      vertex 3.35295 53.4148 0
      vertex 2.56472 112.536 0
      vertex 3.04329 53.3097 0
    endloop
  endfacet
  facet normal 0 0 1
    outer loop
      vertex 2.06927 112.704 0
      vertex 3.04329 53.3097 0
      vertex 2.56472 112.536 0
    endloop
  endfacet
  facet normal 0 0 1
    outer loop
      vertex 3.04329 53.3097 0
      vertex 2.06927 112.704 0
      vertex 2.75 53.1651 0
    endloop
  endfacet
  facet normal 0 0 1
    outer loop
      vertex 1.6 112.936 0
      vertex 2.75 53.1651 0
      vertex 2.06927 112.704 0
    endloop
  endfacet
  facet normal 0 0 1
    outer loop
      vertex 2.75 53.1651 0
      vertex 1.6 112.936 0
      vertex 2.4781 52.9834 0
    endloop
  endfacet
  facet normal 0 0 1
    outer loop
      vertex 1.16495 113.227 0
      vertex 2.4781 52.9834 0
      vertex 1.6 112.936 0
    endloop
  endfacet
  facet normal 0 0 1
    outer loop
      vertex 2.4781 52.9834 0
      vertex 1.16495 113.227 0
      vertex 2.23223 52.7678 0
    endloop
  endfacet
  facet normal 0 0 1
    outer loop
      vertex 0.771574 113.572 0
      vertex 2.23223 52.7678 0
      vertex 1.16495 113.227 0
    endloop
  endfacet
  facet normal 0 0 1
    outer loop
      vertex 2.23223 52.7678 0
      vertex 0.771574 113.572 0
      vertex 2.01662 52.5219 0
    endloop
  endfacet
  facet normal 0 0 1
    outer loop
      vertex 0.426587 113.965 0
      vertex 2.01662 52.5219 0
      vertex 0.771574 113.572 0
    endloop
  endfacet
  facet normal 0 0 1
    outer loop
      vertex 2.01662 52.5219 0
      vertex 0.426587 113.965 0
      vertex 1.83494 52.25 0
    endloop
  endfacet
  facet normal 0 0 1
    outer loop
      vertex 0.135899 114.4 0
      vertex 1.83494 52.25 0
      vertex 0.426587 113.965 0
    endloop
  endfacet
  facet normal 0 0 1
    outer loop
      vertex 1.83494 52.25 0
      vertex 0.135899 114.4 0
      vertex 1.6903 51.9567 0
    endloop
  endfacet
  facet normal 0 0 1
    outer loop
      vertex 94 120 0
      vertex 92.4148 116.353 0
      vertex 94 96 0
    endloop
  endfacet
  facet normal 0 0 1
    outer loop
      vertex 94 96 0
      vertex 92.4786 51.3263 0
      vertex 92.5 51 0
    endloop
  endfacet
  facet normal -0 0 1
    outer loop
      vertex 92.3097 116.043 0
      vertex 94 96 0
      vertex 92.4148 116.353 0
    endloop
  endfacet
  facet normal 0 0 1
    outer loop
      vertex 94 96 0
      vertex 92.4148 51.647 0
      vertex 92.4786 51.3263 0
    endloop
  endfacet
  facet normal -0 0 1
    outer loop
      vertex 92.1651 115.75 0
      vertex 94 96 0
      vertex 92.3097 116.043 0
    endloop
  endfacet
  facet normal 0 0 1
    outer loop
      vertex 94 96 0
      vertex 92.3097 51.9567 0
      vertex 92.4148 51.647 0
    endloop
  endfacet
  facet normal -0 0 1
    outer loop
      vertex 91.9834 115.478 0
      vertex 94 96 0
      vertex 92.1651 115.75 0
    endloop
  endfacet
  facet normal 0 0 1
    outer loop
      vertex 94 96 0
      vertex 92.1651 52.25 0
      vertex 92.3097 51.9567 0
    endloop
  endfacet
  facet normal -0 0 1
    outer loop
      vertex 91.7678 115.232 0
      vertex 94 96 0
      vertex 91.9834 115.478 0
    endloop
  endfacet
  facet normal 0 0 1
    outer loop
      vertex 94 96 0
      vertex 91.9834 52.5219 0
      vertex 92.1651 52.25 0
    endloop
  endfacet
  facet normal -0 0 1
    outer loop
      vertex 91.5219 115.017 0
      vertex 94 96 0
      vertex 91.7678 115.232 0
    endloop
  endfacet
  facet normal 0 0 1
    outer loop
      vertex 94 96 0
      vertex 91.7678 52.7678 0
      vertex 91.9834 52.5219 0
    endloop
  endfacet
  facet normal -0 0 1
    outer loop
      vertex 91.25 114.835 0
      vertex 94 96 0
      vertex 91.5219 115.017 0
    endloop
  endfacet
  facet normal 0 0 1
    outer loop
      vertex 94 96 0
      vertex 91.5219 52.9834 0
      vertex 91.7678 52.7678 0
    endloop
  endfacet
  facet normal -0 0 1
    outer loop
      vertex 90.9567 114.69 0
      vertex 94 96 0
      vertex 91.25 114.835 0
    endloop
  endfacet
  facet normal 0 0 1
    outer loop
      vertex 94 96 0
      vertex 91.25 53.1651 0
      vertex 91.5219 52.9834 0
    endloop
  endfacet
  facet normal -0 0 1
    outer loop
      vertex 90.647 114.585 0
      vertex 94 96 0
      vertex 90.9567 114.69 0
    endloop
  endfacet
  facet normal 0 0 1
    outer loop
      vertex 94 96 0
      vertex 90.9567 53.3097 0
      vertex 91.25 53.1651 0
    endloop
  endfacet
  facet normal -0 0 1
    outer loop
      vertex 90.3263 114.521 0
      vertex 94 96 0
      vertex 90.647 114.585 0
    endloop
  endfacet
  facet normal 0 0 1
    outer loop
      vertex 94 96 0
      vertex 90.647 53.4148 0
      vertex 90.9567 53.3097 0
    endloop
  endfacet
  facet normal -0 0 1
    outer loop
      vertex 90 114.5 0
      vertex 94 96 0
      vertex 90.3263 114.521 0
    endloop
  endfacet
  facet normal 0 0 1
    outer loop
      vertex 94 96 0
      vertex 90.3263 53.4786 0
      vertex 90.647 53.4148 0
    endloop
  endfacet
  facet normal 0 0 1
    outer loop
      vertex 89.6737 114.521 0
      vertex 94 96 0
      vertex 90 114.5 0
    endloop
  endfacet
  facet normal 0 0 1
    outer loop
      vertex 94 96 0
      vertex 90 53.5 0
      vertex 90.3263 53.4786 0
    endloop
  endfacet
  facet normal 0 0 1
    outer loop
      vertex 89.353 114.585 0
      vertex 94 96 0
      vertex 89.6737 114.521 0
    endloop
  endfacet
  facet normal 0 0 1
    outer loop
      vertex 94 96 0
      vertex 89.6737 53.4786 0
      vertex 90 53.5 0
    endloop
  endfacet
  facet normal 0 0 1
    outer loop
      vertex 89.0433 114.69 0
      vertex 94 96 0
      vertex 89.353 114.585 0
    endloop
  endfacet
  facet normal 0 0 1
    outer loop
      vertex 94 96 0
      vertex 89.353 53.4148 0
      vertex 89.6737 53.4786 0
    endloop
  endfacet
  facet normal 0 0 1
    outer loop
      vertex 88.75 114.835 0
      vertex 94 96 0
      vertex 89.0433 114.69 0
    endloop
  endfacet
  facet normal 0 0 1
    outer loop
      vertex 94 96 0
      vertex 89.0433 53.3097 0
      vertex 89.353 53.4148 0
    endloop
  endfacet
  facet normal 0 0 1
    outer loop
      vertex 88.4781 115.017 0
      vertex 94 96 0
      vertex 88.75 114.835 0
    endloop
  endfacet
  facet normal 0 0 1
    outer loop
      vertex 94 96 0
      vertex 88.75 53.1651 0
      vertex 89.0433 53.3097 0
    endloop
  endfacet
  facet normal 0 0 1
    outer loop
      vertex 88.2322 115.232 0
      vertex 94 96 0
      vertex 88.4781 115.017 0
    endloop
  endfacet
  facet normal 0 0 1
    outer loop
      vertex 94 96 0
      vertex 88.4781 52.9834 0
      vertex 88.75 53.1651 0
    endloop
  endfacet
  facet normal 0 0 1
    outer loop
      vertex 88.0166 115.478 0
      vertex 94 96 0
      vertex 88.2322 115.232 0
    endloop
  endfacet
  facet normal 0 0 1
    outer loop
      vertex 94 96 0
      vertex 88.2322 52.7678 0
      vertex 88.4781 52.9834 0
    endloop
  endfacet
  facet normal 0 0 1
    outer loop
      vertex 87.8349 115.75 0
      vertex 94 96 0
      vertex 88.0166 115.478 0
    endloop
  endfacet
  facet normal 0 0 1
    outer loop
      vertex 94 96 0
      vertex 88.0166 52.5219 0
      vertex 88.2322 52.7678 0
    endloop
  endfacet
  facet normal 0 0 1
    outer loop
      vertex 87.5852 116.353 0
      vertex 7.4637 115.365 0
      vertex 87.6903 116.043 0
    endloop
  endfacet
  facet normal 0 0 1
    outer loop
      vertex 7.29552 114.869 0
      vertex 87.6903 116.043 0
      vertex 7.4637 115.365 0
    endloop
  endfacet
  facet normal 0 0 1
    outer loop
      vertex 7.4637 115.365 0
      vertex 87.5852 116.353 0
      vertex 7.56578 115.878 0
    endloop
  endfacet
  facet normal 0 0 1
    outer loop
      vertex 87.6903 116.043 0
      vertex 7.29552 114.869 0
      vertex 87.8349 115.75 0
    endloop
  endfacet
  facet normal 0 0 1
    outer loop
      vertex 87.5214 116.674 0
      vertex 7.56578 115.878 0
      vertex 87.5852 116.353 0
    endloop
  endfacet
  facet normal 0 0 1
    outer loop
      vertex 7.0641 114.4 0
      vertex 87.8349 115.75 0
      vertex 7.29552 114.869 0
    endloop
  endfacet
  facet normal 0 0 1
    outer loop
      vertex 7.56578 115.878 0
      vertex 87.5214 116.674 0
      vertex 7.6 116.4 0
    endloop
  endfacet
  facet normal 0 0 1
    outer loop
      vertex 87.8349 115.75 0
      vertex 7.0641 114.4 0
      vertex 94 96 0
    endloop
  endfacet
  facet normal 0 0 1
    outer loop
      vertex 7.6 116.4 0
      vertex 87.5214 116.674 0
      vertex 87.5 117 0
    endloop
  endfacet
  facet normal -0 0 1
    outer loop
      vertex 6.77341 113.965 0
      vertex 94 96 0
      vertex 7.0641 114.4 0
    endloop
  endfacet
  facet normal 0 0 1
    outer loop
      vertex 92.4786 116.674 0
      vertex 94 120 0
      vertex 92.5 117 0
    endloop
  endfacet
  facet normal 0 0 1
    outer loop
      vertex 94 120 0
      vertex 92.4786 117.326 0
      vertex 92.5 117 0
    endloop
  endfacet
  facet normal 0 0 1
    outer loop
      vertex 94 120 0
      vertex 92.4148 117.647 0
      vertex 92.4786 117.326 0
    endloop
  endfacet
  facet normal 0 0 1
    outer loop
      vertex 94 120 0
      vertex 92.3097 117.957 0
      vertex 92.4148 117.647 0
    endloop
  endfacet
  facet normal 0 0 1
    outer loop
      vertex 94 120 0
      vertex 92.1651 118.25 0
      vertex 92.3097 117.957 0
    endloop
  endfacet
  facet normal 0 0 1
    outer loop
      vertex 94 120 0
      vertex 91.9834 118.522 0
      vertex 92.1651 118.25 0
    endloop
  endfacet
  facet normal 0 0 1
    outer loop
      vertex 94 120 0
      vertex 91.7678 118.768 0
      vertex 91.9834 118.522 0
    endloop
  endfacet
  facet normal 0 0 1
    outer loop
      vertex 94 120 0
      vertex 91.5219 118.983 0
      vertex 91.7678 118.768 0
    endloop
  endfacet
  facet normal 0 0 1
    outer loop
      vertex 94 120 0
      vertex 91.25 119.165 0
      vertex 91.5219 118.983 0
    endloop
  endfacet
  facet normal 0 0 1
    outer loop
      vertex 94 120 0
      vertex 90.9567 119.31 0
      vertex 91.25 119.165 0
    endloop
  endfacet
  facet normal 0 0 1
    outer loop
      vertex 94 120 0
      vertex 90.647 119.415 0
      vertex 90.9567 119.31 0
    endloop
  endfacet
  facet normal 0 0 1
    outer loop
      vertex 94 120 0
      vertex 90.3263 119.479 0
      vertex 90.647 119.415 0
    endloop
  endfacet
  facet normal 0 0 1
    outer loop
      vertex 94 120 0
      vertex 90 119.5 0
      vertex 90.3263 119.479 0
    endloop
  endfacet
  facet normal 0 0 1
    outer loop
      vertex 94 120 0
      vertex 89.6737 119.479 0
      vertex 90 119.5 0
    endloop
  endfacet
  facet normal 0 0 1
    outer loop
      vertex 5.98338 52.5219 0
      vertex 94 96 0
      vertex 6.77341 113.965 0
    endloop
  endfacet
  facet normal 0 0 1
    outer loop
      vertex 7.56578 116.922 0
      vertex 87.5 117 0
      vertex 87.5214 117.326 0
    endloop
  endfacet
  facet normal 0 0 1
    outer loop
      vertex 7.56578 116.922 0
      vertex 87.5214 117.326 0
      vertex 87.5852 117.647 0
    endloop
  endfacet
  facet normal 0 0 1
    outer loop
      vertex 7.4637 117.435 0
      vertex 87.5852 117.647 0
      vertex 87.6903 117.957 0
    endloop
  endfacet
  facet normal 0 0 1
    outer loop
      vertex 7.29552 117.931 0
      vertex 87.6903 117.957 0
      vertex 87.8349 118.25 0
    endloop
  endfacet
  facet normal -0 0 1
    outer loop
      vertex 7.0641 118.4 0
      vertex 87.8349 118.25 0
      vertex 88.0166 118.522 0
    endloop
  endfacet
  facet normal 0 0 1
    outer loop
      vertex 6.77341 118.835 0
      vertex 88.0166 118.522 0
      vertex 88.2322 118.768 0
    endloop
  endfacet
  facet normal 0 0 1
    outer loop
      vertex 6.42843 119.228 0
      vertex 88.2322 118.768 0
      vertex 88.4781 118.983 0
    endloop
  endfacet
  facet normal 0 0 1
    outer loop
      vertex 6.03505 119.573 0
      vertex 88.4781 118.983 0
      vertex 88.75 119.165 0
    endloop
  endfacet
  facet normal 0 0 1
    outer loop
      vertex 5.6 119.864 0
      vertex 88.75 119.165 0
      vertex 89.0433 119.31 0
    endloop
  endfacet
  facet normal 0 0 1
    outer loop
      vertex 5.32442 120 0
      vertex 89.0433 119.31 0
      vertex 89.353 119.415 0
    endloop
  endfacet
  facet normal 0 0 1
    outer loop
      vertex 5.32442 120 0
      vertex 89.353 119.415 0
      vertex 89.6737 119.479 0
    endloop
  endfacet
  facet normal -0 0 1
    outer loop
      vertex 5.32442 120 0
      vertex 89.6737 119.479 0
      vertex 94 120 0
    endloop
  endfacet
  facet normal 0 0 1
    outer loop
      vertex 87.5 117 0
      vertex 7.56578 116.922 0
      vertex 7.6 116.4 0
    endloop
  endfacet
  facet normal 0 0 1
    outer loop
      vertex 87.5852 117.647 0
      vertex 7.4637 117.435 0
      vertex 7.56578 116.922 0
    endloop
  endfacet
  facet normal 0 0 1
    outer loop
      vertex 87.6903 117.957 0
      vertex 7.29552 117.931 0
      vertex 7.4637 117.435 0
    endloop
  endfacet
  facet normal 0 0 1
    outer loop
      vertex 87.8349 118.25 0
      vertex 7.0641 118.4 0
      vertex 7.29552 117.931 0
    endloop
  endfacet
  facet normal 0 0 1
    outer loop
      vertex 88.0166 118.522 0
      vertex 6.77341 118.835 0
      vertex 7.0641 118.4 0
    endloop
  endfacet
  facet normal 0 0 1
    outer loop
      vertex 88.2322 118.768 0
      vertex 6.42843 119.228 0
      vertex 6.77341 118.835 0
    endloop
  endfacet
  facet normal 0 0 1
    outer loop
      vertex 88.4781 118.983 0
      vertex 6.03505 119.573 0
      vertex 6.42843 119.228 0
    endloop
  endfacet
  facet normal 0 0 1
    outer loop
      vertex 88.75 119.165 0
      vertex 5.6 119.864 0
      vertex 6.03505 119.573 0
    endloop
  endfacet
  facet normal 0 0 1
    outer loop
      vertex 89.0433 119.31 0
      vertex 5.32442 120 0
      vertex 5.6 119.864 0
    endloop
  endfacet
  facet normal 0 0 1
    outer loop
      vertex 175 96 0
      vertex 146.5 87.5 0
      vertex 175 87.5 0
    endloop
  endfacet
  facet normal 0 0 1
    outer loop
      vertex 146.5 87.5 0
      vertex 94 96 0
      vertex 146.5 62 0
    endloop
  endfacet
  facet normal -0 0 1
    outer loop
      vertex 94 96 0
      vertex 146.5 87.5 0
      vertex 175 96 0
    endloop
  endfacet
  facet normal 0 0 1
    outer loop
      vertex 175 62 0
      vertex 174.864 5.6 0
      vertex 175 5.32442 0
    endloop
  endfacet
  facet normal 0 0 1
    outer loop
      vertex 175 62 0
      vertex 174.573 6.03505 0
      vertex 174.864 5.6 0
    endloop
  endfacet
  facet normal 0 0 1
    outer loop
      vertex 175 62 0
      vertex 174.228 6.42843 0
      vertex 174.573 6.03505 0
    endloop
  endfacet
  facet normal 0 0 1
    outer loop
      vertex 175 62 0
      vertex 173.835 6.77341 0
      vertex 174.228 6.42843 0
    endloop
  endfacet
  facet normal 0 0 1
    outer loop
      vertex 175 62 0
      vertex 173.4 7.0641 0
      vertex 173.835 6.77341 0
    endloop
  endfacet
  facet normal 0 0 1
    outer loop
      vertex 175 62 0
      vertex 172.931 7.29552 0
      vertex 173.4 7.0641 0
    endloop
  endfacet
  facet normal 0 0 1
    outer loop
      vertex 175 62 0
      vertex 172.435 7.4637 0
      vertex 172.931 7.29552 0
    endloop
  endfacet
  facet normal 0 0 1
    outer loop
      vertex 175 62 0
      vertex 171.922 7.56578 0
      vertex 172.435 7.4637 0
    endloop
  endfacet
  facet normal 0 0 1
    outer loop
      vertex 175 62 0
      vertex 171.4 7.6 0
      vertex 171.922 7.56578 0
    endloop
  endfacet
  facet normal 0 0 1
    outer loop
      vertex 175 62 0
      vertex 170.878 7.56578 0
      vertex 171.4 7.6 0
    endloop
  endfacet
  facet normal 0 0 1
    outer loop
      vertex 175 62 0
      vertex 170.365 7.4637 0
      vertex 170.878 7.56578 0
    endloop
  endfacet
  facet normal 0 0 1
    outer loop
      vertex 175 62 0
      vertex 169.869 7.29552 0
      vertex 170.365 7.4637 0
    endloop
  endfacet
  facet normal -0 0 1
    outer loop
      vertex 146.5 62 0
      vertex 169.869 7.29552 0
      vertex 175 62 0
    endloop
  endfacet
  facet normal 0 0 1
    outer loop
      vertex 169.869 7.29552 0
      vertex 146.5 62 0
      vertex 169.4 7.0641 0
    endloop
  endfacet
  facet normal 0 0 1
    outer loop
      vertex 169.4 7.0641 0
      vertex 146.5 62 0
      vertex 168.965 6.77341 0
    endloop
  endfacet
  facet normal 0 0 1
    outer loop
      vertex 168.965 6.77341 0
      vertex 146.5 62 0
      vertex 168.572 6.42843 0
    endloop
  endfacet
  facet normal 0 0 1
    outer loop
      vertex 168.572 6.42843 0
      vertex 146.5 62 0
      vertex 168.227 6.03505 0
    endloop
  endfacet
  facet normal 0 0 1
    outer loop
      vertex 168.227 6.03505 0
      vertex 146.5 62 0
      vertex 167.936 5.6 0
    endloop
  endfacet
  facet normal 0 0 1
    outer loop
      vertex 167.936 5.6 0
      vertex 146.5 62 0
      vertex 167.704 5.13073 0
    endloop
  endfacet
  facet normal -0 0 1
    outer loop
      vertex 91.9834 49.4781 0
      vertex 167.704 5.13073 0
      vertex 146.5 62 0
    endloop
  endfacet
  facet normal 0 0 1
    outer loop
      vertex 167.704 5.13073 0
      vertex 91.7678 49.2322 0
      vertex 167.536 4.63528 0
    endloop
  endfacet
  facet normal -0 0 1
    outer loop
      vertex 91.7678 49.2322 0
      vertex 167.704 5.13073 0
      vertex 91.9834 49.4781 0
    endloop
  endfacet
  facet normal -0 0 1
    outer loop
      vertex 91.5219 49.0166 0
      vertex 167.536 4.63528 0
      vertex 91.7678 49.2322 0
    endloop
  endfacet
  facet normal 0 0 1
    outer loop
      vertex 167.536 4.63528 0
      vertex 91.5219 49.0166 0
      vertex 167.434 4.1221 0
    endloop
  endfacet
  facet normal -0 0 1
    outer loop
      vertex 91.25 48.8349 0
      vertex 167.434 4.1221 0
      vertex 91.5219 49.0166 0
    endloop
  endfacet
  facet normal 0 0 1
    outer loop
      vertex 92.5 51 0
      vertex 146.5 62 0
      vertex 94 96 0
    endloop
  endfacet
  facet normal 0 0 1
    outer loop
      vertex 92.4786 50.6737 0
      vertex 146.5 62 0
      vertex 92.5 51 0
    endloop
  endfacet
  facet normal 0 0 1
    outer loop
      vertex 92.4148 50.353 0
      vertex 146.5 62 0
      vertex 92.4786 50.6737 0
    endloop
  endfacet
  facet normal 0 0 1
    outer loop
      vertex 92.4148 116.353 0
      vertex 94 120 0
      vertex 92.4786 116.674 0
    endloop
  endfacet
  facet normal 0 0 1
    outer loop
      vertex 92.3097 50.0433 0
      vertex 146.5 62 0
      vertex 92.4148 50.353 0
    endloop
  endfacet
  facet normal 0 0 1
    outer loop
      vertex 92.1651 49.75 0
      vertex 146.5 62 0
      vertex 92.3097 50.0433 0
    endloop
  endfacet
  facet normal 0 0 1
    outer loop
      vertex 91.9834 49.4781 0
      vertex 146.5 62 0
      vertex 92.1651 49.75 0
    endloop
  endfacet
  facet normal 0 0 1
    outer loop
      vertex 167.434 4.1221 0
      vertex 91.25 48.8349 0
      vertex 167.4 3.6 0
    endloop
  endfacet
  facet normal -0 0 1
    outer loop
      vertex 90.9567 48.6903 0
      vertex 167.4 3.6 0
      vertex 91.25 48.8349 0
    endloop
  endfacet
  facet normal 0 0 1
    outer loop
      vertex 167.4 3.6 0
      vertex 90.9567 48.6903 0
      vertex 167.434 3.0779 0
    endloop
  endfacet
  facet normal -0 0 1
    outer loop
      vertex 90.647 48.5852 0
      vertex 167.434 3.0779 0
      vertex 90.9567 48.6903 0
    endloop
  endfacet
  facet normal 0 0 1
    outer loop
      vertex 167.434 3.0779 0
      vertex 90.647 48.5852 0
      vertex 167.536 2.56472 0
    endloop
  endfacet
  facet normal -0 0 1
    outer loop
      vertex 90.3263 48.5214 0
      vertex 167.536 2.56472 0
      vertex 90.647 48.5852 0
    endloop
  endfacet
  facet normal 0 0 1
    outer loop
      vertex 167.536 2.56472 0
      vertex 90.3263 48.5214 0
      vertex 167.704 2.06927 0
    endloop
  endfacet
  facet normal -0 0 1
    outer loop
      vertex 90 48.5 0
      vertex 167.704 2.06927 0
      vertex 90.3263 48.5214 0
    endloop
  endfacet
  facet normal 0 0 1
    outer loop
      vertex 167.704 2.06927 0
      vertex 90 48.5 0
      vertex 167.936 1.6 0
    endloop
  endfacet
  facet normal 0 0 1
    outer loop
      vertex 7.0641 1.6 0
      vertex 167.936 1.6 0
      vertex 90 48.5 0
    endloop
  endfacet
  facet normal 0 0 1
    outer loop
      vertex 167.936 1.6 0
      vertex 7.0641 1.6 0
      vertex 168.227 1.16495 0
    endloop
  endfacet
  facet normal 0 0 1
    outer loop
      vertex 6.77341 1.16495 0
      vertex 168.227 1.16495 0
      vertex 7.0641 1.6 0
    endloop
  endfacet
  facet normal 0 0 1
    outer loop
      vertex 168.227 1.16495 0
      vertex 6.77341 1.16495 0
      vertex 168.572 0.771574 0
    endloop
  endfacet
  facet normal 0 0 1
    outer loop
      vertex 7.0641 1.6 0
      vertex 90 48.5 0
      vertex 89.6737 48.5214 0
    endloop
  endfacet
  facet normal 0 0 1
    outer loop
      vertex 7.29552 2.06927 0
      vertex 89.6737 48.5214 0
      vertex 89.353 48.5852 0
    endloop
  endfacet
  facet normal 0 0 1
    outer loop
      vertex 7.4637 2.56472 0
      vertex 89.353 48.5852 0
      vertex 89.0433 48.6903 0
    endloop
  endfacet
  facet normal 0 0 1
    outer loop
      vertex 7.56578 3.0779 0
      vertex 89.0433 48.6903 0
      vertex 88.75 48.8349 0
    endloop
  endfacet
  facet normal 0 0 1
    outer loop
      vertex 87.5214 51.3263 0
      vertex 7.6 3.6 0
      vertex 87.5 51 0
    endloop
  endfacet
  facet normal 0 0 1
    outer loop
      vertex 87.5 51 0
      vertex 7.6 3.6 0
      vertex 87.5214 50.6737 0
    endloop
  endfacet
  facet normal 0 0 1
    outer loop
      vertex 87.5214 50.6737 0
      vertex 7.6 3.6 0
      vertex 87.5852 50.353 0
    endloop
  endfacet
  facet normal 0 0 1
    outer loop
      vertex 87.5852 50.353 0
      vertex 7.6 3.6 0
      vertex 87.6903 50.0433 0
    endloop
  endfacet
  facet normal 0 0 1
    outer loop
      vertex 87.6903 50.0433 0
      vertex 7.6 3.6 0
      vertex 87.8349 49.75 0
    endloop
  endfacet
  facet normal 0 0 1
    outer loop
      vertex 87.8349 49.75 0
      vertex 7.6 3.6 0
      vertex 88.0166 49.4781 0
    endloop
  endfacet
  facet normal 0 0 1
    outer loop
      vertex 88.0166 49.4781 0
      vertex 7.6 3.6 0
      vertex 88.2322 49.2322 0
    endloop
  endfacet
  facet normal 0 0 1
    outer loop
      vertex 88.2322 49.2322 0
      vertex 7.6 3.6 0
      vertex 88.4781 49.0166 0
    endloop
  endfacet
  facet normal 0 0 1
    outer loop
      vertex 7.6 3.6 0
      vertex 88.75 48.8349 0
      vertex 88.4781 49.0166 0
    endloop
  endfacet
  facet normal 0 0 1
    outer loop
      vertex 7.56578 3.0779 0
      vertex 88.75 48.8349 0
      vertex 7.6 3.6 0
    endloop
  endfacet
  facet normal 0 0 1
    outer loop
      vertex 89.0433 48.6903 0
      vertex 7.56578 3.0779 0
      vertex 7.4637 2.56472 0
    endloop
  endfacet
  facet normal 0 0 1
    outer loop
      vertex 89.353 48.5852 0
      vertex 7.4637 2.56472 0
      vertex 7.29552 2.06927 0
    endloop
  endfacet
  facet normal 0 0 1
    outer loop
      vertex 89.6737 48.5214 0
      vertex 7.29552 2.06927 0
      vertex 7.0641 1.6 0
    endloop
  endfacet
  facet normal 0 0 1
    outer loop
      vertex 6.42843 0.771574 0
      vertex 168.572 0.771574 0
      vertex 6.77341 1.16495 0
    endloop
  endfacet
  facet normal 0 0 1
    outer loop
      vertex 168.572 0.771574 0
      vertex 6.42843 0.771574 0
      vertex 168.965 0.426587 0
    endloop
  endfacet
  facet normal 0 0 1
    outer loop
      vertex 6.03505 0.426587 0
      vertex 168.965 0.426587 0
      vertex 6.42843 0.771574 0
    endloop
  endfacet
  facet normal 0 0 1
    outer loop
      vertex 168.965 0.426587 0
      vertex 6.03505 0.426587 0
      vertex 169.4 0.135899 0
    endloop
  endfacet
  facet normal 0 0 1
    outer loop
      vertex 5.6 0.135899 0
      vertex 169.4 0.135899 0
      vertex 6.03505 0.426587 0
    endloop
  endfacet
  facet normal 0 0 1
    outer loop
      vertex 169.4 0.135899 0
      vertex 5.6 0.135899 0
      vertex 169.676 0 0
    endloop
  endfacet
  facet normal 0 0 1
    outer loop
      vertex 169.676 0 0
      vertex 5.6 0.135899 0
      vertex 5.32442 0 0
    endloop
  endfacet
  facet normal 0 0 1
    outer loop
      vertex 6.16506 49.75 0
      vertex 87.5214 51.3263 0
      vertex 6.3097 50.0433 0
    endloop
  endfacet
  facet normal 0 0 1
    outer loop
      vertex 87.5214 51.3263 0
      vertex 7.0641 5.6 0
      vertex 7.29552 5.13073 0
    endloop
  endfacet
  facet normal 0 0 1
    outer loop
      vertex 87.5214 51.3263 0
      vertex 6.16506 49.75 0
      vertex 7.0641 5.6 0
    endloop
  endfacet
  facet normal 0 0 1
    outer loop
      vertex 7.0641 5.6 0
      vertex 6.16506 49.75 0
      vertex 6.77341 6.03505 0
    endloop
  endfacet
  facet normal -0 0 1
    outer loop
      vertex 5.98338 49.4781 0
      vertex 6.77341 6.03505 0
      vertex 6.16506 49.75 0
    endloop
  endfacet
  facet normal 0 0 1
    outer loop
      vertex 6.77341 6.03505 0
      vertex 5.98338 49.4781 0
      vertex 6.42843 6.42843 0
    endloop
  endfacet
  facet normal -0 0 1
    outer loop
      vertex 5.76777 49.2322 0
      vertex 6.42843 6.42843 0
      vertex 5.98338 49.4781 0
    endloop
  endfacet
  facet normal 0 0 1
    outer loop
      vertex 6.42843 6.42843 0
      vertex 5.76777 49.2322 0
      vertex 6.03505 6.77341 0
    endloop
  endfacet
  facet normal -0 0 1
    outer loop
      vertex 5.5219 49.0166 0
      vertex 6.03505 6.77341 0
      vertex 5.76777 49.2322 0
    endloop
  endfacet
  facet normal 0 0 1
    outer loop
      vertex 6.03505 6.77341 0
      vertex 5.5219 49.0166 0
      vertex 5.6 7.0641 0
    endloop
  endfacet
  facet normal -0 0 1
    outer loop
      vertex 5.25 48.8349 0
      vertex 5.6 7.0641 0
      vertex 5.5219 49.0166 0
    endloop
  endfacet
  facet normal 0 0 1
    outer loop
      vertex 5.25 48.8349 0
      vertex 5.13073 7.29552 0
      vertex 5.6 7.0641 0
    endloop
  endfacet
  facet normal -0 0 1
    outer loop
      vertex 4.95671 48.6903 0
      vertex 5.13073 7.29552 0
      vertex 5.25 48.8349 0
    endloop
  endfacet
  facet normal -0 0 1
    outer loop
      vertex 4.64705 48.5852 0
      vertex 5.13073 7.29552 0
      vertex 4.95671 48.6903 0
    endloop
  endfacet
  facet normal 0 0 1
    outer loop
      vertex 4.64705 48.5852 0
      vertex 4.63528 7.4637 0
      vertex 5.13073 7.29552 0
    endloop
  endfacet
  facet normal -0 0 1
    outer loop
      vertex 4.32631 48.5214 0
      vertex 4.63528 7.4637 0
      vertex 4.64705 48.5852 0
    endloop
  endfacet
  facet normal 0 0 1
    outer loop
      vertex 4.32631 48.5214 0
      vertex 4.1221 7.56578 0
      vertex 4.63528 7.4637 0
    endloop
  endfacet
  facet normal -0 0 1
    outer loop
      vertex 4 48.5 0
      vertex 4.1221 7.56578 0
      vertex 4.32631 48.5214 0
    endloop
  endfacet
  facet normal 0 0 1
    outer loop
      vertex 3.6 7.6 0
      vertex 4 48.5 0
      vertex 3.67369 48.5214 0
    endloop
  endfacet
  facet normal 0 0 1
    outer loop
      vertex 4 48.5 0
      vertex 3.6 7.6 0
      vertex 4.1221 7.56578 0
    endloop
  endfacet
  facet normal 0 0 1
    outer loop
      vertex 3.0779 7.56578 0
      vertex 3.67369 48.5214 0
      vertex 3.35295 48.5852 0
    endloop
  endfacet
  facet normal 0 0 1
    outer loop
      vertex 3.67369 48.5214 0
      vertex 3.0779 7.56578 0
      vertex 3.6 7.6 0
    endloop
  endfacet
  facet normal 0 0 1
    outer loop
      vertex 2.56472 7.4637 0
      vertex 3.35295 48.5852 0
      vertex 3.04329 48.6903 0
    endloop
  endfacet
  facet normal 0 0 1
    outer loop
      vertex 2.06927 7.29552 0
      vertex 3.04329 48.6903 0
      vertex 2.75 48.8349 0
    endloop
  endfacet
  facet normal 0 0 1
    outer loop
      vertex 3.35295 48.5852 0
      vertex 2.56472 7.4637 0
      vertex 3.0779 7.56578 0
    endloop
  endfacet
  facet normal 0 0 1
    outer loop
      vertex 1.6 7.0641 0
      vertex 2.75 48.8349 0
      vertex 2.4781 49.0166 0
    endloop
  endfacet
  facet normal 0 0 1
    outer loop
      vertex 1.16495 6.77341 0
      vertex 2.4781 49.0166 0
      vertex 2.23223 49.2322 0
    endloop
  endfacet
  facet normal 0 0 1
    outer loop
      vertex 3.04329 48.6903 0
      vertex 2.06927 7.29552 0
      vertex 2.56472 7.4637 0
    endloop
  endfacet
  facet normal 0 0 1
    outer loop
      vertex 0.771574 6.42843 0
      vertex 2.23223 49.2322 0
      vertex 2.01662 49.4781 0
    endloop
  endfacet
  facet normal 0 0 1
    outer loop
      vertex 0.426587 6.03505 0
      vertex 2.01662 49.4781 0
      vertex 1.83494 49.75 0
    endloop
  endfacet
  facet normal 0 0 1
    outer loop
      vertex 0.135899 5.6 0
      vertex 1.83494 49.75 0
      vertex 1.6903 50.0433 0
    endloop
  endfacet
  facet normal 0 0 1
    outer loop
      vertex 2.75 48.8349 0
      vertex 1.6 7.0641 0
      vertex 2.06927 7.29552 0
    endloop
  endfacet
  facet normal 0 0 1
    outer loop
      vertex 0 5.32442 0
      vertex 1.6903 50.0433 0
      vertex 1.58519 50.353 0
    endloop
  endfacet
  facet normal 0 0 1
    outer loop
      vertex 0 5.32442 0
      vertex 1.58519 50.353 0
      vertex 1.52139 50.6737 0
    endloop
  endfacet
  facet normal 0 0 1
    outer loop
      vertex 0 5.32442 0
      vertex 1.52139 50.6737 0
      vertex 1.5 51 0
    endloop
  endfacet
  facet normal 0 0 1
    outer loop
      vertex 0 114.676 0
      vertex 1.6903 51.9567 0
      vertex 0.135899 114.4 0
    endloop
  endfacet
  facet normal 0 0 1
    outer loop
      vertex 2.4781 49.0166 0
      vertex 1.16495 6.77341 0
      vertex 1.6 7.0641 0
    endloop
  endfacet
  facet normal 0 0 1
    outer loop
      vertex 1.6903 51.9567 0
      vertex 0 114.676 0
      vertex 1.58519 51.647 0
    endloop
  endfacet
  facet normal 0 0 1
    outer loop
      vertex 2.23223 49.2322 0
      vertex 0.771574 6.42843 0
      vertex 1.16495 6.77341 0
    endloop
  endfacet
  facet normal 0 0 1
    outer loop
      vertex 1.58519 51.647 0
      vertex 0 114.676 0
      vertex 1.52139 51.3263 0
    endloop
  endfacet
  facet normal 0 0 1
    outer loop
      vertex 2.01662 49.4781 0
      vertex 0.426587 6.03505 0
      vertex 0.771574 6.42843 0
    endloop
  endfacet
  facet normal 0 0 1
    outer loop
      vertex 1.52139 51.3263 0
      vertex 0 114.676 0
      vertex 1.5 51 0
    endloop
  endfacet
  facet normal 0 0 1
    outer loop
      vertex 1.83494 49.75 0
      vertex 0.135899 5.6 0
      vertex 0.426587 6.03505 0
    endloop
  endfacet
  facet normal 0 0 1
    outer loop
      vertex 0 5.32442 0
      vertex 1.5 51 0
      vertex 0 114.676 0
    endloop
  endfacet
  facet normal 0 0 1
    outer loop
      vertex 1.6903 50.0433 0
      vertex 0 5.32442 0
      vertex 0.135899 5.6 0
    endloop
  endfacet
  facet normal 0 0 1
    outer loop
      vertex 167.434 116.922 0
      vertex 95.6 119.4 0
      vertex 167.4 116.4 0
    endloop
  endfacet
  facet normal 0 0 1
    outer loop
      vertex 167.536 117.435 0
      vertex 95.6 119.4 0
      vertex 167.434 116.922 0
    endloop
  endfacet
  facet normal 0 0 1
    outer loop
      vertex 167.704 117.931 0
      vertex 95.6 119.4 0
      vertex 167.536 117.435 0
    endloop
  endfacet
  facet normal 0 0 1
    outer loop
      vertex 167.936 118.4 0
      vertex 95.6 119.4 0
      vertex 167.704 117.931 0
    endloop
  endfacet
  facet normal 0 0 1
    outer loop
      vertex 168.227 118.835 0
      vertex 95.6 119.4 0
      vertex 167.936 118.4 0
    endloop
  endfacet
  facet normal 0 0 1
    outer loop
      vertex 168.572 119.228 0
      vertex 95.6 119.4 0
      vertex 168.227 118.835 0
    endloop
  endfacet
  facet normal -0 0 1
    outer loop
      vertex 95.6 119.4 0
      vertex 168.572 119.228 0
      vertex 168.767 119.4 0
    endloop
  endfacet
  facet normal -0 0 1
    outer loop
      vertex 174.228 113.572 0
      vertex 174.4 97.6 0
      vertex 174.4 113.767 0
    endloop
  endfacet
  facet normal -0 0 1
    outer loop
      vertex 173.835 113.227 0
      vertex 174.4 97.6 0
      vertex 174.228 113.572 0
    endloop
  endfacet
  facet normal -0 0 1
    outer loop
      vertex 173.4 112.936 0
      vertex 174.4 97.6 0
      vertex 173.835 113.227 0
    endloop
  endfacet
  facet normal -0 0 1
    outer loop
      vertex 172.931 112.704 0
      vertex 174.4 97.6 0
      vertex 173.4 112.936 0
    endloop
  endfacet
  facet normal -0 0 1
    outer loop
      vertex 172.435 112.536 0
      vertex 174.4 97.6 0
      vertex 172.931 112.704 0
    endloop
  endfacet
  facet normal -0 0 1
    outer loop
      vertex 171.922 112.434 0
      vertex 174.4 97.6 0
      vertex 172.435 112.536 0
    endloop
  endfacet
  facet normal -0 0 1
    outer loop
      vertex 171.4 112.4 0
      vertex 174.4 97.6 0
      vertex 171.922 112.434 0
    endloop
  endfacet
  facet normal 0 0 1
    outer loop
      vertex 170.878 112.434 0
      vertex 174.4 97.6 0
      vertex 171.4 112.4 0
    endloop
  endfacet
  facet normal 0 0 1
    outer loop
      vertex 170.365 112.536 0
      vertex 174.4 97.6 0
      vertex 170.878 112.434 0
    endloop
  endfacet
  facet normal 0 0 1
    outer loop
      vertex 169.869 112.704 0
      vertex 174.4 97.6 0
      vertex 170.365 112.536 0
    endloop
  endfacet
  facet normal 0 0 1
    outer loop
      vertex 169.4 112.936 0
      vertex 174.4 97.6 0
      vertex 169.869 112.704 0
    endloop
  endfacet
  facet normal 0 0 1
    outer loop
      vertex 168.965 113.227 0
      vertex 174.4 97.6 0
      vertex 169.4 112.936 0
    endloop
  endfacet
  facet normal 0 0 1
    outer loop
      vertex 168.572 113.572 0
      vertex 174.4 97.6 0
      vertex 168.965 113.227 0
    endloop
  endfacet
  facet normal 0 0 1
    outer loop
      vertex 168.227 113.965 0
      vertex 174.4 97.6 0
      vertex 168.572 113.572 0
    endloop
  endfacet
  facet normal 0 0 1
    outer loop
      vertex 167.936 114.4 0
      vertex 174.4 97.6 0
      vertex 168.227 113.965 0
    endloop
  endfacet
  facet normal 0 0 1
    outer loop
      vertex 95.6 97.6 0
      vertex 167.936 114.4 0
      vertex 167.704 114.869 0
    endloop
  endfacet
  facet normal 0 0 1
    outer loop
      vertex 95.6 119.4 0
      vertex 167.434 115.878 0
      vertex 167.4 116.4 0
    endloop
  endfacet
  facet normal 0 0 1
    outer loop
      vertex 95.6 119.4 0
      vertex 167.536 115.365 0
      vertex 167.434 115.878 0
    endloop
  endfacet
  facet normal 0 0 1
    outer loop
      vertex 95.6 97.6 0
      vertex 167.536 115.365 0
      vertex 95.6 119.4 0
    endloop
  endfacet
  facet normal 0 0 1
    outer loop
      vertex 167.536 115.365 0
      vertex 95.6 97.6 0
      vertex 167.704 114.869 0
    endloop
  endfacet
  facet normal 0 0 1
    outer loop
      vertex 167.936 114.4 0
      vertex 95.6 97.6 0
      vertex 174.4 97.6 0
    endloop
  endfacet
  facet normal 0.321435 0.946932 -0
    outer loop
      vertex 5.13073 7.29552 0
      vertex 4.63528 7.4637 45
      vertex 5.13073 7.29552 45
    endloop
  endfacet
  facet normal 0.321435 0.946932 0
    outer loop
      vertex 4.63528 7.4637 45
      vertex 5.13073 7.29552 0
      vertex 4.63528 7.4637 0
    endloop
  endfacet
  facet normal 0.980784 0.195094 0
    outer loop
      vertex 7.56578 4.1221 45
      vertex 7.4637 4.63528 0
      vertex 7.4637 4.63528 45
    endloop
  endfacet
  facet normal 0.980784 0.195094 0
    outer loop
      vertex 7.4637 4.63528 0
      vertex 7.56578 4.1221 45
      vertex 7.56578 4.1221 0
    endloop
  endfacet
  facet normal 0.997859 0.0654027 0
    outer loop
      vertex 7.6 3.6 45
      vertex 7.56578 4.1221 0
      vertex 7.56578 4.1221 45
    endloop
  endfacet
  facet normal 0.997859 0.0654027 0
    outer loop
      vertex 7.56578 4.1221 0
      vertex 7.6 3.6 45
      vertex 7.6 3.6 0
    endloop
  endfacet
  facet normal 0.946932 0.321435 0
    outer loop
      vertex 7.4637 4.63528 45
      vertex 7.29552 5.13073 0
      vertex 7.29552 5.13073 45
    endloop
  endfacet
  facet normal 0.946932 0.321435 0
    outer loop
      vertex 7.29552 5.13073 0
      vertex 7.4637 4.63528 45
      vertex 7.4637 4.63528 0
    endloop
  endfacet
  facet normal 0.442291 0.896871 -0
    outer loop
      vertex 5.6 7.0641 0
      vertex 5.13073 7.29552 45
      vertex 5.6 7.0641 45
    endloop
  endfacet
  facet normal 0.442291 0.896871 0
    outer loop
      vertex 5.13073 7.29552 45
      vertex 5.6 7.0641 0
      vertex 5.13073 7.29552 0
    endloop
  endfacet
  facet normal 0.896871 0.442291 0
    outer loop
      vertex 7.29552 5.13073 45
      vertex 7.0641 5.6 0
      vertex 7.0641 5.6 45
    endloop
  endfacet
  facet normal 0.896871 0.442291 0
    outer loop
      vertex 7.0641 5.6 0
      vertex 7.29552 5.13073 45
      vertex 7.29552 5.13073 0
    endloop
  endfacet
  facet normal 0.831471 0.555569 0
    outer loop
      vertex 7.0641 5.6 45
      vertex 6.77341 6.03505 0
      vertex 6.77341 6.03505 45
    endloop
  endfacet
  facet normal 0.831471 0.555569 0
    outer loop
      vertex 6.77341 6.03505 0
      vertex 7.0641 5.6 45
      vertex 7.0641 5.6 0
    endloop
  endfacet
  facet normal -0.659344 0.751841 0
    outer loop
      vertex 1.16495 6.77341 0
      vertex 0.771574 6.42843 45
      vertex 1.16495 6.77341 45
    endloop
  endfacet
  facet normal -0.659344 0.751841 0
    outer loop
      vertex 0.771574 6.42843 45
      vertex 1.16495 6.77341 0
      vertex 0.771574 6.42843 0
    endloop
  endfacet
  facet normal 0.751845 0.65934 0
    outer loop
      vertex 6.77341 6.03505 45
      vertex 6.42843 6.42843 0
      vertex 6.42843 6.42843 45
    endloop
  endfacet
  facet normal 0.751845 0.65934 0
    outer loop
      vertex 6.42843 6.42843 0
      vertex 6.77341 6.03505 45
      vertex 6.77341 6.03505 0
    endloop
  endfacet
  facet normal -0.442291 0.896871 0
    outer loop
      vertex 2.06927 7.29552 0
      vertex 1.6 7.0641 45
      vertex 2.06927 7.29552 45
    endloop
  endfacet
  facet normal -0.442291 0.896871 0
    outer loop
      vertex 1.6 7.0641 45
      vertex 2.06927 7.29552 0
      vertex 1.6 7.0641 0
    endloop
  endfacet
  facet normal 0.980784 -0.195094 0
    outer loop
      vertex 7.4637 2.56472 45
      vertex 7.56578 3.0779 0
      vertex 7.56578 3.0779 45
    endloop
  endfacet
  facet normal 0.980784 -0.195094 0
    outer loop
      vertex 7.56578 3.0779 0
      vertex 7.4637 2.56472 45
      vertex 7.4637 2.56472 0
    endloop
  endfacet
  facet normal -0.751838 0.659348 0
    outer loop
      vertex 0.426587 6.03505 0
      vertex 0.771574 6.42843 45
      vertex 0.771574 6.42843 0
    endloop
  endfacet
  facet normal -0.751838 0.659348 0
    outer loop
      vertex 0.771574 6.42843 45
      vertex 0.426587 6.03505 0
      vertex 0.426587 6.03505 45
    endloop
  endfacet
  facet normal 0.831471 -0.555569 0
    outer loop
      vertex 6.77341 1.16495 45
      vertex 7.0641 1.6 0
      vertex 7.0641 1.6 45
    endloop
  endfacet
  facet normal 0.831471 -0.555569 0
    outer loop
      vertex 7.0641 1.6 0
      vertex 6.77341 1.16495 45
      vertex 6.77341 1.16495 0
    endloop
  endfacet
  facet normal -0.321435 0.946932 0
    outer loop
      vertex 2.56472 7.4637 0
      vertex 2.06927 7.29552 45
      vertex 2.56472 7.4637 45
    endloop
  endfacet
  facet normal -0.321435 0.946932 0
    outer loop
      vertex 2.06927 7.29552 45
      vertex 2.56472 7.4637 0
      vertex 2.06927 7.29552 0
    endloop
  endfacet
  facet normal 0.555569 0.831471 -0
    outer loop
      vertex 6.03505 6.77341 0
      vertex 5.6 7.0641 45
      vertex 6.03505 6.77341 45
    endloop
  endfacet
  facet normal 0.555569 0.831471 0
    outer loop
      vertex 5.6 7.0641 45
      vertex 6.03505 6.77341 0
      vertex 5.6 7.0641 0
    endloop
  endfacet
  facet normal 0.946932 -0.321435 0
    outer loop
      vertex 7.29552 2.06927 45
      vertex 7.4637 2.56472 0
      vertex 7.4637 2.56472 45
    endloop
  endfacet
  facet normal 0.946932 -0.321435 0
    outer loop
      vertex 7.4637 2.56472 0
      vertex 7.29552 2.06927 45
      vertex 7.29552 2.06927 0
    endloop
  endfacet
  facet normal 0.751841 -0.659344 0
    outer loop
      vertex 6.42843 0.771574 45
      vertex 6.77341 1.16495 0
      vertex 6.77341 1.16495 45
    endloop
  endfacet
  facet normal 0.751841 -0.659344 0
    outer loop
      vertex 6.77341 1.16495 0
      vertex 6.42843 0.771574 45
      vertex 6.42843 0.771574 0
    endloop
  endfacet
  facet normal -0.0654027 0.997859 0
    outer loop
      vertex 3.6 7.6 0
      vertex 3.0779 7.56578 45
      vertex 3.6 7.6 45
    endloop
  endfacet
  facet normal -0.0654027 0.997859 0
    outer loop
      vertex 3.0779 7.56578 45
      vertex 3.6 7.6 0
      vertex 3.0779 7.56578 0
    endloop
  endfacet
  facet normal 0.555566 -0.831472 0
    outer loop
      vertex 5.6 0.135899 0
      vertex 6.03505 0.426587 45
      vertex 5.6 0.135899 45
    endloop
  endfacet
  facet normal 0.555566 -0.831472 0
    outer loop
      vertex 6.03505 0.426587 45
      vertex 5.6 0.135899 0
      vertex 6.03505 0.426587 0
    endloop
  endfacet
  facet normal 0.65934 0.751845 -0
    outer loop
      vertex 6.42843 6.42843 0
      vertex 6.03505 6.77341 45
      vertex 6.42843 6.42843 45
    endloop
  endfacet
  facet normal 0.65934 0.751845 0
    outer loop
      vertex 6.03505 6.77341 45
      vertex 6.42843 6.42843 0
      vertex 6.03505 6.77341 0
    endloop
  endfacet
  facet normal -0.896875 0.442283 0
    outer loop
      vertex 0 5.32442 0
      vertex 0.135899 5.6 45
      vertex 0.135899 5.6 0
    endloop
  endfacet
  facet normal -0.896875 0.442283 0
    outer loop
      vertex 0.135899 5.6 45
      vertex 0 5.32442 0
      vertex 0 5.32442 45
    endloop
  endfacet
  facet normal 0 0 -1
    outer loop
      vertex 0.135899 5.6 45
      vertex 0 5.32442 45
      vertex -0.0955175 5.13073 45
    endloop
  endfacet
  facet normal 0.0654027 0.997859 -0
    outer loop
      vertex 4.1221 7.56578 0
      vertex 3.6 7.6 45
      vertex 4.1221 7.56578 45
    endloop
  endfacet
  facet normal 0.0654027 0.997859 0
    outer loop
      vertex 3.6 7.6 45
      vertex 4.1221 7.56578 0
      vertex 3.6 7.6 0
    endloop
  endfacet
  facet normal 0.997859 -0.0654027 0
    outer loop
      vertex 7.56578 3.0779 45
      vertex 7.6 3.6 0
      vertex 7.6 3.6 45
    endloop
  endfacet
  facet normal 0.997859 -0.0654027 0
    outer loop
      vertex 7.6 3.6 0
      vertex 7.56578 3.0779 45
      vertex 7.56578 3.0779 0
    endloop
  endfacet
  facet normal -0.195094 0.980784 0
    outer loop
      vertex 3.0779 7.56578 0
      vertex 2.56472 7.4637 45
      vertex 3.0779 7.56578 45
    endloop
  endfacet
  facet normal -0.195094 0.980784 0
    outer loop
      vertex 2.56472 7.4637 45
      vertex 3.0779 7.56578 0
      vertex 2.56472 7.4637 0
    endloop
  endfacet
  facet normal -0.555569 0.831471 0
    outer loop
      vertex 1.6 7.0641 0
      vertex 1.16495 6.77341 45
      vertex 1.6 7.0641 45
    endloop
  endfacet
  facet normal -0.555569 0.831471 0
    outer loop
      vertex 1.16495 6.77341 45
      vertex 1.6 7.0641 0
      vertex 1.16495 6.77341 0
    endloop
  endfacet
  facet normal 0.896871 -0.442291 0
    outer loop
      vertex 7.0641 1.6 45
      vertex 7.29552 2.06927 0
      vertex 7.29552 2.06927 45
    endloop
  endfacet
  facet normal 0.896871 -0.442291 0
    outer loop
      vertex 7.29552 2.06927 0
      vertex 7.0641 1.6 45
      vertex 7.0641 1.6 0
    endloop
  endfacet
  facet normal -0.831472 0.555566 0
    outer loop
      vertex 0.135899 5.6 0
      vertex 0.426587 6.03505 45
      vertex 0.426587 6.03505 0
    endloop
  endfacet
  facet normal -0.831472 0.555566 0
    outer loop
      vertex 0.426587 6.03505 45
      vertex 0.135899 5.6 0
      vertex 0.135899 5.6 45
    endloop
  endfacet
  facet normal 0.442283 -0.896875 0
    outer loop
      vertex 5.32442 0 0
      vertex 5.6 0.135899 45
      vertex 5.32442 0 45
    endloop
  endfacet
  facet normal 0.442283 -0.896875 0
    outer loop
      vertex 5.6 0.135899 45
      vertex 5.32442 0 0
      vertex 5.6 0.135899 0
    endloop
  endfacet
  facet normal 0 0 -1
    outer loop
      vertex 5.6 0.135899 45
      vertex 5.13073 -0.0955175 45
      vertex 5.32442 0 45
    endloop
  endfacet
  facet normal 0.659348 -0.751838 0
    outer loop
      vertex 6.03505 0.426587 0
      vertex 6.42843 0.771574 45
      vertex 6.03505 0.426587 45
    endloop
  endfacet
  facet normal 0.659348 -0.751838 0
    outer loop
      vertex 6.42843 0.771574 45
      vertex 6.03505 0.426587 0
      vertex 6.42843 0.771574 0
    endloop
  endfacet
  facet normal 0.195094 0.980784 -0
    outer loop
      vertex 4.63528 7.4637 0
      vertex 4.1221 7.56578 45
      vertex 4.63528 7.4637 45
    endloop
  endfacet
  facet normal 0.195094 0.980784 0
    outer loop
      vertex 4.1221 7.56578 45
      vertex 4.63528 7.4637 0
      vertex 4.1221 7.56578 0
    endloop
  endfacet
  facet normal -0 0 1
    outer loop
      vertex -0.365779 4.1221 45
      vertex 2.31112 3.76968 45
      vertex -0.263703 4.63528 45
    endloop
  endfacet
  facet normal 0 0 1
    outer loop
      vertex 2.31112 3.76968 45
      vertex -0.365779 4.1221 45
      vertex 2.3 3.6 45
    endloop
  endfacet
  facet normal 0 -0 1
    outer loop
      vertex -0.0955175 2.06927 45
      vertex 2.3 3.6 45
      vertex -0.263703 2.56472 45
    endloop
  endfacet
  facet normal 0 0 1
    outer loop
      vertex 2.3 3.6 45
      vertex -0.0955175 2.06927 45
      vertex 5.72205e-07 1.87558 45
    endloop
  endfacet
  facet normal 0 0 1
    outer loop
      vertex -0.4 3.6 45
      vertex 2.3 3.6 45
      vertex -0.365779 4.1221 45
    endloop
  endfacet
  facet normal 0 0 1
    outer loop
      vertex 2.3 3.6 45
      vertex -0.365779 3.0779 45
      vertex -0.263703 2.56472 45
    endloop
  endfacet
  facet normal 0 0 1
    outer loop
      vertex 2.3 3.6 45
      vertex -0.4 3.6 45
      vertex -0.365779 3.0779 45
    endloop
  endfacet
  facet normal 0 0 1
    outer loop
      vertex 4.9 3.6 45
      vertex 7.6 3.6 45
      vertex 7.56578 4.1221 45
    endloop
  endfacet
  facet normal 0 0 1
    outer loop
      vertex 4.88888 3.76968 45
      vertex 7.56578 4.1221 45
      vertex 7.4637 4.63528 45
    endloop
  endfacet
  facet normal 0 0 1
    outer loop
      vertex 7.6 3.6 45
      vertex 4.9 3.6 45
      vertex 7.56578 3.0779 45
    endloop
  endfacet
  facet normal 0 0 1
    outer loop
      vertex 4.8557 3.93646 45
      vertex 7.4637 4.63528 45
      vertex 7.29552 5.13073 45
    endloop
  endfacet
  facet normal -0 0 1
    outer loop
      vertex 4.88888 3.43032 45
      vertex 7.56578 3.0779 45
      vertex 4.9 3.6 45
    endloop
  endfacet
  facet normal 0 0 1
    outer loop
      vertex 4.80104 4.09749 45
      vertex 7.29552 5.13073 45
      vertex 7.0641 5.6 45
    endloop
  endfacet
  facet normal 0 0 1
    outer loop
      vertex 7.56578 3.0779 45
      vertex 4.88888 3.43032 45
      vertex 7.4637 2.56472 45
    endloop
  endfacet
  facet normal 0 0 1
    outer loop
      vertex 4.72583 4.25 45
      vertex 7.0641 5.6 45
      vertex 6.77341 6.03505 45
    endloop
  endfacet
  facet normal -0 0 1
    outer loop
      vertex 4.8557 3.26353 45
      vertex 7.4637 2.56472 45
      vertex 4.88888 3.43032 45
    endloop
  endfacet
  facet normal 0 0 1
    outer loop
      vertex 4.63136 4.39139 45
      vertex 6.77341 6.03505 45
      vertex 6.42843 6.42843 45
    endloop
  endfacet
  facet normal 0 0 1
    outer loop
      vertex 7.4637 2.56472 45
      vertex 4.8557 3.26353 45
      vertex 7.29552 2.06927 45
    endloop
  endfacet
  facet normal 0 0 1
    outer loop
      vertex 4.51924 4.51924 45
      vertex 6.42843 6.42843 45
      vertex 6.03505 6.77341 45
    endloop
  endfacet
  facet normal -0 0 1
    outer loop
      vertex 4.80104 3.10251 45
      vertex 7.29552 2.06927 45
      vertex 4.8557 3.26353 45
    endloop
  endfacet
  facet normal 0 0 1
    outer loop
      vertex 4.39139 4.63136 45
      vertex 6.03505 6.77341 45
      vertex 5.6 7.0641 45
    endloop
  endfacet
  facet normal 0 0 1
    outer loop
      vertex 7.29552 2.06927 45
      vertex 4.80104 3.10251 45
      vertex 7.0641 1.6 45
    endloop
  endfacet
  facet normal 0 0 1
    outer loop
      vertex 4.25 4.72583 45
      vertex 5.6 7.0641 45
      vertex 5.13073 7.29552 45
    endloop
  endfacet
  facet normal -0 0 1
    outer loop
      vertex 4.72583 2.95 45
      vertex 7.0641 1.6 45
      vertex 4.80104 3.10251 45
    endloop
  endfacet
  facet normal 0 0 1
    outer loop
      vertex 7.0641 1.6 45
      vertex 4.72583 2.95 45
      vertex 6.77341 1.16495 45
    endloop
  endfacet
  facet normal 0 0 1
    outer loop
      vertex 7.56578 4.1221 45
      vertex 4.88888 3.76968 45
      vertex 4.9 3.6 45
    endloop
  endfacet
  facet normal 0 0 1
    outer loop
      vertex 7.4637 4.63528 45
      vertex 4.8557 3.93646 45
      vertex 4.88888 3.76968 45
    endloop
  endfacet
  facet normal 0 0 1
    outer loop
      vertex 7.29552 5.13073 45
      vertex 4.80104 4.09749 45
      vertex 4.8557 3.93646 45
    endloop
  endfacet
  facet normal 0 0 1
    outer loop
      vertex 7.0641 5.6 45
      vertex 4.72583 4.25 45
      vertex 4.80104 4.09749 45
    endloop
  endfacet
  facet normal 0 0 1
    outer loop
      vertex 4.09749 4.80104 45
      vertex 5.13073 7.29552 45
      vertex 4.63528 7.4637 45
    endloop
  endfacet
  facet normal 0 0 1
    outer loop
      vertex 6.77341 6.03505 45
      vertex 4.63136 4.39139 45
      vertex 4.72583 4.25 45
    endloop
  endfacet
  facet normal 0 0 1
    outer loop
      vertex 6.42843 6.42843 45
      vertex 4.51924 4.51924 45
      vertex 4.63136 4.39139 45
    endloop
  endfacet
  facet normal 0 0 1
    outer loop
      vertex 6.03505 6.77341 45
      vertex 4.39139 4.63136 45
      vertex 4.51924 4.51924 45
    endloop
  endfacet
  facet normal 0 0 1
    outer loop
      vertex 5.6 7.0641 45
      vertex 4.25 4.72583 45
      vertex 4.39139 4.63136 45
    endloop
  endfacet
  facet normal 0 0 1
    outer loop
      vertex 3.93646 4.8557 45
      vertex 4.63528 7.4637 45
      vertex 4.1221 7.56578 45
    endloop
  endfacet
  facet normal 0 0 1
    outer loop
      vertex 5.13073 7.29552 45
      vertex 4.09749 4.80104 45
      vertex 4.25 4.72583 45
    endloop
  endfacet
  facet normal 0 0 1
    outer loop
      vertex 4.63528 7.4637 45
      vertex 3.93646 4.8557 45
      vertex 4.09749 4.80104 45
    endloop
  endfacet
  facet normal 0 0 1
    outer loop
      vertex 4.1221 7.56578 45
      vertex 3.76968 4.88888 45
      vertex 3.93646 4.8557 45
    endloop
  endfacet
  facet normal 0 0 1
    outer loop
      vertex 3.6 7.6 45
      vertex 3.76968 4.88888 45
      vertex 4.1221 7.56578 45
    endloop
  endfacet
  facet normal 0 0 1
    outer loop
      vertex 3.6 7.6 45
      vertex 3.6 4.9 45
      vertex 3.76968 4.88888 45
    endloop
  endfacet
  facet normal 0 0 1
    outer loop
      vertex 3.6 7.6 45
      vertex 3.43032 4.88888 45
      vertex 3.6 4.9 45
    endloop
  endfacet
  facet normal -0 0 1
    outer loop
      vertex 3.0779 7.56578 45
      vertex 3.43032 4.88888 45
      vertex 3.6 7.6 45
    endloop
  endfacet
  facet normal 0 0 1
    outer loop
      vertex 3.43032 4.88888 45
      vertex 3.0779 7.56578 45
      vertex 3.26353 4.8557 45
    endloop
  endfacet
  facet normal -0 0 1
    outer loop
      vertex 2.56472 7.4637 45
      vertex 3.26353 4.8557 45
      vertex 3.0779 7.56578 45
    endloop
  endfacet
  facet normal 0 0 1
    outer loop
      vertex 3.26353 4.8557 45
      vertex 2.56472 7.4637 45
      vertex 3.10251 4.80104 45
    endloop
  endfacet
  facet normal -0 0 1
    outer loop
      vertex 2.06927 7.29552 45
      vertex 3.10251 4.80104 45
      vertex 2.56472 7.4637 45
    endloop
  endfacet
  facet normal 0 0 1
    outer loop
      vertex 3.10251 4.80104 45
      vertex 2.06927 7.29552 45
      vertex 2.95 4.72583 45
    endloop
  endfacet
  facet normal -0 0 1
    outer loop
      vertex 1.6 7.0641 45
      vertex 2.95 4.72583 45
      vertex 2.06927 7.29552 45
    endloop
  endfacet
  facet normal 0 0 1
    outer loop
      vertex 2.95 4.72583 45
      vertex 1.6 7.0641 45
      vertex 2.80861 4.63136 45
    endloop
  endfacet
  facet normal -0 0 1
    outer loop
      vertex 1.16495 6.77341 45
      vertex 2.80861 4.63136 45
      vertex 1.6 7.0641 45
    endloop
  endfacet
  facet normal 0 0 1
    outer loop
      vertex 2.80861 4.63136 45
      vertex 1.16495 6.77341 45
      vertex 2.68076 4.51924 45
    endloop
  endfacet
  facet normal -0 0 1
    outer loop
      vertex 0.771574 6.42843 45
      vertex 2.68076 4.51924 45
      vertex 1.16495 6.77341 45
    endloop
  endfacet
  facet normal 0 0 1
    outer loop
      vertex 2.68076 4.51924 45
      vertex 0.771574 6.42843 45
      vertex 2.56864 4.39139 45
    endloop
  endfacet
  facet normal 0 0 1
    outer loop
      vertex 2.56864 4.39139 45
      vertex 0.426587 6.03505 45
      vertex 2.47417 4.25 45
    endloop
  endfacet
  facet normal -0 0 1
    outer loop
      vertex 0.426587 6.03505 45
      vertex 2.56864 4.39139 45
      vertex 0.771574 6.42843 45
    endloop
  endfacet
  facet normal -0 0 1
    outer loop
      vertex 4.63136 2.80861 45
      vertex 6.77341 1.16495 45
      vertex 4.72583 2.95 45
    endloop
  endfacet
  facet normal 0 0 1
    outer loop
      vertex 6.77341 1.16495 45
      vertex 4.63136 2.80861 45
      vertex 6.42843 0.771574 45
    endloop
  endfacet
  facet normal -0 0 1
    outer loop
      vertex 4.51924 2.68076 45
      vertex 6.42843 0.771574 45
      vertex 4.63136 2.80861 45
    endloop
  endfacet
  facet normal 0 0 1
    outer loop
      vertex 6.42843 0.771574 45
      vertex 4.51924 2.68076 45
      vertex 6.03505 0.426587 45
    endloop
  endfacet
  facet normal -0 0 1
    outer loop
      vertex 4.39139 2.56864 45
      vertex 6.03505 0.426587 45
      vertex 4.51924 2.68076 45
    endloop
  endfacet
  facet normal 0 0 1
    outer loop
      vertex 6.03505 0.426587 45
      vertex 4.39139 2.56864 45
      vertex 5.6 0.135899 45
    endloop
  endfacet
  facet normal -0 0 1
    outer loop
      vertex 4.25 2.47417 45
      vertex 5.6 0.135899 45
      vertex 4.39139 2.56864 45
    endloop
  endfacet
  facet normal 0 0 1
    outer loop
      vertex 5.6 0.135899 45
      vertex 4.25 2.47417 45
      vertex 5.13073 -0.0955175 45
    endloop
  endfacet
  facet normal -0 0 1
    outer loop
      vertex 4.09749 2.39896 45
      vertex 5.13073 -0.0955175 45
      vertex 4.25 2.47417 45
    endloop
  endfacet
  facet normal 0 0 1
    outer loop
      vertex 5.13073 -0.0955175 45
      vertex 4.09749 2.39896 45
      vertex 4.63528 -0.263703 45
    endloop
  endfacet
  facet normal -0 0 1
    outer loop
      vertex 3.93646 2.3443 45
      vertex 4.63528 -0.263703 45
      vertex 4.09749 2.39896 45
    endloop
  endfacet
  facet normal 0 0 1
    outer loop
      vertex 4.63528 -0.263703 45
      vertex 3.93646 2.3443 45
      vertex 4.1221 -0.365779 45
    endloop
  endfacet
  facet normal -0 0 1
    outer loop
      vertex 3.76968 2.31112 45
      vertex 4.1221 -0.365779 45
      vertex 3.93646 2.3443 45
    endloop
  endfacet
  facet normal 0 0 1
    outer loop
      vertex 3.76968 2.31112 45
      vertex 3.6 -0.4 45
      vertex 4.1221 -0.365779 45
    endloop
  endfacet
  facet normal -0 0 1
    outer loop
      vertex 3.6 2.3 45
      vertex 3.6 -0.4 45
      vertex 3.76968 2.31112 45
    endloop
  endfacet
  facet normal 0 0 1
    outer loop
      vertex 3.43032 2.31112 45
      vertex 3.6 -0.4 45
      vertex 3.6 2.3 45
    endloop
  endfacet
  facet normal 0 0 1
    outer loop
      vertex 3.0779 -0.365779 45
      vertex 3.43032 2.31112 45
      vertex 3.26353 2.3443 45
    endloop
  endfacet
  facet normal 0 0 1
    outer loop
      vertex 2.56472 -0.263703 45
      vertex 3.26353 2.3443 45
      vertex 3.10251 2.39896 45
    endloop
  endfacet
  facet normal 0 0 1
    outer loop
      vertex 3.43032 2.31112 45
      vertex 3.0779 -0.365779 45
      vertex 3.6 -0.4 45
    endloop
  endfacet
  facet normal 0 0 1
    outer loop
      vertex 1.87558 5.72205e-07 45
      vertex 3.10251 2.39896 45
      vertex 2.95 2.47417 45
    endloop
  endfacet
  facet normal 0 0 1
    outer loop
      vertex 1.87558 5.72205e-07 45
      vertex 2.95 2.47417 45
      vertex 2.80861 2.56864 45
    endloop
  endfacet
  facet normal 0 0 1
    outer loop
      vertex 1.87558 5.72205e-07 45
      vertex 2.80861 2.56864 45
      vertex 2.68076 2.68076 45
    endloop
  endfacet
  facet normal 0 0 1
    outer loop
      vertex 5.72205e-07 1.87558 45
      vertex 2.68076 2.68076 45
      vertex 2.56864 2.80861 45
    endloop
  endfacet
  facet normal 0 0 1
    outer loop
      vertex 3.26353 2.3443 45
      vertex 2.56472 -0.263703 45
      vertex 3.0779 -0.365779 45
    endloop
  endfacet
  facet normal 0 0 1
    outer loop
      vertex 5.72205e-07 1.87558 45
      vertex 2.56864 2.80861 45
      vertex 2.47417 2.95 45
    endloop
  endfacet
  facet normal 0 0 1
    outer loop
      vertex 5.72205e-07 1.87558 45
      vertex 2.47417 2.95 45
      vertex 2.39896 3.10251 45
    endloop
  endfacet
  facet normal 0 0 1
    outer loop
      vertex 5.72205e-07 1.87558 45
      vertex 2.39896 3.10251 45
      vertex 2.3443 3.26353 45
    endloop
  endfacet
  facet normal 0 0 1
    outer loop
      vertex 5.72205e-07 1.87558 45
      vertex 2.3443 3.26353 45
      vertex 2.31112 3.43032 45
    endloop
  endfacet
  facet normal 0 0 1
    outer loop
      vertex 3.10251 2.39896 45
      vertex 2.06927 -0.0955175 45
      vertex 2.56472 -0.263703 45
    endloop
  endfacet
  facet normal 0 0 1
    outer loop
      vertex 5.72205e-07 1.87558 45
      vertex 2.31112 3.43032 45
      vertex 2.3 3.6 45
    endloop
  endfacet
  facet normal -0 0 1
    outer loop
      vertex 0.135899 5.6 45
      vertex 2.47417 4.25 45
      vertex 0.426587 6.03505 45
    endloop
  endfacet
  facet normal 0 0 1
    outer loop
      vertex 3.10251 2.39896 45
      vertex 1.87558 5.72205e-07 45
      vertex 2.06927 -0.0955175 45
    endloop
  endfacet
  facet normal 0 0 1
    outer loop
      vertex 2.47417 4.25 45
      vertex 0.135899 5.6 45
      vertex 2.39896 4.09749 45
    endloop
  endfacet
  facet normal -0 0 1
    outer loop
      vertex -0.0955175 5.13073 45
      vertex 2.39896 4.09749 45
      vertex 0.135899 5.6 45
    endloop
  endfacet
  facet normal 0 0 1
    outer loop
      vertex 2.39896 4.09749 45
      vertex -0.0955175 5.13073 45
      vertex 2.3443 3.93646 45
    endloop
  endfacet
  facet normal -0 0 1
    outer loop
      vertex -0.263703 4.63528 45
      vertex 2.3443 3.93646 45
      vertex -0.0955175 5.13073 45
    endloop
  endfacet
  facet normal 0 0 1
    outer loop
      vertex 2.3443 3.93646 45
      vertex -0.263703 4.63528 45
      vertex 2.31112 3.76968 45
    endloop
  endfacet
  facet normal 0 0 1
    outer loop
      vertex 2.68076 2.68076 45
      vertex 5.72205e-07 1.87558 45
      vertex 1.87558 5.72205e-07 45
    endloop
  endfacet
  facet normal 0 0 1
    outer loop
      vertex 1.87558 5.72205e-07 45
      vertex 5.72205e-07 1.87558 45
      vertex 5.72205e-07 5.72205e-07 45
    endloop
  endfacet
  facet normal 0.321115 0.94704 -0
    outer loop
      vertex 172.931 7.29552 0
      vertex 172.435 7.4637 45
      vertex 172.931 7.29552 45
    endloop
  endfacet
  facet normal 0.321115 0.94704 0
    outer loop
      vertex 172.435 7.4637 45
      vertex 172.931 7.29552 0
      vertex 172.435 7.4637 0
    endloop
  endfacet
  facet normal 0.442496 0.89677 -0
    outer loop
      vertex 173.4 7.0641 0
      vertex 172.931 7.29552 45
      vertex 173.4 7.0641 45
    endloop
  endfacet
  facet normal 0.442496 0.89677 0
    outer loop
      vertex 172.931 7.29552 45
      vertex 173.4 7.0641 0
      vertex 172.931 7.29552 0
    endloop
  endfacet
  facet normal -0.997886 -0.064984 0
    outer loop
      vertex 167.434 3.0779 0
      vertex 167.4 3.6 45
      vertex 167.4 3.6 0
    endloop
  endfacet
  facet normal -0.997886 -0.064984 0
    outer loop
      vertex 167.4 3.6 45
      vertex 167.434 3.0779 0
      vertex 167.434 3.0779 45
    endloop
  endfacet
  facet normal 0.896745 0.442548 0
    outer loop
      vertex 175 5.32442 45
      vertex 174.864 5.6 0
      vertex 174.864 5.6 45
    endloop
  endfacet
  facet normal 0.896745 0.442548 0
    outer loop
      vertex 174.864 5.6 0
      vertex 175 5.32442 45
      vertex 175 5.32442 0
    endloop
  endfacet
  facet normal 0 0 -1
    outer loop
      vertex 175 5.32442 45
      vertex 174.864 5.6 45
      vertex 175.096 5.13073 45
    endloop
  endfacet
  facet normal 0.831197 0.555978 0
    outer loop
      vertex 174.864 5.6 45
      vertex 174.573 6.03505 0
      vertex 174.573 6.03505 45
    endloop
  endfacet
  facet normal 0.831197 0.555978 0
    outer loop
      vertex 174.573 6.03505 0
      vertex 174.864 5.6 45
      vertex 174.864 5.6 0
    endloop
  endfacet
  facet normal -0.659701 0.751529 0
    outer loop
      vertex 168.965 6.77341 0
      vertex 168.572 6.42843 45
      vertex 168.965 6.77341 45
    endloop
  endfacet
  facet normal -0.659701 0.751529 0
    outer loop
      vertex 168.572 6.42843 45
      vertex 168.965 6.77341 0
      vertex 168.572 6.42843 0
    endloop
  endfacet
  facet normal 0.751826 0.659362 0
    outer loop
      vertex 174.573 6.03505 45
      vertex 174.228 6.42843 0
      vertex 174.228 6.42843 45
    endloop
  endfacet
  facet normal 0.751826 0.659362 0
    outer loop
      vertex 174.228 6.42843 0
      vertex 174.573 6.03505 45
      vertex 174.573 6.03505 0
    endloop
  endfacet
  facet normal -0.980814 0.194947 0
    outer loop
      vertex 167.434 4.1221 0
      vertex 167.536 4.63528 45
      vertex 167.536 4.63528 0
    endloop
  endfacet
  facet normal -0.980814 0.194947 0
    outer loop
      vertex 167.536 4.63528 45
      vertex 167.434 4.1221 0
      vertex 167.434 4.1221 45
    endloop
  endfacet
  facet normal -0.55561 -0.831443 0
    outer loop
      vertex 168.965 0.426587 0
      vertex 169.4 0.135899 45
      vertex 168.965 0.426587 45
    endloop
  endfacet
  facet normal -0.55561 -0.831443 -0
    outer loop
      vertex 169.4 0.135899 45
      vertex 168.965 0.426587 0
      vertex 169.4 0.135899 0
    endloop
  endfacet
  facet normal -0.997886 0.064984 0
    outer loop
      vertex 167.4 3.6 0
      vertex 167.434 4.1221 45
      vertex 167.434 4.1221 0
    endloop
  endfacet
  facet normal -0.997886 0.064984 0
    outer loop
      vertex 167.434 4.1221 45
      vertex 167.4 3.6 0
      vertex 167.4 3.6 45
    endloop
  endfacet
  facet normal -0.751822 -0.659366 0
    outer loop
      vertex 168.572 0.771574 0
      vertex 168.227 1.16495 45
      vertex 168.227 1.16495 0
    endloop
  endfacet
  facet normal -0.751822 -0.659366 0
    outer loop
      vertex 168.227 1.16495 45
      vertex 168.572 0.771574 0
      vertex 168.572 0.771574 45
    endloop
  endfacet
  facet normal -0.442496 0.89677 0
    outer loop
      vertex 169.869 7.29552 0
      vertex 169.4 7.0641 45
      vertex 169.869 7.29552 45
    endloop
  endfacet
  facet normal -0.442496 0.89677 0
    outer loop
      vertex 169.4 7.0641 45
      vertex 169.869 7.29552 0
      vertex 169.4 7.0641 0
    endloop
  endfacet
  facet normal -0.751826 0.659362 0
    outer loop
      vertex 168.227 6.03505 0
      vertex 168.572 6.42843 45
      vertex 168.572 6.42843 0
    endloop
  endfacet
  facet normal -0.751826 0.659362 0
    outer loop
      vertex 168.572 6.42843 45
      vertex 168.227 6.03505 0
      vertex 168.227 6.03505 45
    endloop
  endfacet
  facet normal -0.321115 0.94704 0
    outer loop
      vertex 170.365 7.4637 0
      vertex 169.869 7.29552 45
      vertex 170.365 7.4637 45
    endloop
  endfacet
  facet normal -0.321115 0.94704 0
    outer loop
      vertex 169.869 7.29552 45
      vertex 170.365 7.4637 0
      vertex 169.869 7.29552 0
    endloop
  endfacet
  facet normal -0.980814 -0.194947 0
    outer loop
      vertex 167.536 2.56472 0
      vertex 167.434 3.0779 45
      vertex 167.434 3.0779 0
    endloop
  endfacet
  facet normal -0.980814 -0.194947 0
    outer loop
      vertex 167.434 3.0779 45
      vertex 167.536 2.56472 0
      vertex 167.536 2.56472 45
    endloop
  endfacet
  facet normal 0.555613 0.831441 -0
    outer loop
      vertex 173.835 6.77341 0
      vertex 173.4 7.0641 45
      vertex 173.835 6.77341 45
    endloop
  endfacet
  facet normal 0.555613 0.831441 0
    outer loop
      vertex 173.4 7.0641 45
      vertex 173.835 6.77341 0
      vertex 173.4 7.0641 0
    endloop
  endfacet
  facet normal -0.0654151 0.997858 0
    outer loop
      vertex 171.4 7.6 0
      vertex 170.878 7.56578 45
      vertex 171.4 7.6 45
    endloop
  endfacet
  facet normal -0.0654151 0.997858 0
    outer loop
      vertex 170.878 7.56578 45
      vertex 171.4 7.6 0
      vertex 170.878 7.56578 0
    endloop
  endfacet
  facet normal -0.659708 -0.751522 0
    outer loop
      vertex 168.572 0.771574 0
      vertex 168.965 0.426587 45
      vertex 168.572 0.771574 45
    endloop
  endfacet
  facet normal -0.659708 -0.751522 -0
    outer loop
      vertex 168.965 0.426587 45
      vertex 168.572 0.771574 0
      vertex 168.965 0.426587 0
    endloop
  endfacet
  facet normal 0.659701 0.751529 -0
    outer loop
      vertex 174.228 6.42843 0
      vertex 173.835 6.77341 45
      vertex 174.228 6.42843 45
    endloop
  endfacet
  facet normal 0.659701 0.751529 0
    outer loop
      vertex 173.835 6.77341 45
      vertex 174.228 6.42843 0
      vertex 173.835 6.77341 0
    endloop
  endfacet
  facet normal -0.896432 0.443182 0
    outer loop
      vertex 167.704 5.13073 0
      vertex 167.936 5.6 45
      vertex 167.936 5.6 0
    endloop
  endfacet
  facet normal -0.896432 0.443182 0
    outer loop
      vertex 167.936 5.6 45
      vertex 167.704 5.13073 0
      vertex 167.704 5.13073 45
    endloop
  endfacet
  facet normal 0.0654151 0.997858 -0
    outer loop
      vertex 171.922 7.56578 0
      vertex 171.4 7.6 45
      vertex 171.922 7.56578 45
    endloop
  endfacet
  facet normal 0.0654151 0.997858 0
    outer loop
      vertex 171.4 7.6 45
      vertex 171.922 7.56578 0
      vertex 171.4 7.6 0
    endloop
  endfacet
  facet normal -0.19516 0.980771 0
    outer loop
      vertex 170.878 7.56578 0
      vertex 170.365 7.4637 45
      vertex 170.878 7.56578 45
    endloop
  endfacet
  facet normal -0.19516 0.980771 0
    outer loop
      vertex 170.365 7.4637 45
      vertex 170.878 7.56578 0
      vertex 170.365 7.4637 0
    endloop
  endfacet
  facet normal -0.555613 0.831441 0
    outer loop
      vertex 169.4 7.0641 0
      vertex 168.965 6.77341 45
      vertex 169.4 7.0641 45
    endloop
  endfacet
  facet normal -0.555613 0.831441 0
    outer loop
      vertex 168.965 6.77341 45
      vertex 169.4 7.0641 0
      vertex 168.965 6.77341 0
    endloop
  endfacet
  facet normal -0.947036 0.321126 0
    outer loop
      vertex 167.536 4.63528 0
      vertex 167.704 5.13073 45
      vertex 167.704 5.13073 0
    endloop
  endfacet
  facet normal -0.947036 0.321126 0
    outer loop
      vertex 167.704 5.13073 45
      vertex 167.536 4.63528 0
      vertex 167.536 4.63528 45
    endloop
  endfacet
  facet normal -0.947036 -0.321126 0
    outer loop
      vertex 167.704 2.06927 0
      vertex 167.536 2.56472 45
      vertex 167.536 2.56472 0
    endloop
  endfacet
  facet normal -0.947036 -0.321126 0
    outer loop
      vertex 167.536 2.56472 45
      vertex 167.704 2.06927 0
      vertex 167.704 2.06927 45
    endloop
  endfacet
  facet normal -0.831197 0.555978 0
    outer loop
      vertex 167.936 5.6 0
      vertex 168.227 6.03505 45
      vertex 168.227 6.03505 0
    endloop
  endfacet
  facet normal -0.831197 0.555978 0
    outer loop
      vertex 168.227 6.03505 45
      vertex 167.936 5.6 0
      vertex 167.936 5.6 45
    endloop
  endfacet
  facet normal -0.896432 -0.443182 0
    outer loop
      vertex 167.936 1.6 0
      vertex 167.704 2.06927 45
      vertex 167.704 2.06927 0
    endloop
  endfacet
  facet normal -0.896432 -0.443182 0
    outer loop
      vertex 167.704 2.06927 45
      vertex 167.936 1.6 0
      vertex 167.936 1.6 45
    endloop
  endfacet
  facet normal 0.19516 0.980771 -0
    outer loop
      vertex 172.435 7.4637 0
      vertex 171.922 7.56578 45
      vertex 172.435 7.4637 45
    endloop
  endfacet
  facet normal 0.19516 0.980771 0
    outer loop
      vertex 171.922 7.56578 45
      vertex 172.435 7.4637 0
      vertex 171.922 7.56578 0
    endloop
  endfacet
  facet normal -0.441742 -0.897142 0
    outer loop
      vertex 169.4 0.135899 0
      vertex 169.676 0 45
      vertex 169.4 0.135899 45
    endloop
  endfacet
  facet normal -0.441742 -0.897142 -0
    outer loop
      vertex 169.676 0 45
      vertex 169.4 0.135899 0
      vertex 169.676 0 0
    endloop
  endfacet
  facet normal -0 -0 -1
    outer loop
      vertex 169.676 0 45
      vertex 169.869 -0.0955175 45
      vertex 169.4 0.135899 45
    endloop
  endfacet
  facet normal -0.831197 -0.555978 0
    outer loop
      vertex 168.227 1.16495 0
      vertex 167.936 1.6 45
      vertex 167.936 1.6 0
    endloop
  endfacet
  facet normal -0.831197 -0.555978 0
    outer loop
      vertex 167.936 1.6 45
      vertex 168.227 1.16495 0
      vertex 168.227 1.16495 45
    endloop
  endfacet
  facet normal 0 0 1
    outer loop
      vertex 172.7 3.6 45
      vertex 175.4 3.6 45
      vertex 175.366 4.1221 45
    endloop
  endfacet
  facet normal 0 0 1
    outer loop
      vertex 172.689 3.76968 45
      vertex 175.366 4.1221 45
      vertex 175.264 4.63528 45
    endloop
  endfacet
  facet normal 0 0 1
    outer loop
      vertex 175.4 3.6 45
      vertex 172.7 3.6 45
      vertex 175.366 3.0779 45
    endloop
  endfacet
  facet normal 0 0 1
    outer loop
      vertex 172.656 3.93646 45
      vertex 175.264 4.63528 45
      vertex 175.096 5.13073 45
    endloop
  endfacet
  facet normal -0 0 1
    outer loop
      vertex 172.689 3.43032 45
      vertex 175.366 3.0779 45
      vertex 172.7 3.6 45
    endloop
  endfacet
  facet normal 0 0 1
    outer loop
      vertex 175.366 3.0779 45
      vertex 172.689 3.43032 45
      vertex 175.264 2.56472 45
    endloop
  endfacet
  facet normal 0 0 1
    outer loop
      vertex 172.601 4.09749 45
      vertex 175.096 5.13073 45
      vertex 174.864 5.6 45
    endloop
  endfacet
  facet normal -0 0 1
    outer loop
      vertex 172.656 3.26353 45
      vertex 175.264 2.56472 45
      vertex 172.689 3.43032 45
    endloop
  endfacet
  facet normal 0 0 1
    outer loop
      vertex 172.526 4.25 45
      vertex 174.864 5.6 45
      vertex 174.573 6.03505 45
    endloop
  endfacet
  facet normal 0 0 1
    outer loop
      vertex 172.431 4.39139 45
      vertex 174.573 6.03505 45
      vertex 174.228 6.42843 45
    endloop
  endfacet
  facet normal 0 0 1
    outer loop
      vertex 172.319 4.51924 45
      vertex 174.228 6.42843 45
      vertex 173.835 6.77341 45
    endloop
  endfacet
  facet normal 0 0 1
    outer loop
      vertex 172.191 4.63136 45
      vertex 173.835 6.77341 45
      vertex 173.4 7.0641 45
    endloop
  endfacet
  facet normal 0 0 1
    outer loop
      vertex 175.366 4.1221 45
      vertex 172.689 3.76968 45
      vertex 172.7 3.6 45
    endloop
  endfacet
  facet normal 0 0 1
    outer loop
      vertex 172.05 4.72583 45
      vertex 173.4 7.0641 45
      vertex 172.931 7.29552 45
    endloop
  endfacet
  facet normal -0 0 1
    outer loop
      vertex 172.601 3.10251 45
      vertex 175.096 2.06927 45
      vertex 172.656 3.26353 45
    endloop
  endfacet
  facet normal 0 0 1
    outer loop
      vertex 175.096 2.06927 45
      vertex 172.601 3.10251 45
      vertex 175 1.87558 45
    endloop
  endfacet
  facet normal 0 0 1
    outer loop
      vertex 175.264 2.56472 45
      vertex 172.656 3.26353 45
      vertex 175.096 2.06927 45
    endloop
  endfacet
  facet normal 0 0 1
    outer loop
      vertex 175.264 4.63528 45
      vertex 172.656 3.93646 45
      vertex 172.689 3.76968 45
    endloop
  endfacet
  facet normal 0 0 1
    outer loop
      vertex 175.096 5.13073 45
      vertex 172.601 4.09749 45
      vertex 172.656 3.93646 45
    endloop
  endfacet
  facet normal 0 0 1
    outer loop
      vertex 174.864 5.6 45
      vertex 172.526 4.25 45
      vertex 172.601 4.09749 45
    endloop
  endfacet
  facet normal 0 0 1
    outer loop
      vertex 171.897 4.80104 45
      vertex 172.931 7.29552 45
      vertex 172.435 7.4637 45
    endloop
  endfacet
  facet normal 0 0 1
    outer loop
      vertex 174.573 6.03505 45
      vertex 172.431 4.39139 45
      vertex 172.526 4.25 45
    endloop
  endfacet
  facet normal 0 0 1
    outer loop
      vertex 174.228 6.42843 45
      vertex 172.319 4.51924 45
      vertex 172.431 4.39139 45
    endloop
  endfacet
  facet normal 0 0 1
    outer loop
      vertex 173.835 6.77341 45
      vertex 172.191 4.63136 45
      vertex 172.319 4.51924 45
    endloop
  endfacet
  facet normal 0 0 1
    outer loop
      vertex 173.4 7.0641 45
      vertex 172.05 4.72583 45
      vertex 172.191 4.63136 45
    endloop
  endfacet
  facet normal 0 0 1
    outer loop
      vertex 171.736 4.8557 45
      vertex 172.435 7.4637 45
      vertex 171.922 7.56578 45
    endloop
  endfacet
  facet normal 0 0 1
    outer loop
      vertex 172.931 7.29552 45
      vertex 171.897 4.80104 45
      vertex 172.05 4.72583 45
    endloop
  endfacet
  facet normal 0 0 1
    outer loop
      vertex 172.435 7.4637 45
      vertex 171.736 4.8557 45
      vertex 171.897 4.80104 45
    endloop
  endfacet
  facet normal 0 0 1
    outer loop
      vertex 171.922 7.56578 45
      vertex 171.57 4.88888 45
      vertex 171.736 4.8557 45
    endloop
  endfacet
  facet normal 0 0 1
    outer loop
      vertex 171.4 7.6 45
      vertex 171.57 4.88888 45
      vertex 171.922 7.56578 45
    endloop
  endfacet
  facet normal 0 0 1
    outer loop
      vertex 171.4 7.6 45
      vertex 171.4 4.9 45
      vertex 171.57 4.88888 45
    endloop
  endfacet
  facet normal 0 0 1
    outer loop
      vertex 171.4 7.6 45
      vertex 171.23 4.88888 45
      vertex 171.4 4.9 45
    endloop
  endfacet
  facet normal -0 0 1
    outer loop
      vertex 170.878 7.56578 45
      vertex 171.23 4.88888 45
      vertex 171.4 7.6 45
    endloop
  endfacet
  facet normal 0 0 1
    outer loop
      vertex 171.23 4.88888 45
      vertex 170.878 7.56578 45
      vertex 171.064 4.8557 45
    endloop
  endfacet
  facet normal -0 0 1
    outer loop
      vertex 170.365 7.4637 45
      vertex 171.064 4.8557 45
      vertex 170.878 7.56578 45
    endloop
  endfacet
  facet normal 0 0 1
    outer loop
      vertex 171.064 4.8557 45
      vertex 170.365 7.4637 45
      vertex 170.903 4.80104 45
    endloop
  endfacet
  facet normal -0 0 1
    outer loop
      vertex 169.869 7.29552 45
      vertex 170.903 4.80104 45
      vertex 170.365 7.4637 45
    endloop
  endfacet
  facet normal 0 0 1
    outer loop
      vertex 170.903 4.80104 45
      vertex 169.869 7.29552 45
      vertex 170.75 4.72583 45
    endloop
  endfacet
  facet normal -0 0 1
    outer loop
      vertex 169.4 7.0641 45
      vertex 170.75 4.72583 45
      vertex 169.869 7.29552 45
    endloop
  endfacet
  facet normal 0 0 1
    outer loop
      vertex 170.75 4.72583 45
      vertex 169.4 7.0641 45
      vertex 170.609 4.63136 45
    endloop
  endfacet
  facet normal -0 0 1
    outer loop
      vertex 168.965 6.77341 45
      vertex 170.609 4.63136 45
      vertex 169.4 7.0641 45
    endloop
  endfacet
  facet normal 0 0 1
    outer loop
      vertex 170.609 4.63136 45
      vertex 168.965 6.77341 45
      vertex 170.481 4.51924 45
    endloop
  endfacet
  facet normal -0 0 1
    outer loop
      vertex 168.572 6.42843 45
      vertex 170.481 4.51924 45
      vertex 168.965 6.77341 45
    endloop
  endfacet
  facet normal 0 0 1
    outer loop
      vertex 170.481 4.51924 45
      vertex 168.572 6.42843 45
      vertex 170.369 4.39139 45
    endloop
  endfacet
  facet normal 0 0 1
    outer loop
      vertex 170.369 4.39139 45
      vertex 168.227 6.03505 45
      vertex 170.274 4.25 45
    endloop
  endfacet
  facet normal -0 0 1
    outer loop
      vertex 168.227 6.03505 45
      vertex 170.369 4.39139 45
      vertex 168.572 6.42843 45
    endloop
  endfacet
  facet normal -0 0 1
    outer loop
      vertex 172.526 2.95 45
      vertex 175 1.87558 45
      vertex 172.601 3.10251 45
    endloop
  endfacet
  facet normal -0 0 1
    outer loop
      vertex 172.431 2.80861 45
      vertex 175 1.87558 45
      vertex 172.526 2.95 45
    endloop
  endfacet
  facet normal -0 0 1
    outer loop
      vertex 172.319 2.68076 45
      vertex 175 1.87558 45
      vertex 172.431 2.80861 45
    endloop
  endfacet
  facet normal 0 0 1
    outer loop
      vertex 175 1.87558 45
      vertex 173.124 5.72205e-07 45
      vertex 175 5.72205e-07 45
    endloop
  endfacet
  facet normal 0 0 1
    outer loop
      vertex 175 1.87558 45
      vertex 172.319 2.68076 45
      vertex 173.124 5.72205e-07 45
    endloop
  endfacet
  facet normal -0 0 1
    outer loop
      vertex 172.191 2.56864 45
      vertex 173.124 5.72205e-07 45
      vertex 172.319 2.68076 45
    endloop
  endfacet
  facet normal -0 0 1
    outer loop
      vertex 172.05 2.47417 45
      vertex 173.124 5.72205e-07 45
      vertex 172.191 2.56864 45
    endloop
  endfacet
  facet normal -0 0 1
    outer loop
      vertex 171.897 2.39896 45
      vertex 173.124 5.72205e-07 45
      vertex 172.05 2.47417 45
    endloop
  endfacet
  facet normal 0 0 1
    outer loop
      vertex 173.124 5.72205e-07 45
      vertex 171.897 2.39896 45
      vertex 172.931 -0.0955175 45
    endloop
  endfacet
  facet normal 0 0 1
    outer loop
      vertex 172.931 -0.0955175 45
      vertex 171.897 2.39896 45
      vertex 172.435 -0.263703 45
    endloop
  endfacet
  facet normal -0 0 1
    outer loop
      vertex 171.736 2.3443 45
      vertex 172.435 -0.263703 45
      vertex 171.897 2.39896 45
    endloop
  endfacet
  facet normal 0 0 1
    outer loop
      vertex 172.435 -0.263703 45
      vertex 171.736 2.3443 45
      vertex 171.922 -0.365779 45
    endloop
  endfacet
  facet normal -0 0 1
    outer loop
      vertex 171.57 2.31112 45
      vertex 171.922 -0.365779 45
      vertex 171.736 2.3443 45
    endloop
  endfacet
  facet normal -0 0 1
    outer loop
      vertex 171.4 2.3 45
      vertex 171.922 -0.365779 45
      vertex 171.57 2.31112 45
    endloop
  endfacet
  facet normal 0 0 1
    outer loop
      vertex 171.4 2.3 45
      vertex 171.4 -0.4 45
      vertex 171.922 -0.365779 45
    endloop
  endfacet
  facet normal 0 0 1
    outer loop
      vertex 171.23 2.31112 45
      vertex 171.4 -0.4 45
      vertex 171.4 2.3 45
    endloop
  endfacet
  facet normal 0 0 1
    outer loop
      vertex 170.878 -0.365779 45
      vertex 171.23 2.31112 45
      vertex 171.064 2.3443 45
    endloop
  endfacet
  facet normal 0 0 1
    outer loop
      vertex 170.365 -0.263703 45
      vertex 171.064 2.3443 45
      vertex 170.903 2.39896 45
    endloop
  endfacet
  facet normal 0 0 1
    outer loop
      vertex 171.23 2.31112 45
      vertex 170.878 -0.365779 45
      vertex 171.4 -0.4 45
    endloop
  endfacet
  facet normal 0 0 1
    outer loop
      vertex 169.869 -0.0955175 45
      vertex 170.903 2.39896 45
      vertex 170.75 2.47417 45
    endloop
  endfacet
  facet normal 0 0 1
    outer loop
      vertex 169.4 0.135899 45
      vertex 170.75 2.47417 45
      vertex 170.609 2.56864 45
    endloop
  endfacet
  facet normal 0 0 1
    outer loop
      vertex 168.965 0.426587 45
      vertex 170.609 2.56864 45
      vertex 170.481 2.68076 45
    endloop
  endfacet
  facet normal 0 0 1
    outer loop
      vertex 168.572 0.771574 45
      vertex 170.481 2.68076 45
      vertex 170.369 2.80861 45
    endloop
  endfacet
  facet normal 0 0 1
    outer loop
      vertex 171.064 2.3443 45
      vertex 170.365 -0.263703 45
      vertex 170.878 -0.365779 45
    endloop
  endfacet
  facet normal 0 0 1
    outer loop
      vertex 168.227 1.16495 45
      vertex 170.369 2.80861 45
      vertex 170.274 2.95 45
    endloop
  endfacet
  facet normal 0 0 1
    outer loop
      vertex 167.936 1.6 45
      vertex 170.274 2.95 45
      vertex 170.199 3.10251 45
    endloop
  endfacet
  facet normal 0 0 1
    outer loop
      vertex 167.704 2.06927 45
      vertex 170.199 3.10251 45
      vertex 170.144 3.26353 45
    endloop
  endfacet
  facet normal 0 0 1
    outer loop
      vertex 167.536 2.56472 45
      vertex 170.144 3.26353 45
      vertex 170.111 3.43032 45
    endloop
  endfacet
  facet normal 0 0 1
    outer loop
      vertex 170.903 2.39896 45
      vertex 169.869 -0.0955175 45
      vertex 170.365 -0.263703 45
    endloop
  endfacet
  facet normal 0 0 1
    outer loop
      vertex 167.434 3.0779 45
      vertex 170.111 3.43032 45
      vertex 170.1 3.6 45
    endloop
  endfacet
  facet normal -0 0 1
    outer loop
      vertex 167.936 5.6 45
      vertex 170.274 4.25 45
      vertex 168.227 6.03505 45
    endloop
  endfacet
  facet normal 0 0 1
    outer loop
      vertex 170.274 4.25 45
      vertex 167.936 5.6 45
      vertex 170.199 4.09749 45
    endloop
  endfacet
  facet normal 0 0 1
    outer loop
      vertex 170.75 2.47417 45
      vertex 169.4 0.135899 45
      vertex 169.869 -0.0955175 45
    endloop
  endfacet
  facet normal -0 0 1
    outer loop
      vertex 167.704 5.13073 45
      vertex 170.199 4.09749 45
      vertex 167.936 5.6 45
    endloop
  endfacet
  facet normal 0 0 1
    outer loop
      vertex 170.609 2.56864 45
      vertex 168.965 0.426587 45
      vertex 169.4 0.135899 45
    endloop
  endfacet
  facet normal 0 0 1
    outer loop
      vertex 170.199 4.09749 45
      vertex 167.704 5.13073 45
      vertex 170.144 3.93646 45
    endloop
  endfacet
  facet normal 0 0 1
    outer loop
      vertex 170.481 2.68076 45
      vertex 168.572 0.771574 45
      vertex 168.965 0.426587 45
    endloop
  endfacet
  facet normal -0 0 1
    outer loop
      vertex 167.536 4.63528 45
      vertex 170.144 3.93646 45
      vertex 167.704 5.13073 45
    endloop
  endfacet
  facet normal 0 0 1
    outer loop
      vertex 170.369 2.80861 45
      vertex 168.227 1.16495 45
      vertex 168.572 0.771574 45
    endloop
  endfacet
  facet normal 0 0 1
    outer loop
      vertex 170.144 3.93646 45
      vertex 167.536 4.63528 45
      vertex 170.111 3.76968 45
    endloop
  endfacet
  facet normal 0 0 1
    outer loop
      vertex 170.274 2.95 45
      vertex 167.936 1.6 45
      vertex 168.227 1.16495 45
    endloop
  endfacet
  facet normal -0 0 1
    outer loop
      vertex 167.434 4.1221 45
      vertex 170.111 3.76968 45
      vertex 167.536 4.63528 45
    endloop
  endfacet
  facet normal 0 0 1
    outer loop
      vertex 170.199 3.10251 45
      vertex 167.704 2.06927 45
      vertex 167.936 1.6 45
    endloop
  endfacet
  facet normal 0 0 1
    outer loop
      vertex 170.111 3.76968 45
      vertex 167.434 4.1221 45
      vertex 170.1 3.6 45
    endloop
  endfacet
  facet normal 0 0 1
    outer loop
      vertex 170.144 3.26353 45
      vertex 167.536 2.56472 45
      vertex 167.704 2.06927 45
    endloop
  endfacet
  facet normal 0 0 1
    outer loop
      vertex 167.4 3.6 45
      vertex 170.1 3.6 45
      vertex 167.434 4.1221 45
    endloop
  endfacet
  facet normal 0 0 1
    outer loop
      vertex 170.111 3.43032 45
      vertex 167.434 3.0779 45
      vertex 167.536 2.56472 45
    endloop
  endfacet
  facet normal 0 0 1
    outer loop
      vertex 170.1 3.6 45
      vertex 167.4 3.6 45
      vertex 167.434 3.0779 45
    endloop
  endfacet
  facet normal 0.980771 0.19516 0
    outer loop
      vertex 7.56578 116.922 45
      vertex 7.4637 117.435 0
      vertex 7.4637 117.435 45
    endloop
  endfacet
  facet normal 0.980771 0.19516 0
    outer loop
      vertex 7.4637 117.435 0
      vertex 7.56578 116.922 45
      vertex 7.56578 116.922 0
    endloop
  endfacet
  facet normal 0.997858 0.0654151 0
    outer loop
      vertex 7.6 116.4 45
      vertex 7.56578 116.922 0
      vertex 7.56578 116.922 45
    endloop
  endfacet
  facet normal 0.997858 0.0654151 0
    outer loop
      vertex 7.56578 116.922 0
      vertex 7.6 116.4 45
      vertex 7.6 116.4 0
    endloop
  endfacet
  facet normal 0.94704 0.321115 0
    outer loop
      vertex 7.4637 117.435 45
      vertex 7.29552 117.931 0
      vertex 7.29552 117.931 45
    endloop
  endfacet
  facet normal 0.94704 0.321115 0
    outer loop
      vertex 7.29552 117.931 0
      vertex 7.4637 117.435 45
      vertex 7.4637 117.435 0
    endloop
  endfacet
  facet normal 0.442548 0.896745 -0
    outer loop
      vertex 5.6 119.864 0
      vertex 5.32442 120 45
      vertex 5.6 119.864 45
    endloop
  endfacet
  facet normal 0.442548 0.896745 0
    outer loop
      vertex 5.32442 120 45
      vertex 5.6 119.864 0
      vertex 5.32442 120 0
    endloop
  endfacet
  facet normal 0 0 -1
    outer loop
      vertex 5.6 119.864 45
      vertex 5.32442 120 45
      vertex 5.13073 120.096 45
    endloop
  endfacet
  facet normal 0.89677 0.442496 0
    outer loop
      vertex 7.29552 117.931 45
      vertex 7.0641 118.4 0
      vertex 7.0641 118.4 45
    endloop
  endfacet
  facet normal 0.89677 0.442496 0
    outer loop
      vertex 7.0641 118.4 0
      vertex 7.29552 117.931 45
      vertex 7.29552 117.931 0
    endloop
  endfacet
  facet normal 0.831441 0.555613 0
    outer loop
      vertex 7.0641 118.4 45
      vertex 6.77341 118.835 0
      vertex 6.77341 118.835 45
    endloop
  endfacet
  facet normal 0.831441 0.555613 0
    outer loop
      vertex 6.77341 118.835 0
      vertex 7.0641 118.4 45
      vertex 7.0641 118.4 0
    endloop
  endfacet
  facet normal 0.751529 0.659701 0
    outer loop
      vertex 6.77341 118.835 45
      vertex 6.42843 119.228 0
      vertex 6.42843 119.228 45
    endloop
  endfacet
  facet normal 0.751529 0.659701 0
    outer loop
      vertex 6.42843 119.228 0
      vertex 6.77341 118.835 45
      vertex 6.77341 118.835 0
    endloop
  endfacet
  facet normal -0.751522 -0.659708 0
    outer loop
      vertex 0.771574 113.572 0
      vertex 0.426587 113.965 45
      vertex 0.426587 113.965 0
    endloop
  endfacet
  facet normal -0.751522 -0.659708 0
    outer loop
      vertex 0.426587 113.965 45
      vertex 0.771574 113.572 0
      vertex 0.771574 113.572 45
    endloop
  endfacet
  facet normal 0.194947 -0.980814 0
    outer loop
      vertex 4.1221 112.434 0
      vertex 4.63528 112.536 45
      vertex 4.1221 112.434 45
    endloop
  endfacet
  facet normal 0.194947 -0.980814 0
    outer loop
      vertex 4.63528 112.536 45
      vertex 4.1221 112.434 0
      vertex 4.63528 112.536 0
    endloop
  endfacet
  facet normal -0.321126 -0.947036 0
    outer loop
      vertex 2.06927 112.704 0
      vertex 2.56472 112.536 45
      vertex 2.06927 112.704 45
    endloop
  endfacet
  facet normal -0.321126 -0.947036 -0
    outer loop
      vertex 2.56472 112.536 45
      vertex 2.06927 112.704 0
      vertex 2.56472 112.536 0
    endloop
  endfacet
  facet normal 0.980771 -0.19516 0
    outer loop
      vertex 7.4637 115.365 45
      vertex 7.56578 115.878 0
      vertex 7.56578 115.878 45
    endloop
  endfacet
  facet normal 0.980771 -0.19516 0
    outer loop
      vertex 7.56578 115.878 0
      vertex 7.4637 115.365 45
      vertex 7.4637 115.365 0
    endloop
  endfacet
  facet normal 0.831441 -0.555613 0
    outer loop
      vertex 6.77341 113.965 45
      vertex 7.0641 114.4 0
      vertex 7.0641 114.4 45
    endloop
  endfacet
  facet normal 0.831441 -0.555613 0
    outer loop
      vertex 7.0641 114.4 0
      vertex 6.77341 113.965 45
      vertex 6.77341 113.965 0
    endloop
  endfacet
  facet normal -0.194947 -0.980814 0
    outer loop
      vertex 2.56472 112.536 0
      vertex 3.0779 112.434 45
      vertex 2.56472 112.536 45
    endloop
  endfacet
  facet normal -0.194947 -0.980814 -0
    outer loop
      vertex 3.0779 112.434 45
      vertex 2.56472 112.536 0
      vertex 3.0779 112.434 0
    endloop
  endfacet
  facet normal 0.555978 0.831197 -0
    outer loop
      vertex 6.03505 119.573 0
      vertex 5.6 119.864 45
      vertex 6.03505 119.573 45
    endloop
  endfacet
  facet normal 0.555978 0.831197 0
    outer loop
      vertex 5.6 119.864 45
      vertex 6.03505 119.573 0
      vertex 5.6 119.864 0
    endloop
  endfacet
  facet normal 0.94704 -0.321115 0
    outer loop
      vertex 7.29552 114.869 45
      vertex 7.4637 115.365 0
      vertex 7.4637 115.365 45
    endloop
  endfacet
  facet normal 0.94704 -0.321115 0
    outer loop
      vertex 7.4637 115.365 0
      vertex 7.29552 114.869 45
      vertex 7.29552 114.869 0
    endloop
  endfacet
  facet normal 0.064984 -0.997886 0
    outer loop
      vertex 3.6 112.4 0
      vertex 4.1221 112.434 45
      vertex 3.6 112.4 45
    endloop
  endfacet
  facet normal 0.064984 -0.997886 0
    outer loop
      vertex 4.1221 112.434 45
      vertex 3.6 112.4 0
      vertex 4.1221 112.434 0
    endloop
  endfacet
  facet normal 0.751529 -0.659701 0
    outer loop
      vertex 6.42843 113.572 45
      vertex 6.77341 113.965 0
      vertex 6.77341 113.965 45
    endloop
  endfacet
  facet normal 0.751529 -0.659701 0
    outer loop
      vertex 6.77341 113.965 0
      vertex 6.42843 113.572 45
      vertex 6.42843 113.572 0
    endloop
  endfacet
  facet normal 0.555978 -0.831197 0
    outer loop
      vertex 5.6 112.936 0
      vertex 6.03505 113.227 45
      vertex 5.6 112.936 45
    endloop
  endfacet
  facet normal 0.555978 -0.831197 0
    outer loop
      vertex 6.03505 113.227 45
      vertex 5.6 112.936 0
      vertex 6.03505 113.227 0
    endloop
  endfacet
  facet normal -0.659366 -0.751822 0
    outer loop
      vertex 0.771574 113.572 0
      vertex 1.16495 113.227 45
      vertex 0.771574 113.572 45
    endloop
  endfacet
  facet normal -0.659366 -0.751822 -0
    outer loop
      vertex 1.16495 113.227 45
      vertex 0.771574 113.572 0
      vertex 1.16495 113.227 0
    endloop
  endfacet
  facet normal 0.659362 0.751826 -0
    outer loop
      vertex 6.42843 119.228 0
      vertex 6.03505 119.573 45
      vertex 6.42843 119.228 45
    endloop
  endfacet
  facet normal 0.659362 0.751826 0
    outer loop
      vertex 6.03505 119.573 45
      vertex 6.42843 119.228 0
      vertex 6.03505 119.573 0
    endloop
  endfacet
  facet normal -0.555978 -0.831197 0
    outer loop
      vertex 1.16495 113.227 0
      vertex 1.6 112.936 45
      vertex 1.16495 113.227 45
    endloop
  endfacet
  facet normal -0.555978 -0.831197 -0
    outer loop
      vertex 1.6 112.936 45
      vertex 1.16495 113.227 0
      vertex 1.6 112.936 0
    endloop
  endfacet
  facet normal 0.997858 -0.0654151 0
    outer loop
      vertex 7.56578 115.878 45
      vertex 7.6 116.4 0
      vertex 7.6 116.4 45
    endloop
  endfacet
  facet normal 0.997858 -0.0654151 0
    outer loop
      vertex 7.6 116.4 0
      vertex 7.56578 115.878 45
      vertex 7.56578 115.878 0
    endloop
  endfacet
  facet normal -0.064984 -0.997886 0
    outer loop
      vertex 3.0779 112.434 0
      vertex 3.6 112.4 45
      vertex 3.0779 112.434 45
    endloop
  endfacet
  facet normal -0.064984 -0.997886 -0
    outer loop
      vertex 3.6 112.4 45
      vertex 3.0779 112.434 0
      vertex 3.6 112.4 0
    endloop
  endfacet
  facet normal 0.89677 -0.442496 0
    outer loop
      vertex 7.0641 114.4 45
      vertex 7.29552 114.869 0
      vertex 7.29552 114.869 45
    endloop
  endfacet
  facet normal 0.89677 -0.442496 0
    outer loop
      vertex 7.29552 114.869 0
      vertex 7.0641 114.4 45
      vertex 7.0641 114.4 0
    endloop
  endfacet
  facet normal 0.443182 -0.896432 0
    outer loop
      vertex 5.13073 112.704 0
      vertex 5.6 112.936 45
      vertex 5.13073 112.704 45
    endloop
  endfacet
  facet normal 0.443182 -0.896432 0
    outer loop
      vertex 5.6 112.936 45
      vertex 5.13073 112.704 0
      vertex 5.6 112.936 0
    endloop
  endfacet
  facet normal 0.321126 -0.947036 0
    outer loop
      vertex 4.63528 112.536 0
      vertex 5.13073 112.704 45
      vertex 4.63528 112.536 45
    endloop
  endfacet
  facet normal 0.321126 -0.947036 0
    outer loop
      vertex 5.13073 112.704 45
      vertex 4.63528 112.536 0
      vertex 5.13073 112.704 0
    endloop
  endfacet
  facet normal 0.659362 -0.751826 0
    outer loop
      vertex 6.03505 113.227 0
      vertex 6.42843 113.572 45
      vertex 6.03505 113.227 45
    endloop
  endfacet
  facet normal 0.659362 -0.751826 0
    outer loop
      vertex 6.42843 113.572 45
      vertex 6.03505 113.227 0
      vertex 6.42843 113.572 0
    endloop
  endfacet
  facet normal -0.897142 -0.441742 0
    outer loop
      vertex 0.135899 114.4 0
      vertex 0 114.676 45
      vertex 0 114.676 0
    endloop
  endfacet
  facet normal -0.897142 -0.441742 0
    outer loop
      vertex 0 114.676 45
      vertex 0.135899 114.4 0
      vertex 0.135899 114.4 45
    endloop
  endfacet
  facet normal 0 0 -1
    outer loop
      vertex 0.135899 114.4 45
      vertex -0.0955175 114.869 45
      vertex 0 114.676 45
    endloop
  endfacet
  facet normal -0.443182 -0.896432 0
    outer loop
      vertex 1.6 112.936 0
      vertex 2.06927 112.704 45
      vertex 1.6 112.936 45
    endloop
  endfacet
  facet normal -0.443182 -0.896432 -0
    outer loop
      vertex 2.06927 112.704 45
      vertex 1.6 112.936 0
      vertex 2.06927 112.704 0
    endloop
  endfacet
  facet normal -0.831443 -0.55561 0
    outer loop
      vertex 0.426587 113.965 0
      vertex 0.135899 114.4 45
      vertex 0.135899 114.4 0
    endloop
  endfacet
  facet normal -0.831443 -0.55561 0
    outer loop
      vertex 0.135899 114.4 45
      vertex 0.426587 113.965 0
      vertex 0.426587 113.965 45
    endloop
  endfacet
  facet normal 0 0 1
    outer loop
      vertex 4.9 116.4 45
      vertex 7.6 116.4 45
      vertex 7.56578 116.922 45
    endloop
  endfacet
  facet normal 0 0 1
    outer loop
      vertex 4.88888 116.57 45
      vertex 7.56578 116.922 45
      vertex 7.4637 117.435 45
    endloop
  endfacet
  facet normal 0 0 1
    outer loop
      vertex 7.6 116.4 45
      vertex 4.9 116.4 45
      vertex 7.56578 115.878 45
    endloop
  endfacet
  facet normal 0 0 1
    outer loop
      vertex 4.8557 116.736 45
      vertex 7.4637 117.435 45
      vertex 7.29552 117.931 45
    endloop
  endfacet
  facet normal -0 0 1
    outer loop
      vertex 4.88888 116.23 45
      vertex 7.56578 115.878 45
      vertex 4.9 116.4 45
    endloop
  endfacet
  facet normal 0 0 1
    outer loop
      vertex 4.80104 116.897 45
      vertex 7.29552 117.931 45
      vertex 7.0641 118.4 45
    endloop
  endfacet
  facet normal 0 0 1
    outer loop
      vertex 7.56578 115.878 45
      vertex 4.88888 116.23 45
      vertex 7.4637 115.365 45
    endloop
  endfacet
  facet normal 0 0 1
    outer loop
      vertex 4.72583 117.05 45
      vertex 7.0641 118.4 45
      vertex 6.77341 118.835 45
    endloop
  endfacet
  facet normal -0 0 1
    outer loop
      vertex 4.8557 116.064 45
      vertex 7.4637 115.365 45
      vertex 4.88888 116.23 45
    endloop
  endfacet
  facet normal 0 0 1
    outer loop
      vertex 4.63136 117.191 45
      vertex 6.77341 118.835 45
      vertex 6.42843 119.228 45
    endloop
  endfacet
  facet normal 0 0 1
    outer loop
      vertex 7.4637 115.365 45
      vertex 4.8557 116.064 45
      vertex 7.29552 114.869 45
    endloop
  endfacet
  facet normal 0 0 1
    outer loop
      vertex 4.51924 117.319 45
      vertex 6.42843 119.228 45
      vertex 6.03505 119.573 45
    endloop
  endfacet
  facet normal -0 0 1
    outer loop
      vertex 4.80104 115.903 45
      vertex 7.29552 114.869 45
      vertex 4.8557 116.064 45
    endloop
  endfacet
  facet normal 0 0 1
    outer loop
      vertex 4.39139 117.431 45
      vertex 6.03505 119.573 45
      vertex 5.6 119.864 45
    endloop
  endfacet
  facet normal 0 0 1
    outer loop
      vertex 7.29552 114.869 45
      vertex 4.80104 115.903 45
      vertex 7.0641 114.4 45
    endloop
  endfacet
  facet normal 0 0 1
    outer loop
      vertex 4.25 117.526 45
      vertex 5.6 119.864 45
      vertex 5.13073 120.096 45
    endloop
  endfacet
  facet normal -0 0 1
    outer loop
      vertex 4.72583 115.75 45
      vertex 7.0641 114.4 45
      vertex 4.80104 115.903 45
    endloop
  endfacet
  facet normal 0 0 1
    outer loop
      vertex 7.0641 114.4 45
      vertex 4.72583 115.75 45
      vertex 6.77341 113.965 45
    endloop
  endfacet
  facet normal 0 0 1
    outer loop
      vertex 7.56578 116.922 45
      vertex 4.88888 116.57 45
      vertex 4.9 116.4 45
    endloop
  endfacet
  facet normal 0 0 1
    outer loop
      vertex 7.4637 117.435 45
      vertex 4.8557 116.736 45
      vertex 4.88888 116.57 45
    endloop
  endfacet
  facet normal 0 0 1
    outer loop
      vertex 7.29552 117.931 45
      vertex 4.80104 116.897 45
      vertex 4.8557 116.736 45
    endloop
  endfacet
  facet normal 0 0 1
    outer loop
      vertex 7.0641 118.4 45
      vertex 4.72583 117.05 45
      vertex 4.80104 116.897 45
    endloop
  endfacet
  facet normal 0 0 1
    outer loop
      vertex 4.09749 117.601 45
      vertex 5.13073 120.096 45
      vertex 4.63528 120.264 45
    endloop
  endfacet
  facet normal 0 0 1
    outer loop
      vertex 6.77341 118.835 45
      vertex 4.63136 117.191 45
      vertex 4.72583 117.05 45
    endloop
  endfacet
  facet normal 0 0 1
    outer loop
      vertex 6.42843 119.228 45
      vertex 4.51924 117.319 45
      vertex 4.63136 117.191 45
    endloop
  endfacet
  facet normal 0 0 1
    outer loop
      vertex 6.03505 119.573 45
      vertex 4.39139 117.431 45
      vertex 4.51924 117.319 45
    endloop
  endfacet
  facet normal 0 0 1
    outer loop
      vertex 5.6 119.864 45
      vertex 4.25 117.526 45
      vertex 4.39139 117.431 45
    endloop
  endfacet
  facet normal 0 0 1
    outer loop
      vertex 3.93646 117.656 45
      vertex 4.63528 120.264 45
      vertex 4.1221 120.366 45
    endloop
  endfacet
  facet normal 0 0 1
    outer loop
      vertex 5.13073 120.096 45
      vertex 4.09749 117.601 45
      vertex 4.25 117.526 45
    endloop
  endfacet
  facet normal 0 0 1
    outer loop
      vertex 4.63528 120.264 45
      vertex 3.93646 117.656 45
      vertex 4.09749 117.601 45
    endloop
  endfacet
  facet normal 0 0 1
    outer loop
      vertex 4.1221 120.366 45
      vertex 3.76968 117.689 45
      vertex 3.93646 117.656 45
    endloop
  endfacet
  facet normal 0 0 1
    outer loop
      vertex 3.6 120.4 45
      vertex 3.76968 117.689 45
      vertex 4.1221 120.366 45
    endloop
  endfacet
  facet normal 0 0 1
    outer loop
      vertex 3.6 120.4 45
      vertex 3.6 117.7 45
      vertex 3.76968 117.689 45
    endloop
  endfacet
  facet normal 0 0 1
    outer loop
      vertex 3.6 120.4 45
      vertex 3.43032 117.689 45
      vertex 3.6 117.7 45
    endloop
  endfacet
  facet normal -0 0 1
    outer loop
      vertex 3.0779 120.366 45
      vertex 3.43032 117.689 45
      vertex 3.6 120.4 45
    endloop
  endfacet
  facet normal 0 0 1
    outer loop
      vertex 3.43032 117.689 45
      vertex 3.0779 120.366 45
      vertex 3.26353 117.656 45
    endloop
  endfacet
  facet normal -0 0 1
    outer loop
      vertex 2.56472 120.264 45
      vertex 3.26353 117.656 45
      vertex 3.0779 120.366 45
    endloop
  endfacet
  facet normal 0 0 1
    outer loop
      vertex 3.26353 117.656 45
      vertex 2.56472 120.264 45
      vertex 3.10251 117.601 45
    endloop
  endfacet
  facet normal -0 0 1
    outer loop
      vertex 2.06927 120.096 45
      vertex 3.10251 117.601 45
      vertex 2.56472 120.264 45
    endloop
  endfacet
  facet normal -0 0 1
    outer loop
      vertex 1.87558 120 45
      vertex 3.10251 117.601 45
      vertex 2.06927 120.096 45
    endloop
  endfacet
  facet normal 0 0 1
    outer loop
      vertex 3.10251 117.601 45
      vertex 1.87558 120 45
      vertex 2.95 117.526 45
    endloop
  endfacet
  facet normal 0 0 1
    outer loop
      vertex 2.95 117.526 45
      vertex 1.87558 120 45
      vertex 2.80861 117.431 45
    endloop
  endfacet
  facet normal 0 0 1
    outer loop
      vertex 2.80861 117.431 45
      vertex 1.87558 120 45
      vertex 2.68076 117.319 45
    endloop
  endfacet
  facet normal -0 0 1
    outer loop
      vertex 5.72205e-07 118.124 45
      vertex 2.68076 117.319 45
      vertex 1.87558 120 45
    endloop
  endfacet
  facet normal 0 0 1
    outer loop
      vertex 2.68076 117.319 45
      vertex 5.72205e-07 118.124 45
      vertex 2.56864 117.191 45
    endloop
  endfacet
  facet normal 0 0 1
    outer loop
      vertex 2.56864 117.191 45
      vertex 5.72205e-07 118.124 45
      vertex 2.47417 117.05 45
    endloop
  endfacet
  facet normal -0 0 1
    outer loop
      vertex -0.0955175 117.931 45
      vertex 2.39896 116.897 45
      vertex 5.72205e-07 118.124 45
    endloop
  endfacet
  facet normal 0 0 1
    outer loop
      vertex 2.47417 117.05 45
      vertex 5.72205e-07 118.124 45
      vertex 2.39896 116.897 45
    endloop
  endfacet
  facet normal -0 0 1
    outer loop
      vertex 4.63136 115.609 45
      vertex 6.77341 113.965 45
      vertex 4.72583 115.75 45
    endloop
  endfacet
  facet normal 0 0 1
    outer loop
      vertex 6.77341 113.965 45
      vertex 4.63136 115.609 45
      vertex 6.42843 113.572 45
    endloop
  endfacet
  facet normal -0 0 1
    outer loop
      vertex 4.51924 115.481 45
      vertex 6.42843 113.572 45
      vertex 4.63136 115.609 45
    endloop
  endfacet
  facet normal 0 0 1
    outer loop
      vertex 6.42843 113.572 45
      vertex 4.51924 115.481 45
      vertex 6.03505 113.227 45
    endloop
  endfacet
  facet normal -0 0 1
    outer loop
      vertex 4.39139 115.369 45
      vertex 6.03505 113.227 45
      vertex 4.51924 115.481 45
    endloop
  endfacet
  facet normal 0 0 1
    outer loop
      vertex 6.03505 113.227 45
      vertex 4.39139 115.369 45
      vertex 5.6 112.936 45
    endloop
  endfacet
  facet normal -0 0 1
    outer loop
      vertex 4.25 115.274 45
      vertex 5.6 112.936 45
      vertex 4.39139 115.369 45
    endloop
  endfacet
  facet normal 0 0 1
    outer loop
      vertex 5.6 112.936 45
      vertex 4.25 115.274 45
      vertex 5.13073 112.704 45
    endloop
  endfacet
  facet normal -0 0 1
    outer loop
      vertex 4.09749 115.199 45
      vertex 5.13073 112.704 45
      vertex 4.25 115.274 45
    endloop
  endfacet
  facet normal 0 0 1
    outer loop
      vertex 5.13073 112.704 45
      vertex 4.09749 115.199 45
      vertex 4.63528 112.536 45
    endloop
  endfacet
  facet normal -0 0 1
    outer loop
      vertex 3.93646 115.144 45
      vertex 4.63528 112.536 45
      vertex 4.09749 115.199 45
    endloop
  endfacet
  facet normal 0 0 1
    outer loop
      vertex 4.63528 112.536 45
      vertex 3.93646 115.144 45
      vertex 4.1221 112.434 45
    endloop
  endfacet
  facet normal -0 0 1
    outer loop
      vertex 3.76968 115.111 45
      vertex 4.1221 112.434 45
      vertex 3.93646 115.144 45
    endloop
  endfacet
  facet normal 0 0 1
    outer loop
      vertex 3.76968 115.111 45
      vertex 3.6 112.4 45
      vertex 4.1221 112.434 45
    endloop
  endfacet
  facet normal -0 0 1
    outer loop
      vertex 3.6 115.1 45
      vertex 3.6 112.4 45
      vertex 3.76968 115.111 45
    endloop
  endfacet
  facet normal 0 0 1
    outer loop
      vertex 3.43032 115.111 45
      vertex 3.6 112.4 45
      vertex 3.6 115.1 45
    endloop
  endfacet
  facet normal 0 0 1
    outer loop
      vertex 3.0779 112.434 45
      vertex 3.43032 115.111 45
      vertex 3.26353 115.144 45
    endloop
  endfacet
  facet normal 0 0 1
    outer loop
      vertex 2.56472 112.536 45
      vertex 3.26353 115.144 45
      vertex 3.10251 115.199 45
    endloop
  endfacet
  facet normal 0 0 1
    outer loop
      vertex 3.43032 115.111 45
      vertex 3.0779 112.434 45
      vertex 3.6 112.4 45
    endloop
  endfacet
  facet normal 0 0 1
    outer loop
      vertex 2.06927 112.704 45
      vertex 3.10251 115.199 45
      vertex 2.95 115.274 45
    endloop
  endfacet
  facet normal 0 0 1
    outer loop
      vertex 1.6 112.936 45
      vertex 2.95 115.274 45
      vertex 2.80861 115.369 45
    endloop
  endfacet
  facet normal 0 0 1
    outer loop
      vertex 1.16495 113.227 45
      vertex 2.80861 115.369 45
      vertex 2.68076 115.481 45
    endloop
  endfacet
  facet normal 0 0 1
    outer loop
      vertex 0.771574 113.572 45
      vertex 2.68076 115.481 45
      vertex 2.56864 115.609 45
    endloop
  endfacet
  facet normal 0 0 1
    outer loop
      vertex 3.26353 115.144 45
      vertex 2.56472 112.536 45
      vertex 3.0779 112.434 45
    endloop
  endfacet
  facet normal 0 0 1
    outer loop
      vertex 0.426587 113.965 45
      vertex 2.56864 115.609 45
      vertex 2.47417 115.75 45
    endloop
  endfacet
  facet normal 0 0 1
    outer loop
      vertex 0.135899 114.4 45
      vertex 2.47417 115.75 45
      vertex 2.39896 115.903 45
    endloop
  endfacet
  facet normal 0 0 1
    outer loop
      vertex -0.0955175 114.869 45
      vertex 2.39896 115.903 45
      vertex 2.3443 116.064 45
    endloop
  endfacet
  facet normal 0 0 1
    outer loop
      vertex -0.263703 115.365 45
      vertex 2.3443 116.064 45
      vertex 2.31112 116.23 45
    endloop
  endfacet
  facet normal 0 0 1
    outer loop
      vertex 3.10251 115.199 45
      vertex 2.06927 112.704 45
      vertex 2.56472 112.536 45
    endloop
  endfacet
  facet normal 0 0 1
    outer loop
      vertex -0.365779 115.878 45
      vertex 2.31112 116.23 45
      vertex 2.3 116.4 45
    endloop
  endfacet
  facet normal 0 0 1
    outer loop
      vertex 2.39896 116.897 45
      vertex -0.0955175 117.931 45
      vertex 2.3443 116.736 45
    endloop
  endfacet
  facet normal -0 0 1
    outer loop
      vertex -0.263703 117.435 45
      vertex 2.3443 116.736 45
      vertex -0.0955175 117.931 45
    endloop
  endfacet
  facet normal 0 0 1
    outer loop
      vertex 2.95 115.274 45
      vertex 1.6 112.936 45
      vertex 2.06927 112.704 45
    endloop
  endfacet
  facet normal 0 0 1
    outer loop
      vertex 2.80861 115.369 45
      vertex 1.16495 113.227 45
      vertex 1.6 112.936 45
    endloop
  endfacet
  facet normal 0 0 1
    outer loop
      vertex 2.68076 115.481 45
      vertex 0.771574 113.572 45
      vertex 1.16495 113.227 45
    endloop
  endfacet
  facet normal 0 0 1
    outer loop
      vertex 2.56864 115.609 45
      vertex 0.426587 113.965 45
      vertex 0.771574 113.572 45
    endloop
  endfacet
  facet normal 0 0 1
    outer loop
      vertex 2.47417 115.75 45
      vertex 0.135899 114.4 45
      vertex 0.426587 113.965 45
    endloop
  endfacet
  facet normal 0 0 1
    outer loop
      vertex 5.72205e-07 118.124 45
      vertex 1.87558 120 45
      vertex 5.72205e-07 120 45
    endloop
  endfacet
  facet normal 0 0 1
    outer loop
      vertex 2.3443 116.736 45
      vertex -0.263703 117.435 45
      vertex 2.31112 116.57 45
    endloop
  endfacet
  facet normal -0 0 1
    outer loop
      vertex -0.365779 116.922 45
      vertex 2.31112 116.57 45
      vertex -0.263703 117.435 45
    endloop
  endfacet
  facet normal 0 0 1
    outer loop
      vertex 2.39896 115.903 45
      vertex -0.0955175 114.869 45
      vertex 0.135899 114.4 45
    endloop
  endfacet
  facet normal 0 0 1
    outer loop
      vertex 2.31112 116.57 45
      vertex -0.365779 116.922 45
      vertex 2.3 116.4 45
    endloop
  endfacet
  facet normal 0 0 1
    outer loop
      vertex 2.3443 116.064 45
      vertex -0.263703 115.365 45
      vertex -0.0955175 114.869 45
    endloop
  endfacet
  facet normal 0 0 1
    outer loop
      vertex -0.4 116.4 45
      vertex 2.3 116.4 45
      vertex -0.365779 116.922 45
    endloop
  endfacet
  facet normal 0 0 1
    outer loop
      vertex 2.31112 116.23 45
      vertex -0.365779 115.878 45
      vertex -0.263703 115.365 45
    endloop
  endfacet
  facet normal 0 0 1
    outer loop
      vertex 2.3 116.4 45
      vertex -0.4 116.4 45
      vertex -0.365779 115.878 45
    endloop
  endfacet
  facet normal -0.997886 -0.0649964 0
    outer loop
      vertex 167.434 115.878 0
      vertex 167.4 116.4 45
      vertex 167.4 116.4 0
    endloop
  endfacet
  facet normal -0.997886 -0.0649964 0
    outer loop
      vertex 167.4 116.4 45
      vertex 167.434 115.878 0
      vertex 167.434 115.878 45
    endloop
  endfacet
  facet normal -0.659722 0.75151 0
    outer loop
      vertex 168.965 119.573 5
      vertex 168.572 119.228 45
      vertex 168.965 119.573 45
    endloop
  endfacet
  facet normal -0.657966 0.753048 3.05213e-05
    outer loop
      vertex 168.767 119.4 5
      vertex 168.572 119.228 45
      vertex 168.965 119.573 5
    endloop
  endfacet
  facet normal -0.661494 0.74995 0
    outer loop
      vertex 168.572 119.228 0
      vertex 168.767 119.4 5
      vertex 168.767 119.4 0
    endloop
  endfacet
  facet normal -0.661494 0.74995 0
    outer loop
      vertex 168.767 119.4 5
      vertex 168.572 119.228 0
      vertex 168.572 119.228 45
    endloop
  endfacet
  facet normal -0.980801 0.195013 0
    outer loop
      vertex 167.434 116.922 0
      vertex 167.536 117.435 45
      vertex 167.536 117.435 0
    endloop
  endfacet
  facet normal -0.980801 0.195013 0
    outer loop
      vertex 167.536 117.435 45
      vertex 167.434 116.922 0
      vertex 167.434 116.922 45
    endloop
  endfacet
  facet normal -0.556022 -0.831167 0
    outer loop
      vertex 168.965 113.227 0
      vertex 169.4 112.936 45
      vertex 168.965 113.227 45
    endloop
  endfacet
  facet normal -0.556022 -0.831167 -0
    outer loop
      vertex 169.4 112.936 45
      vertex 168.965 113.227 0
      vertex 169.4 112.936 0
    endloop
  endfacet
  facet normal -0.997886 0.0649964 0
    outer loop
      vertex 167.4 116.4 0
      vertex 167.434 116.922 45
      vertex 167.434 116.922 0
    endloop
  endfacet
  facet normal -0.997886 0.0649964 0
    outer loop
      vertex 167.434 116.922 45
      vertex 167.4 116.4 0
      vertex 167.4 116.4 45
    endloop
  endfacet
  facet normal -0.75151 -0.659722 0
    outer loop
      vertex 168.572 113.572 0
      vertex 168.227 113.965 45
      vertex 168.227 113.965 0
    endloop
  endfacet
  facet normal -0.75151 -0.659722 0
    outer loop
      vertex 168.227 113.965 45
      vertex 168.572 113.572 0
      vertex 168.572 113.572 45
    endloop
  endfacet
  facet normal 0.195013 -0.980801 0
    outer loop
      vertex 171.922 112.434 0
      vertex 172.435 112.536 45
      vertex 171.922 112.434 45
    endloop
  endfacet
  facet normal 0.195013 -0.980801 0
    outer loop
      vertex 172.435 112.536 45
      vertex 171.922 112.434 0
      vertex 172.435 112.536 0
    endloop
  endfacet
  facet normal -0.442006 0.897012 0
    outer loop
      vertex 169.676 120 5
      vertex 169.4 119.864 45
      vertex 169.676 120 45
    endloop
  endfacet
  facet normal -0.442006 0.897012 0
    outer loop
      vertex 169.4 119.864 45
      vertex 169.676 120 5
      vertex 169.4 119.864 5
    endloop
  endfacet
  facet normal 0 0 -1
    outer loop
      vertex 169.869 120.096 45
      vertex 169.676 120 45
      vertex 169.4 119.864 45
    endloop
  endfacet
  facet normal -0.320807 -0.947145 0
    outer loop
      vertex 169.869 112.704 0
      vertex 170.365 112.536 45
      vertex 169.869 112.704 45
    endloop
  endfacet
  facet normal -0.320807 -0.947145 -0
    outer loop
      vertex 170.365 112.536 45
      vertex 169.869 112.704 0
      vertex 170.365 112.536 0
    endloop
  endfacet
  facet normal -0.75151 0.659722 0
    outer loop
      vertex 168.227 118.835 0
      vertex 168.572 119.228 45
      vertex 168.572 119.228 0
    endloop
  endfacet
  facet normal -0.75151 0.659722 0
    outer loop
      vertex 168.572 119.228 45
      vertex 168.227 118.835 0
      vertex 168.227 118.835 45
    endloop
  endfacet
  facet normal 0.831167 -0.556022 0
    outer loop
      vertex 174.573 113.965 45
      vertex 174.864 114.4 5
      vertex 174.864 114.4 45
    endloop
  endfacet
  facet normal 0.831167 -0.556022 0
    outer loop
      vertex 174.864 114.4 5
      vertex 174.573 113.965 45
      vertex 174.573 113.965 5
    endloop
  endfacet
  facet normal -0.980801 -0.195013 0
    outer loop
      vertex 167.536 115.365 0
      vertex 167.434 115.878 45
      vertex 167.434 115.878 0
    endloop
  endfacet
  facet normal -0.980801 -0.195013 0
    outer loop
      vertex 167.434 115.878 45
      vertex 167.536 115.365 0
      vertex 167.536 115.365 45
    endloop
  endfacet
  facet normal -0.195013 -0.980801 0
    outer loop
      vertex 170.365 112.536 0
      vertex 170.878 112.434 45
      vertex 170.365 112.536 45
    endloop
  endfacet
  facet normal -0.195013 -0.980801 -0
    outer loop
      vertex 170.878 112.434 45
      vertex 170.365 112.536 0
      vertex 170.878 112.434 0
    endloop
  endfacet
  facet normal 0.0649964 -0.997886 0
    outer loop
      vertex 171.4 112.4 0
      vertex 171.922 112.434 45
      vertex 171.4 112.4 45
    endloop
  endfacet
  facet normal 0.0649964 -0.997886 0
    outer loop
      vertex 171.922 112.434 45
      vertex 171.4 112.4 0
      vertex 171.922 112.434 0
    endloop
  endfacet
  facet normal 0.753048 -0.657966 0
    outer loop
      vertex 174.573 113.965 45
      vertex 174.4 113.767 5
      vertex 174.573 113.965 5
    endloop
  endfacet
  facet normal 0.75151 -0.659722 1.53457e-05
    outer loop
      vertex 174.228 113.572 45
      vertex 174.4 113.767 5
      vertex 174.573 113.965 45
    endloop
  endfacet
  facet normal 0.74995 -0.661494 0
    outer loop
      vertex 174.228 113.572 0
      vertex 174.4 113.767 5
      vertex 174.228 113.572 45
    endloop
  endfacet
  facet normal 0.74995 -0.661494 0
    outer loop
      vertex 174.4 113.767 5
      vertex 174.228 113.572 0
      vertex 174.4 113.767 0
    endloop
  endfacet
  facet normal 0.556022 -0.831167 0
    outer loop
      vertex 173.4 112.936 0
      vertex 173.835 113.227 45
      vertex 173.4 112.936 45
    endloop
  endfacet
  facet normal 0.556022 -0.831167 0
    outer loop
      vertex 173.835 113.227 45
      vertex 173.4 112.936 0
      vertex 173.835 113.227 0
    endloop
  endfacet
  facet normal -0.659722 -0.75151 0
    outer loop
      vertex 168.572 113.572 0
      vertex 168.965 113.227 45
      vertex 168.572 113.572 45
    endloop
  endfacet
  facet normal -0.659722 -0.75151 -0
    outer loop
      vertex 168.965 113.227 45
      vertex 168.572 113.572 0
      vertex 168.965 113.227 0
    endloop
  endfacet
  facet normal -0.89633 0.443387 0
    outer loop
      vertex 167.704 117.931 0
      vertex 167.936 118.4 45
      vertex 167.936 118.4 0
    endloop
  endfacet
  facet normal -0.89633 0.443387 0
    outer loop
      vertex 167.936 118.4 45
      vertex 167.704 117.931 0
      vertex 167.704 117.931 45
    endloop
  endfacet
  facet normal -0.556022 0.831167 0
    outer loop
      vertex 169.4 119.864 5
      vertex 168.965 119.573 45
      vertex 169.4 119.864 45
    endloop
  endfacet
  facet normal -0.556022 0.831167 0
    outer loop
      vertex 168.965 119.573 45
      vertex 169.4 119.864 5
      vertex 168.965 119.573 5
    endloop
  endfacet
  facet normal -0.0649964 -0.997886 0
    outer loop
      vertex 170.878 112.434 0
      vertex 171.4 112.4 45
      vertex 170.878 112.434 45
    endloop
  endfacet
  facet normal -0.0649964 -0.997886 -0
    outer loop
      vertex 171.4 112.4 45
      vertex 170.878 112.434 0
      vertex 171.4 112.4 0
    endloop
  endfacet
  facet normal 0.897012 -0.442006 0
    outer loop
      vertex 174.864 114.4 45
      vertex 175 114.676 5
      vertex 175 114.676 45
    endloop
  endfacet
  facet normal 0.897012 -0.442006 0
    outer loop
      vertex 175 114.676 5
      vertex 174.864 114.4 45
      vertex 174.864 114.4 5
    endloop
  endfacet
  facet normal 0 0 -1
    outer loop
      vertex 175.096 114.869 45
      vertex 174.864 114.4 45
      vertex 175 114.676 45
    endloop
  endfacet
  facet normal -0.947145 0.320807 0
    outer loop
      vertex 167.536 117.435 0
      vertex 167.704 117.931 45
      vertex 167.704 117.931 0
    endloop
  endfacet
  facet normal -0.947145 0.320807 0
    outer loop
      vertex 167.704 117.931 45
      vertex 167.536 117.435 0
      vertex 167.536 117.435 45
    endloop
  endfacet
  facet normal -0.947145 -0.320807 0
    outer loop
      vertex 167.704 114.869 0
      vertex 167.536 115.365 45
      vertex 167.536 115.365 0
    endloop
  endfacet
  facet normal -0.947145 -0.320807 0
    outer loop
      vertex 167.536 115.365 45
      vertex 167.704 114.869 0
      vertex 167.704 114.869 45
    endloop
  endfacet
  facet normal -0.831167 0.556022 0
    outer loop
      vertex 167.936 118.4 0
      vertex 168.227 118.835 45
      vertex 168.227 118.835 0
    endloop
  endfacet
  facet normal -0.831167 0.556022 0
    outer loop
      vertex 168.227 118.835 45
      vertex 167.936 118.4 0
      vertex 167.936 118.4 45
    endloop
  endfacet
  facet normal 0.443387 -0.89633 0
    outer loop
      vertex 172.931 112.704 0
      vertex 173.4 112.936 45
      vertex 172.931 112.704 45
    endloop
  endfacet
  facet normal 0.443387 -0.89633 0
    outer loop
      vertex 173.4 112.936 45
      vertex 172.931 112.704 0
      vertex 173.4 112.936 0
    endloop
  endfacet
  facet normal 0.320807 -0.947145 0
    outer loop
      vertex 172.435 112.536 0
      vertex 172.931 112.704 45
      vertex 172.435 112.536 45
    endloop
  endfacet
  facet normal 0.320807 -0.947145 0
    outer loop
      vertex 172.931 112.704 45
      vertex 172.435 112.536 0
      vertex 172.931 112.704 0
    endloop
  endfacet
  facet normal -0.89633 -0.443387 0
    outer loop
      vertex 167.936 114.4 0
      vertex 167.704 114.869 45
      vertex 167.704 114.869 0
    endloop
  endfacet
  facet normal -0.89633 -0.443387 0
    outer loop
      vertex 167.704 114.869 45
      vertex 167.936 114.4 0
      vertex 167.936 114.4 45
    endloop
  endfacet
  facet normal -0.443387 -0.89633 0
    outer loop
      vertex 169.4 112.936 0
      vertex 169.869 112.704 45
      vertex 169.4 112.936 45
    endloop
  endfacet
  facet normal -0.443387 -0.89633 -0
    outer loop
      vertex 169.869 112.704 45
      vertex 169.4 112.936 0
      vertex 169.869 112.704 0
    endloop
  endfacet
  facet normal 0.659722 -0.75151 0
    outer loop
      vertex 173.835 113.227 0
      vertex 174.228 113.572 45
      vertex 173.835 113.227 45
    endloop
  endfacet
  facet normal 0.659722 -0.75151 0
    outer loop
      vertex 174.228 113.572 45
      vertex 173.835 113.227 0
      vertex 174.228 113.572 0
    endloop
  endfacet
  facet normal -0.831167 -0.556022 0
    outer loop
      vertex 168.227 113.965 0
      vertex 167.936 114.4 45
      vertex 167.936 114.4 0
    endloop
  endfacet
  facet normal -0.831167 -0.556022 0
    outer loop
      vertex 167.936 114.4 45
      vertex 168.227 113.965 0
      vertex 168.227 113.965 45
    endloop
  endfacet
  facet normal -0 0 1
    outer loop
      vertex 173.124 120 45
      vertex 175 118.124 45
      vertex 175 120 45
    endloop
  endfacet
  facet normal 0 -0 1
    outer loop
      vertex 172.7 116.4 45
      vertex 175 118.124 45
      vertex 172.689 116.57 45
    endloop
  endfacet
  facet normal 0 0 1
    outer loop
      vertex 175 118.124 45
      vertex 172.7 116.4 45
      vertex 174.864 114.4 45
    endloop
  endfacet
  facet normal -0 0 1
    outer loop
      vertex 172.656 116.064 45
      vertex 174.864 114.4 45
      vertex 172.689 116.23 45
    endloop
  endfacet
  facet normal -0 0 1
    outer loop
      vertex 172.601 115.903 45
      vertex 174.864 114.4 45
      vertex 172.656 116.064 45
    endloop
  endfacet
  facet normal 0 0 1
    outer loop
      vertex 172.319 117.319 45
      vertex 175 118.124 45
      vertex 173.124 120 45
    endloop
  endfacet
  facet normal 0 0 1
    outer loop
      vertex 171.897 117.601 45
      vertex 173.124 120 45
      vertex 172.931 120.096 45
    endloop
  endfacet
  facet normal -0 0 1
    outer loop
      vertex 172.526 115.75 45
      vertex 174.864 114.4 45
      vertex 172.601 115.903 45
    endloop
  endfacet
  facet normal 0 0 1
    outer loop
      vertex 174.864 114.4 45
      vertex 172.526 115.75 45
      vertex 174.573 113.965 45
    endloop
  endfacet
  facet normal -0 0 1
    outer loop
      vertex 172.689 116.23 45
      vertex 174.864 114.4 45
      vertex 172.7 116.4 45
    endloop
  endfacet
  facet normal 0 0 1
    outer loop
      vertex 175 118.124 45
      vertex 172.656 116.736 45
      vertex 172.689 116.57 45
    endloop
  endfacet
  facet normal 0 0 1
    outer loop
      vertex 175 118.124 45
      vertex 172.601 116.897 45
      vertex 172.656 116.736 45
    endloop
  endfacet
  facet normal 0 0 1
    outer loop
      vertex 175 118.124 45
      vertex 172.526 117.05 45
      vertex 172.601 116.897 45
    endloop
  endfacet
  facet normal 0 0 1
    outer loop
      vertex 171.897 117.601 45
      vertex 172.931 120.096 45
      vertex 172.435 120.264 45
    endloop
  endfacet
  facet normal 0 0 1
    outer loop
      vertex 175 118.124 45
      vertex 172.431 117.191 45
      vertex 172.526 117.05 45
    endloop
  endfacet
  facet normal 0 0 1
    outer loop
      vertex 175 118.124 45
      vertex 172.319 117.319 45
      vertex 172.431 117.191 45
    endloop
  endfacet
  facet normal 0 0 1
    outer loop
      vertex 173.124 120 45
      vertex 172.191 117.431 45
      vertex 172.319 117.319 45
    endloop
  endfacet
  facet normal 0 0 1
    outer loop
      vertex 173.124 120 45
      vertex 172.05 117.526 45
      vertex 172.191 117.431 45
    endloop
  endfacet
  facet normal 0 0 1
    outer loop
      vertex 171.736 117.656 45
      vertex 172.435 120.264 45
      vertex 171.922 120.366 45
    endloop
  endfacet
  facet normal 0 0 1
    outer loop
      vertex 173.124 120 45
      vertex 171.897 117.601 45
      vertex 172.05 117.526 45
    endloop
  endfacet
  facet normal 0 0 1
    outer loop
      vertex 172.435 120.264 45
      vertex 171.736 117.656 45
      vertex 171.897 117.601 45
    endloop
  endfacet
  facet normal 0 0 1
    outer loop
      vertex 171.922 120.366 45
      vertex 171.57 117.689 45
      vertex 171.736 117.656 45
    endloop
  endfacet
  facet normal 0 0 1
    outer loop
      vertex 171.4 120.4 45
      vertex 171.57 117.689 45
      vertex 171.922 120.366 45
    endloop
  endfacet
  facet normal 0 0 1
    outer loop
      vertex 171.4 120.4 45
      vertex 171.4 117.7 45
      vertex 171.57 117.689 45
    endloop
  endfacet
  facet normal 0 0 1
    outer loop
      vertex 171.4 120.4 45
      vertex 171.23 117.689 45
      vertex 171.4 117.7 45
    endloop
  endfacet
  facet normal -0 0 1
    outer loop
      vertex 170.878 120.366 45
      vertex 171.23 117.689 45
      vertex 171.4 120.4 45
    endloop
  endfacet
  facet normal 0 0 1
    outer loop
      vertex 171.23 117.689 45
      vertex 170.878 120.366 45
      vertex 171.064 117.656 45
    endloop
  endfacet
  facet normal -0 0 1
    outer loop
      vertex 170.365 120.264 45
      vertex 171.064 117.656 45
      vertex 170.878 120.366 45
    endloop
  endfacet
  facet normal 0 0 1
    outer loop
      vertex 171.064 117.656 45
      vertex 170.365 120.264 45
      vertex 170.903 117.601 45
    endloop
  endfacet
  facet normal -0 0 1
    outer loop
      vertex 169.869 120.096 45
      vertex 170.903 117.601 45
      vertex 170.365 120.264 45
    endloop
  endfacet
  facet normal 0 0 1
    outer loop
      vertex 170.903 117.601 45
      vertex 169.869 120.096 45
      vertex 170.75 117.526 45
    endloop
  endfacet
  facet normal -0 0 1
    outer loop
      vertex 169.4 119.864 45
      vertex 170.75 117.526 45
      vertex 169.869 120.096 45
    endloop
  endfacet
  facet normal 0 0 1
    outer loop
      vertex 170.75 117.526 45
      vertex 169.4 119.864 45
      vertex 170.609 117.431 45
    endloop
  endfacet
  facet normal -0 0 1
    outer loop
      vertex 168.965 119.573 45
      vertex 170.609 117.431 45
      vertex 169.4 119.864 45
    endloop
  endfacet
  facet normal 0 0 1
    outer loop
      vertex 170.609 117.431 45
      vertex 168.965 119.573 45
      vertex 170.481 117.319 45
    endloop
  endfacet
  facet normal -0 0 1
    outer loop
      vertex 168.572 119.228 45
      vertex 170.481 117.319 45
      vertex 168.965 119.573 45
    endloop
  endfacet
  facet normal 0 0 1
    outer loop
      vertex 170.481 117.319 45
      vertex 168.572 119.228 45
      vertex 170.369 117.191 45
    endloop
  endfacet
  facet normal 0 0 1
    outer loop
      vertex 170.369 117.191 45
      vertex 168.227 118.835 45
      vertex 170.274 117.05 45
    endloop
  endfacet
  facet normal -0 0 1
    outer loop
      vertex 168.227 118.835 45
      vertex 170.369 117.191 45
      vertex 168.572 119.228 45
    endloop
  endfacet
  facet normal 0 0 1
    outer loop
      vertex 175.366 116.922 45
      vertex 175.366 115.878 45
      vertex 175.4 116.4 45
    endloop
  endfacet
  facet normal 0 0 1
    outer loop
      vertex 175.264 117.435 45
      vertex 175.366 115.878 45
      vertex 175.366 116.922 45
    endloop
  endfacet
  facet normal 0 0 1
    outer loop
      vertex 175.264 117.435 45
      vertex 175.264 115.365 45
      vertex 175.366 115.878 45
    endloop
  endfacet
  facet normal 0 0 1
    outer loop
      vertex 175 118.124 45
      vertex 175.264 117.435 45
      vertex 175.096 117.931 45
    endloop
  endfacet
  facet normal 0 0 1
    outer loop
      vertex 175.264 117.435 45
      vertex 175 118.124 45
      vertex 175.264 115.365 45
    endloop
  endfacet
  facet normal 0 0 1
    outer loop
      vertex 175.264 115.365 45
      vertex 175 118.124 45
      vertex 175.096 114.869 45
    endloop
  endfacet
  facet normal 0 0 1
    outer loop
      vertex 175.096 114.869 45
      vertex 175 118.124 45
      vertex 174.864 114.4 45
    endloop
  endfacet
  facet normal -0 0 1
    outer loop
      vertex 172.431 115.609 45
      vertex 174.573 113.965 45
      vertex 172.526 115.75 45
    endloop
  endfacet
  facet normal 0 0 1
    outer loop
      vertex 174.573 113.965 45
      vertex 172.431 115.609 45
      vertex 174.228 113.572 45
    endloop
  endfacet
  facet normal -0 0 1
    outer loop
      vertex 172.319 115.481 45
      vertex 174.228 113.572 45
      vertex 172.431 115.609 45
    endloop
  endfacet
  facet normal 0 0 1
    outer loop
      vertex 174.228 113.572 45
      vertex 172.319 115.481 45
      vertex 173.835 113.227 45
    endloop
  endfacet
  facet normal -0 0 1
    outer loop
      vertex 172.191 115.369 45
      vertex 173.835 113.227 45
      vertex 172.319 115.481 45
    endloop
  endfacet
  facet normal 0 0 1
    outer loop
      vertex 173.835 113.227 45
      vertex 172.191 115.369 45
      vertex 173.4 112.936 45
    endloop
  endfacet
  facet normal -0 0 1
    outer loop
      vertex 172.05 115.274 45
      vertex 173.4 112.936 45
      vertex 172.191 115.369 45
    endloop
  endfacet
  facet normal 0 0 1
    outer loop
      vertex 173.4 112.936 45
      vertex 172.05 115.274 45
      vertex 172.931 112.704 45
    endloop
  endfacet
  facet normal -0 0 1
    outer loop
      vertex 171.897 115.199 45
      vertex 172.931 112.704 45
      vertex 172.05 115.274 45
    endloop
  endfacet
  facet normal 0 0 1
    outer loop
      vertex 172.931 112.704 45
      vertex 171.897 115.199 45
      vertex 172.435 112.536 45
    endloop
  endfacet
  facet normal -0 0 1
    outer loop
      vertex 171.736 115.144 45
      vertex 172.435 112.536 45
      vertex 171.897 115.199 45
    endloop
  endfacet
  facet normal 0 0 1
    outer loop
      vertex 172.435 112.536 45
      vertex 171.736 115.144 45
      vertex 171.922 112.434 45
    endloop
  endfacet
  facet normal -0 0 1
    outer loop
      vertex 171.57 115.111 45
      vertex 171.922 112.434 45
      vertex 171.736 115.144 45
    endloop
  endfacet
  facet normal -0 0 1
    outer loop
      vertex 171.4 115.1 45
      vertex 171.922 112.434 45
      vertex 171.57 115.111 45
    endloop
  endfacet
  facet normal 0 0 1
    outer loop
      vertex 171.4 115.1 45
      vertex 171.4 112.4 45
      vertex 171.922 112.434 45
    endloop
  endfacet
  facet normal 0 0 1
    outer loop
      vertex 171.23 115.111 45
      vertex 171.4 112.4 45
      vertex 171.4 115.1 45
    endloop
  endfacet
  facet normal 0 0 1
    outer loop
      vertex 170.878 112.434 45
      vertex 171.23 115.111 45
      vertex 171.064 115.144 45
    endloop
  endfacet
  facet normal 0 0 1
    outer loop
      vertex 170.365 112.536 45
      vertex 171.064 115.144 45
      vertex 170.903 115.199 45
    endloop
  endfacet
  facet normal 0 0 1
    outer loop
      vertex 171.23 115.111 45
      vertex 170.878 112.434 45
      vertex 171.4 112.4 45
    endloop
  endfacet
  facet normal 0 0 1
    outer loop
      vertex 169.869 112.704 45
      vertex 170.903 115.199 45
      vertex 170.75 115.274 45
    endloop
  endfacet
  facet normal 0 0 1
    outer loop
      vertex 169.4 112.936 45
      vertex 170.75 115.274 45
      vertex 170.609 115.369 45
    endloop
  endfacet
  facet normal 0 0 1
    outer loop
      vertex 168.965 113.227 45
      vertex 170.609 115.369 45
      vertex 170.481 115.481 45
    endloop
  endfacet
  facet normal 0 0 1
    outer loop
      vertex 168.572 113.572 45
      vertex 170.481 115.481 45
      vertex 170.369 115.609 45
    endloop
  endfacet
  facet normal 0 0 1
    outer loop
      vertex 171.064 115.144 45
      vertex 170.365 112.536 45
      vertex 170.878 112.434 45
    endloop
  endfacet
  facet normal 0 0 1
    outer loop
      vertex 168.227 113.965 45
      vertex 170.369 115.609 45
      vertex 170.274 115.75 45
    endloop
  endfacet
  facet normal 0 0 1
    outer loop
      vertex 167.936 114.4 45
      vertex 170.274 115.75 45
      vertex 170.199 115.903 45
    endloop
  endfacet
  facet normal 0 0 1
    outer loop
      vertex 167.704 114.869 45
      vertex 170.199 115.903 45
      vertex 170.144 116.064 45
    endloop
  endfacet
  facet normal 0 0 1
    outer loop
      vertex 167.536 115.365 45
      vertex 170.144 116.064 45
      vertex 170.111 116.23 45
    endloop
  endfacet
  facet normal 0 0 1
    outer loop
      vertex 170.903 115.199 45
      vertex 169.869 112.704 45
      vertex 170.365 112.536 45
    endloop
  endfacet
  facet normal 0 0 1
    outer loop
      vertex 167.434 115.878 45
      vertex 170.111 116.23 45
      vertex 170.1 116.4 45
    endloop
  endfacet
  facet normal -0 0 1
    outer loop
      vertex 167.936 118.4 45
      vertex 170.274 117.05 45
      vertex 168.227 118.835 45
    endloop
  endfacet
  facet normal 0 0 1
    outer loop
      vertex 170.274 117.05 45
      vertex 167.936 118.4 45
      vertex 170.199 116.897 45
    endloop
  endfacet
  facet normal 0 0 1
    outer loop
      vertex 170.75 115.274 45
      vertex 169.4 112.936 45
      vertex 169.869 112.704 45
    endloop
  endfacet
  facet normal -0 0 1
    outer loop
      vertex 167.704 117.931 45
      vertex 170.199 116.897 45
      vertex 167.936 118.4 45
    endloop
  endfacet
  facet normal 0 0 1
    outer loop
      vertex 170.609 115.369 45
      vertex 168.965 113.227 45
      vertex 169.4 112.936 45
    endloop
  endfacet
  facet normal 0 0 1
    outer loop
      vertex 170.199 116.897 45
      vertex 167.704 117.931 45
      vertex 170.144 116.736 45
    endloop
  endfacet
  facet normal 0 0 1
    outer loop
      vertex 170.481 115.481 45
      vertex 168.572 113.572 45
      vertex 168.965 113.227 45
    endloop
  endfacet
  facet normal -0 0 1
    outer loop
      vertex 167.536 117.435 45
      vertex 170.144 116.736 45
      vertex 167.704 117.931 45
    endloop
  endfacet
  facet normal 0 0 1
    outer loop
      vertex 170.369 115.609 45
      vertex 168.227 113.965 45
      vertex 168.572 113.572 45
    endloop
  endfacet
  facet normal 0 0 1
    outer loop
      vertex 170.144 116.736 45
      vertex 167.536 117.435 45
      vertex 170.111 116.57 45
    endloop
  endfacet
  facet normal 0 0 1
    outer loop
      vertex 170.274 115.75 45
      vertex 167.936 114.4 45
      vertex 168.227 113.965 45
    endloop
  endfacet
  facet normal -0 0 1
    outer loop
      vertex 167.434 116.922 45
      vertex 170.111 116.57 45
      vertex 167.536 117.435 45
    endloop
  endfacet
  facet normal 0 0 1
    outer loop
      vertex 170.199 115.903 45
      vertex 167.704 114.869 45
      vertex 167.936 114.4 45
    endloop
  endfacet
  facet normal 0 0 1
    outer loop
      vertex 170.111 116.57 45
      vertex 167.434 116.922 45
      vertex 170.1 116.4 45
    endloop
  endfacet
  facet normal 0 0 1
    outer loop
      vertex 170.144 116.064 45
      vertex 167.536 115.365 45
      vertex 167.704 114.869 45
    endloop
  endfacet
  facet normal 0 0 1
    outer loop
      vertex 167.4 116.4 45
      vertex 170.1 116.4 45
      vertex 167.434 116.922 45
    endloop
  endfacet
  facet normal 0 0 1
    outer loop
      vertex 170.111 116.23 45
      vertex 167.434 115.878 45
      vertex 167.536 115.365 45
    endloop
  endfacet
  facet normal 0 0 1
    outer loop
      vertex 170.1 116.4 45
      vertex 167.4 116.4 45
      vertex 167.434 115.878 45
    endloop
  endfacet
  facet normal 0.980779 -0.195121 0
    outer loop
      vertex 2.31112 3.76968 45
      vertex 2.3443 3.93646 35
      vertex 2.3443 3.93646 45
    endloop
  endfacet
  facet normal 0.980779 -0.195121 0
    outer loop
      vertex 2.3443 3.93646 35
      vertex 2.31112 3.76968 45
      vertex 2.31112 3.76968 35
    endloop
  endfacet
  facet normal 0.555555 -0.83148 0
    outer loop
      vertex 2.80861 4.63136 35
      vertex 2.95 4.72583 45
      vertex 2.80861 4.63136 45
    endloop
  endfacet
  facet normal 0.555555 -0.83148 0
    outer loop
      vertex 2.95 4.72583 45
      vertex 2.80861 4.63136 35
      vertex 2.95 4.72583 35
    endloop
  endfacet
  facet normal -0.980779 -0.195121 0
    outer loop
      vertex 4.88888 3.76968 35
      vertex 4.8557 3.93646 45
      vertex 4.8557 3.93646 35
    endloop
  endfacet
  facet normal -0.980779 -0.195121 0
    outer loop
      vertex 4.8557 3.93646 45
      vertex 4.88888 3.76968 35
      vertex 4.88888 3.76968 45
    endloop
  endfacet
  facet normal -0.195121 0.980779 0
    outer loop
      vertex 3.93646 2.3443 35
      vertex 3.76968 2.31112 45
      vertex 3.93646 2.3443 45
    endloop
  endfacet
  facet normal -0.195121 0.980779 0
    outer loop
      vertex 3.76968 2.31112 45
      vertex 3.93646 2.3443 35
      vertex 3.76968 2.31112 35
    endloop
  endfacet
  facet normal 0.997859 -0.0653948 0
    outer loop
      vertex 2.3 3.6 45
      vertex 2.31112 3.76968 35
      vertex 2.31112 3.76968 45
    endloop
  endfacet
  facet normal 0.997859 -0.0653948 0
    outer loop
      vertex 2.31112 3.76968 35
      vertex 2.3 3.6 45
      vertex 2.3 3.6 35
    endloop
  endfacet
  facet normal 0.946928 0.321445 0
    outer loop
      vertex 2.39896 3.10251 45
      vertex 2.3443 3.26353 35
      vertex 2.3443 3.26353 45
    endloop
  endfacet
  facet normal 0.946928 0.321445 0
    outer loop
      vertex 2.3443 3.26353 35
      vertex 2.39896 3.10251 45
      vertex 2.39896 3.10251 35
    endloop
  endfacet
  facet normal -0.195121 -0.980779 0
    outer loop
      vertex 3.76968 4.88888 35
      vertex 3.93646 4.8557 45
      vertex 3.76968 4.88888 45
    endloop
  endfacet
  facet normal -0.195121 -0.980779 -0
    outer loop
      vertex 3.93646 4.8557 45
      vertex 3.76968 4.88888 35
      vertex 3.93646 4.8557 35
    endloop
  endfacet
  facet normal 0.0653948 0.997859 -0
    outer loop
      vertex 3.6 2.3 35
      vertex 3.43032 2.31112 45
      vertex 3.6 2.3 45
    endloop
  endfacet
  facet normal 0.0653948 0.997859 0
    outer loop
      vertex 3.43032 2.31112 45
      vertex 3.6 2.3 35
      vertex 3.43032 2.31112 35
    endloop
  endfacet
  facet normal -0.946934 -0.321427 0
    outer loop
      vertex 4.8557 3.93646 35
      vertex 4.80104 4.09749 45
      vertex 4.80104 4.09749 35
    endloop
  endfacet
  facet normal -0.946934 -0.321427 0
    outer loop
      vertex 4.80104 4.09749 45
      vertex 4.8557 3.93646 35
      vertex 4.8557 3.93646 45
    endloop
  endfacet
  facet normal -0.751844 0.659341 0
    outer loop
      vertex 4.51924 2.68076 35
      vertex 4.63136 2.80861 45
      vertex 4.63136 2.80861 35
    endloop
  endfacet
  facet normal -0.751844 0.659341 0
    outer loop
      vertex 4.63136 2.80861 45
      vertex 4.51924 2.68076 35
      vertex 4.51924 2.68076 45
    endloop
  endfacet
  facet normal -0.997859 -0.0653948 0
    outer loop
      vertex 4.9 3.6 35
      vertex 4.88888 3.76968 45
      vertex 4.88888 3.76968 35
    endloop
  endfacet
  facet normal -0.997859 -0.0653948 0
    outer loop
      vertex 4.88888 3.76968 45
      vertex 4.9 3.6 35
      vertex 4.9 3.6 45
    endloop
  endfacet
  facet normal 0.946934 -0.321427 0
    outer loop
      vertex 2.3443 3.93646 45
      vertex 2.39896 4.09749 35
      vertex 2.39896 4.09749 45
    endloop
  endfacet
  facet normal 0.946934 -0.321427 0
    outer loop
      vertex 2.39896 4.09749 35
      vertex 2.3443 3.93646 45
      vertex 2.3443 3.93646 35
    endloop
  endfacet
  facet normal -0.659341 0.751844 0
    outer loop
      vertex 4.51924 2.68076 35
      vertex 4.39139 2.56864 45
      vertex 4.51924 2.68076 45
    endloop
  endfacet
  facet normal -0.659341 0.751844 0
    outer loop
      vertex 4.39139 2.56864 45
      vertex 4.51924 2.68076 35
      vertex 4.39139 2.56864 35
    endloop
  endfacet
  facet normal 0.659341 0.751844 -0
    outer loop
      vertex 2.80861 2.56864 35
      vertex 2.68076 2.68076 45
      vertex 2.80861 2.56864 45
    endloop
  endfacet
  facet normal 0.659341 0.751844 0
    outer loop
      vertex 2.68076 2.68076 45
      vertex 2.80861 2.56864 35
      vertex 2.68076 2.68076 35
    endloop
  endfacet
  facet normal -0.0653948 -0.997859 0
    outer loop
      vertex 3.6 4.9 35
      vertex 3.76968 4.88888 45
      vertex 3.6 4.9 45
    endloop
  endfacet
  facet normal -0.0653948 -0.997859 -0
    outer loop
      vertex 3.76968 4.88888 45
      vertex 3.6 4.9 35
      vertex 3.76968 4.88888 35
    endloop
  endfacet
  facet normal 0.321445 0.946928 -0
    outer loop
      vertex 3.26353 2.3443 35
      vertex 3.10251 2.39896 45
      vertex 3.26353 2.3443 45
    endloop
  endfacet
  facet normal 0.321445 0.946928 0
    outer loop
      vertex 3.10251 2.39896 45
      vertex 3.26353 2.3443 35
      vertex 3.10251 2.39896 35
    endloop
  endfacet
  facet normal 0.555555 0.83148 -0
    outer loop
      vertex 2.95 2.47417 35
      vertex 2.80861 2.56864 45
      vertex 2.95 2.47417 45
    endloop
  endfacet
  facet normal 0.555555 0.83148 0
    outer loop
      vertex 2.80861 2.56864 45
      vertex 2.95 2.47417 35
      vertex 2.80861 2.56864 35
    endloop
  endfacet
  facet normal -0.896872 -0.442291 0
    outer loop
      vertex 4.80104 4.09749 35
      vertex 4.72583 4.25 45
      vertex 4.72583 4.25 35
    endloop
  endfacet
  facet normal -0.896872 -0.442291 0
    outer loop
      vertex 4.72583 4.25 45
      vertex 4.80104 4.09749 35
      vertex 4.80104 4.09749 45
    endloop
  endfacet
  facet normal -0.659341 -0.751844 0
    outer loop
      vertex 4.39139 4.63136 35
      vertex 4.51924 4.51924 45
      vertex 4.39139 4.63136 45
    endloop
  endfacet
  facet normal -0.659341 -0.751844 -0
    outer loop
      vertex 4.51924 4.51924 45
      vertex 4.39139 4.63136 35
      vertex 4.51924 4.51924 35
    endloop
  endfacet
  facet normal 0.896872 -0.442291 0
    outer loop
      vertex 2.39896 4.09749 45
      vertex 2.47417 4.25 35
      vertex 2.47417 4.25 45
    endloop
  endfacet
  facet normal 0.896872 -0.442291 0
    outer loop
      vertex 2.47417 4.25 35
      vertex 2.39896 4.09749 45
      vertex 2.39896 4.09749 35
    endloop
  endfacet
  facet normal 0.442291 0.896872 -0
    outer loop
      vertex 3.10251 2.39896 35
      vertex 2.95 2.47417 45
      vertex 3.10251 2.39896 45
    endloop
  endfacet
  facet normal 0.442291 0.896872 0
    outer loop
      vertex 2.95 2.47417 45
      vertex 3.10251 2.39896 35
      vertex 2.95 2.47417 35
    endloop
  endfacet
  facet normal -0.83148 -0.555555 0
    outer loop
      vertex 4.72583 4.25 35
      vertex 4.63136 4.39139 45
      vertex 4.63136 4.39139 35
    endloop
  endfacet
  facet normal -0.83148 -0.555555 0
    outer loop
      vertex 4.63136 4.39139 45
      vertex 4.72583 4.25 35
      vertex 4.72583 4.25 45
    endloop
  endfacet
  facet normal -0.442291 -0.896872 0
    outer loop
      vertex 4.09749 4.80104 35
      vertex 4.25 4.72583 45
      vertex 4.09749 4.80104 45
    endloop
  endfacet
  facet normal -0.442291 -0.896872 -0
    outer loop
      vertex 4.25 4.72583 45
      vertex 4.09749 4.80104 35
      vertex 4.25 4.72583 35
    endloop
  endfacet
  facet normal -0.321427 0.946934 0
    outer loop
      vertex 4.09749 2.39896 35
      vertex 3.93646 2.3443 45
      vertex 4.09749 2.39896 45
    endloop
  endfacet
  facet normal -0.321427 0.946934 0
    outer loop
      vertex 3.93646 2.3443 45
      vertex 4.09749 2.39896 35
      vertex 3.93646 2.3443 35
    endloop
  endfacet
  facet normal 0.83148 -0.555555 0
    outer loop
      vertex 2.47417 4.25 45
      vertex 2.56864 4.39139 35
      vertex 2.56864 4.39139 45
    endloop
  endfacet
  facet normal 0.83148 -0.555555 0
    outer loop
      vertex 2.56864 4.39139 35
      vertex 2.47417 4.25 45
      vertex 2.47417 4.25 35
    endloop
  endfacet
  facet normal -0.555555 -0.83148 0
    outer loop
      vertex 4.25 4.72583 35
      vertex 4.39139 4.63136 45
      vertex 4.25 4.72583 45
    endloop
  endfacet
  facet normal -0.555555 -0.83148 -0
    outer loop
      vertex 4.39139 4.63136 45
      vertex 4.25 4.72583 35
      vertex 4.39139 4.63136 35
    endloop
  endfacet
  facet normal -0.896872 0.442291 0
    outer loop
      vertex 4.72583 2.95 35
      vertex 4.80104 3.10251 45
      vertex 4.80104 3.10251 35
    endloop
  endfacet
  facet normal -0.896872 0.442291 0
    outer loop
      vertex 4.80104 3.10251 45
      vertex 4.72583 2.95 35
      vertex 4.72583 2.95 45
    endloop
  endfacet
  facet normal -0.946928 0.321445 0
    outer loop
      vertex 4.80104 3.10251 35
      vertex 4.8557 3.26353 45
      vertex 4.8557 3.26353 35
    endloop
  endfacet
  facet normal -0.946928 0.321445 0
    outer loop
      vertex 4.8557 3.26353 45
      vertex 4.80104 3.10251 35
      vertex 4.80104 3.10251 45
    endloop
  endfacet
  facet normal 0.0653948 -0.997859 0
    outer loop
      vertex 3.43032 4.88888 35
      vertex 3.6 4.9 45
      vertex 3.43032 4.88888 45
    endloop
  endfacet
  facet normal 0.0653948 -0.997859 0
    outer loop
      vertex 3.6 4.9 45
      vertex 3.43032 4.88888 35
      vertex 3.6 4.9 35
    endloop
  endfacet
  facet normal 0.896872 0.442291 0
    outer loop
      vertex 2.47417 2.95 45
      vertex 2.39896 3.10251 35
      vertex 2.39896 3.10251 45
    endloop
  endfacet
  facet normal 0.896872 0.442291 0
    outer loop
      vertex 2.39896 3.10251 35
      vertex 2.47417 2.95 45
      vertex 2.47417 2.95 35
    endloop
  endfacet
  facet normal 0.980781 0.19511 0
    outer loop
      vertex 2.3443 3.26353 45
      vertex 2.31112 3.43032 35
      vertex 2.31112 3.43032 45
    endloop
  endfacet
  facet normal 0.980781 0.19511 0
    outer loop
      vertex 2.31112 3.43032 35
      vertex 2.3443 3.26353 45
      vertex 2.3443 3.26353 35
    endloop
  endfacet
  facet normal -0.0653948 0.997859 0
    outer loop
      vertex 3.76968 2.31112 35
      vertex 3.6 2.3 45
      vertex 3.76968 2.31112 45
    endloop
  endfacet
  facet normal -0.0653948 0.997859 0
    outer loop
      vertex 3.6 2.3 45
      vertex 3.76968 2.31112 35
      vertex 3.6 2.3 35
    endloop
  endfacet
  facet normal 0.442291 -0.896872 0
    outer loop
      vertex 2.95 4.72583 35
      vertex 3.10251 4.80104 45
      vertex 2.95 4.72583 45
    endloop
  endfacet
  facet normal 0.442291 -0.896872 0
    outer loop
      vertex 3.10251 4.80104 45
      vertex 2.95 4.72583 35
      vertex 3.10251 4.80104 35
    endloop
  endfacet
  facet normal -0.321427 -0.946934 0
    outer loop
      vertex 3.93646 4.8557 35
      vertex 4.09749 4.80104 45
      vertex 3.93646 4.8557 45
    endloop
  endfacet
  facet normal -0.321427 -0.946934 -0
    outer loop
      vertex 4.09749 4.80104 45
      vertex 3.93646 4.8557 35
      vertex 4.09749 4.80104 35
    endloop
  endfacet
  facet normal -0.997859 0.0653948 0
    outer loop
      vertex 4.88888 3.43032 35
      vertex 4.9 3.6 45
      vertex 4.9 3.6 35
    endloop
  endfacet
  facet normal -0.997859 0.0653948 0
    outer loop
      vertex 4.9 3.6 45
      vertex 4.88888 3.43032 35
      vertex 4.88888 3.43032 45
    endloop
  endfacet
  facet normal -0.83148 0.555555 0
    outer loop
      vertex 4.63136 2.80861 35
      vertex 4.72583 2.95 45
      vertex 4.72583 2.95 35
    endloop
  endfacet
  facet normal -0.83148 0.555555 0
    outer loop
      vertex 4.72583 2.95 45
      vertex 4.63136 2.80861 35
      vertex 4.63136 2.80861 45
    endloop
  endfacet
  facet normal 0.321445 -0.946928 0
    outer loop
      vertex 3.10251 4.80104 35
      vertex 3.26353 4.8557 45
      vertex 3.10251 4.80104 45
    endloop
  endfacet
  facet normal 0.321445 -0.946928 0
    outer loop
      vertex 3.26353 4.8557 45
      vertex 3.10251 4.80104 35
      vertex 3.26353 4.8557 35
    endloop
  endfacet
  facet normal 0.751844 0.659341 0
    outer loop
      vertex 2.68076 2.68076 45
      vertex 2.56864 2.80861 35
      vertex 2.56864 2.80861 45
    endloop
  endfacet
  facet normal 0.751844 0.659341 0
    outer loop
      vertex 2.56864 2.80861 35
      vertex 2.68076 2.68076 45
      vertex 2.68076 2.68076 35
    endloop
  endfacet
  facet normal -0.751844 -0.659341 0
    outer loop
      vertex 4.63136 4.39139 35
      vertex 4.51924 4.51924 45
      vertex 4.51924 4.51924 35
    endloop
  endfacet
  facet normal -0.751844 -0.659341 0
    outer loop
      vertex 4.51924 4.51924 45
      vertex 4.63136 4.39139 35
      vertex 4.63136 4.39139 45
    endloop
  endfacet
  facet normal 0.83148 0.555555 0
    outer loop
      vertex 2.56864 2.80861 45
      vertex 2.47417 2.95 35
      vertex 2.47417 2.95 45
    endloop
  endfacet
  facet normal 0.83148 0.555555 0
    outer loop
      vertex 2.47417 2.95 35
      vertex 2.56864 2.80861 45
      vertex 2.56864 2.80861 35
    endloop
  endfacet
  facet normal 0.19511 0.980781 -0
    outer loop
      vertex 3.43032 2.31112 35
      vertex 3.26353 2.3443 45
      vertex 3.43032 2.31112 45
    endloop
  endfacet
  facet normal 0.19511 0.980781 0
    outer loop
      vertex 3.26353 2.3443 45
      vertex 3.43032 2.31112 35
      vertex 3.26353 2.3443 35
    endloop
  endfacet
  facet normal -0.442291 0.896872 0
    outer loop
      vertex 4.25 2.47417 35
      vertex 4.09749 2.39896 45
      vertex 4.25 2.47417 45
    endloop
  endfacet
  facet normal -0.442291 0.896872 0
    outer loop
      vertex 4.09749 2.39896 45
      vertex 4.25 2.47417 35
      vertex 4.09749 2.39896 35
    endloop
  endfacet
  facet normal -0.980781 0.19511 0
    outer loop
      vertex 4.8557 3.26353 35
      vertex 4.88888 3.43032 45
      vertex 4.88888 3.43032 35
    endloop
  endfacet
  facet normal -0.980781 0.19511 0
    outer loop
      vertex 4.88888 3.43032 45
      vertex 4.8557 3.26353 35
      vertex 4.8557 3.26353 45
    endloop
  endfacet
  facet normal 0.19511 -0.980781 0
    outer loop
      vertex 3.26353 4.8557 35
      vertex 3.43032 4.88888 45
      vertex 3.26353 4.8557 45
    endloop
  endfacet
  facet normal 0.19511 -0.980781 0
    outer loop
      vertex 3.43032 4.88888 45
      vertex 3.26353 4.8557 35
      vertex 3.43032 4.88888 35
    endloop
  endfacet
  facet normal 0.751844 -0.659341 0
    outer loop
      vertex 2.56864 4.39139 45
      vertex 2.68076 4.51924 35
      vertex 2.68076 4.51924 45
    endloop
  endfacet
  facet normal 0.751844 -0.659341 0
    outer loop
      vertex 2.68076 4.51924 35
      vertex 2.56864 4.39139 45
      vertex 2.56864 4.39139 35
    endloop
  endfacet
  facet normal 0.659341 -0.751844 0
    outer loop
      vertex 2.68076 4.51924 35
      vertex 2.80861 4.63136 45
      vertex 2.68076 4.51924 45
    endloop
  endfacet
  facet normal 0.659341 -0.751844 0
    outer loop
      vertex 2.80861 4.63136 45
      vertex 2.68076 4.51924 35
      vertex 2.80861 4.63136 35
    endloop
  endfacet
  facet normal 0.997859 0.0653948 0
    outer loop
      vertex 2.31112 3.43032 45
      vertex 2.3 3.6 35
      vertex 2.3 3.6 45
    endloop
  endfacet
  facet normal 0.997859 0.0653948 0
    outer loop
      vertex 2.3 3.6 35
      vertex 2.31112 3.43032 45
      vertex 2.31112 3.43032 35
    endloop
  endfacet
  facet normal -0.555555 0.83148 0
    outer loop
      vertex 4.39139 2.56864 35
      vertex 4.25 2.47417 45
      vertex 4.39139 2.56864 45
    endloop
  endfacet
  facet normal -0.555555 0.83148 0
    outer loop
      vertex 4.25 2.47417 45
      vertex 4.39139 2.56864 35
      vertex 4.25 2.47417 35
    endloop
  endfacet
  facet normal 0 0 1
    outer loop
      vertex 4.88888 3.76968 35
      vertex 4.88888 3.43032 35
      vertex 4.9 3.6 35
    endloop
  endfacet
  facet normal 0 0 1
    outer loop
      vertex 4.8557 3.93646 35
      vertex 4.88888 3.43032 35
      vertex 4.88888 3.76968 35
    endloop
  endfacet
  facet normal 0 0 1
    outer loop
      vertex 4.8557 3.93646 35
      vertex 4.8557 3.26353 35
      vertex 4.88888 3.43032 35
    endloop
  endfacet
  facet normal 0 0 1
    outer loop
      vertex 4.80104 4.09749 35
      vertex 4.8557 3.26353 35
      vertex 4.8557 3.93646 35
    endloop
  endfacet
  facet normal 0 0 1
    outer loop
      vertex 4.80104 4.09749 35
      vertex 4.80104 3.10251 35
      vertex 4.8557 3.26353 35
    endloop
  endfacet
  facet normal 0 0 1
    outer loop
      vertex 4.72583 4.25 35
      vertex 4.80104 3.10251 35
      vertex 4.80104 4.09749 35
    endloop
  endfacet
  facet normal 0 0 1
    outer loop
      vertex 4.72583 4.25 35
      vertex 4.72583 2.95 35
      vertex 4.80104 3.10251 35
    endloop
  endfacet
  facet normal 0 0 1
    outer loop
      vertex 4.63136 4.39139 35
      vertex 4.72583 2.95 35
      vertex 4.72583 4.25 35
    endloop
  endfacet
  facet normal 0 0 1
    outer loop
      vertex 4.63136 4.39139 35
      vertex 4.63136 2.80861 35
      vertex 4.72583 2.95 35
    endloop
  endfacet
  facet normal 0 0 1
    outer loop
      vertex 4.51924 4.51924 35
      vertex 4.63136 2.80861 35
      vertex 4.63136 4.39139 35
    endloop
  endfacet
  facet normal 0 0 1
    outer loop
      vertex 4.51924 4.51924 35
      vertex 4.51924 2.68076 35
      vertex 4.63136 2.80861 35
    endloop
  endfacet
  facet normal 0 0 1
    outer loop
      vertex 4.39139 4.63136 35
      vertex 4.51924 2.68076 35
      vertex 4.51924 4.51924 35
    endloop
  endfacet
  facet normal 0 0 1
    outer loop
      vertex 4.39139 4.63136 35
      vertex 4.39139 2.56864 35
      vertex 4.51924 2.68076 35
    endloop
  endfacet
  facet normal 0 0 1
    outer loop
      vertex 4.25 4.72583 35
      vertex 4.39139 2.56864 35
      vertex 4.39139 4.63136 35
    endloop
  endfacet
  facet normal 0 0 1
    outer loop
      vertex 4.25 4.72583 35
      vertex 4.25 2.47417 35
      vertex 4.39139 2.56864 35
    endloop
  endfacet
  facet normal 0 0 1
    outer loop
      vertex 4.09749 4.80104 35
      vertex 4.25 2.47417 35
      vertex 4.25 4.72583 35
    endloop
  endfacet
  facet normal 0 0 1
    outer loop
      vertex 4.09749 4.80104 35
      vertex 4.09749 2.39896 35
      vertex 4.25 2.47417 35
    endloop
  endfacet
  facet normal 0 0 1
    outer loop
      vertex 3.93646 4.8557 35
      vertex 4.09749 2.39896 35
      vertex 4.09749 4.80104 35
    endloop
  endfacet
  facet normal 0 0 1
    outer loop
      vertex 3.93646 4.8557 35
      vertex 3.93646 2.3443 35
      vertex 4.09749 2.39896 35
    endloop
  endfacet
  facet normal 0 0 1
    outer loop
      vertex 3.76968 4.88888 35
      vertex 3.93646 2.3443 35
      vertex 3.93646 4.8557 35
    endloop
  endfacet
  facet normal 0 0 1
    outer loop
      vertex 3.76968 4.88888 35
      vertex 3.76968 2.31112 35
      vertex 3.93646 2.3443 35
    endloop
  endfacet
  facet normal 0 0 1
    outer loop
      vertex 3.6 4.9 35
      vertex 3.76968 2.31112 35
      vertex 3.76968 4.88888 35
    endloop
  endfacet
  facet normal 0 0 1
    outer loop
      vertex 3.6 4.9 35
      vertex 3.6 2.3 35
      vertex 3.76968 2.31112 35
    endloop
  endfacet
  facet normal -0 0 1
    outer loop
      vertex 3.43032 4.88888 35
      vertex 3.6 2.3 35
      vertex 3.6 4.9 35
    endloop
  endfacet
  facet normal 0 0 1
    outer loop
      vertex 3.43032 4.88888 35
      vertex 3.43032 2.31112 35
      vertex 3.6 2.3 35
    endloop
  endfacet
  facet normal -0 0 1
    outer loop
      vertex 3.26353 4.8557 35
      vertex 3.43032 2.31112 35
      vertex 3.43032 4.88888 35
    endloop
  endfacet
  facet normal 0 0 1
    outer loop
      vertex 3.26353 4.8557 35
      vertex 3.26353 2.3443 35
      vertex 3.43032 2.31112 35
    endloop
  endfacet
  facet normal -0 0 1
    outer loop
      vertex 3.10251 4.80104 35
      vertex 3.26353 2.3443 35
      vertex 3.26353 4.8557 35
    endloop
  endfacet
  facet normal 0 0 1
    outer loop
      vertex 3.10251 4.80104 35
      vertex 3.10251 2.39896 35
      vertex 3.26353 2.3443 35
    endloop
  endfacet
  facet normal -0 0 1
    outer loop
      vertex 2.95 4.72583 35
      vertex 3.10251 2.39896 35
      vertex 3.10251 4.80104 35
    endloop
  endfacet
  facet normal 0 0 1
    outer loop
      vertex 2.95 4.72583 35
      vertex 2.95 2.47417 35
      vertex 3.10251 2.39896 35
    endloop
  endfacet
  facet normal -0 0 1
    outer loop
      vertex 2.80861 4.63136 35
      vertex 2.95 2.47417 35
      vertex 2.95 4.72583 35
    endloop
  endfacet
  facet normal 0 0 1
    outer loop
      vertex 2.80861 4.63136 35
      vertex 2.80861 2.56864 35
      vertex 2.95 2.47417 35
    endloop
  endfacet
  facet normal -0 0 1
    outer loop
      vertex 2.68076 4.51924 35
      vertex 2.80861 2.56864 35
      vertex 2.80861 4.63136 35
    endloop
  endfacet
  facet normal 0 0 1
    outer loop
      vertex 2.68076 4.51924 35
      vertex 2.68076 2.68076 35
      vertex 2.80861 2.56864 35
    endloop
  endfacet
  facet normal -0 0 1
    outer loop
      vertex 2.56864 4.39139 35
      vertex 2.68076 2.68076 35
      vertex 2.68076 4.51924 35
    endloop
  endfacet
  facet normal 0 0 1
    outer loop
      vertex 2.56864 4.39139 35
      vertex 2.56864 2.80861 35
      vertex 2.68076 2.68076 35
    endloop
  endfacet
  facet normal -0 0 1
    outer loop
      vertex 2.47417 4.25 35
      vertex 2.56864 2.80861 35
      vertex 2.56864 4.39139 35
    endloop
  endfacet
  facet normal 0 0 1
    outer loop
      vertex 2.47417 4.25 35
      vertex 2.47417 2.95 35
      vertex 2.56864 2.80861 35
    endloop
  endfacet
  facet normal -0 0 1
    outer loop
      vertex 2.39896 4.09749 35
      vertex 2.47417 2.95 35
      vertex 2.47417 4.25 35
    endloop
  endfacet
  facet normal 0 0 1
    outer loop
      vertex 2.39896 4.09749 35
      vertex 2.39896 3.10251 35
      vertex 2.47417 2.95 35
    endloop
  endfacet
  facet normal -0 0 1
    outer loop
      vertex 2.3443 3.93646 35
      vertex 2.39896 3.10251 35
      vertex 2.39896 4.09749 35
    endloop
  endfacet
  facet normal 0 0 1
    outer loop
      vertex 2.3443 3.93646 35
      vertex 2.3443 3.26353 35
      vertex 2.39896 3.10251 35
    endloop
  endfacet
  facet normal -0 0 1
    outer loop
      vertex 2.31112 3.76968 35
      vertex 2.3443 3.26353 35
      vertex 2.3443 3.93646 35
    endloop
  endfacet
  facet normal 0 0 1
    outer loop
      vertex 2.31112 3.76968 35
      vertex 2.31112 3.43032 35
      vertex 2.3443 3.26353 35
    endloop
  endfacet
  facet normal 0 -0 1
    outer loop
      vertex 2.31112 3.43032 35
      vertex 2.31112 3.76968 35
      vertex 2.3 3.6 35
    endloop
  endfacet
  facet normal -0.897361 0.441296 0
    outer loop
      vertex 172.526 2.95 35
      vertex 172.601 3.10251 45
      vertex 172.601 3.10251 35
    endloop
  endfacet
  facet normal -0.897361 0.441296 0
    outer loop
      vertex 172.601 3.10251 45
      vertex 172.526 2.95 35
      vertex 172.526 2.95 45
    endloop
  endfacet
  facet normal -0.752194 -0.658942 0
    outer loop
      vertex 172.431 4.39139 35
      vertex 172.319 4.51924 45
      vertex 172.319 4.51924 35
    endloop
  endfacet
  facet normal -0.752194 -0.658942 0
    outer loop
      vertex 172.319 4.51924 45
      vertex 172.431 4.39139 35
      vertex 172.431 4.39139 45
    endloop
  endfacet
  facet normal -0.980981 -0.194102 0
    outer loop
      vertex 172.689 3.76968 35
      vertex 172.656 3.93646 45
      vertex 172.656 3.93646 35
    endloop
  endfacet
  facet normal -0.980981 -0.194102 0
    outer loop
      vertex 172.656 3.93646 45
      vertex 172.689 3.76968 35
      vertex 172.689 3.76968 45
    endloop
  endfacet
  facet normal 0.946324 -0.323218 0
    outer loop
      vertex 170.144 3.93646 45
      vertex 170.199 4.09749 35
      vertex 170.199 4.09749 45
    endloop
  endfacet
  facet normal 0.946324 -0.323218 0
    outer loop
      vertex 170.199 4.09749 35
      vertex 170.144 3.93646 45
      vertex 170.144 3.93646 35
    endloop
  endfacet
  facet normal -0.997905 0.0646921 0
    outer loop
      vertex 172.689 3.43032 35
      vertex 172.7 3.6 45
      vertex 172.7 3.6 35
    endloop
  endfacet
  facet normal -0.997905 0.0646921 0
    outer loop
      vertex 172.7 3.6 45
      vertex 172.689 3.43032 35
      vertex 172.689 3.43032 45
    endloop
  endfacet
  facet normal -0.752194 0.658942 0
    outer loop
      vertex 172.319 2.68076 35
      vertex 172.431 2.80861 45
      vertex 172.431 2.80861 35
    endloop
  endfacet
  facet normal -0.752194 0.658942 0
    outer loop
      vertex 172.431 2.80861 45
      vertex 172.319 2.68076 35
      vertex 172.319 2.68076 45
    endloop
  endfacet
  facet normal 0.658904 -0.752227 0
    outer loop
      vertex 170.481 4.51924 35
      vertex 170.609 4.63136 45
      vertex 170.481 4.51924 45
    endloop
  endfacet
  facet normal 0.658904 -0.752227 0
    outer loop
      vertex 170.609 4.63136 45
      vertex 170.481 4.51924 35
      vertex 170.609 4.63136 35
    endloop
  endfacet
  facet normal 0.196003 -0.980603 0
    outer loop
      vertex 171.064 4.8557 35
      vertex 171.23 4.88888 45
      vertex 171.064 4.8557 45
    endloop
  endfacet
  facet normal 0.196003 -0.980603 0
    outer loop
      vertex 171.23 4.88888 45
      vertex 171.064 4.8557 35
      vertex 171.23 4.88888 35
    endloop
  endfacet
  facet normal -0.997905 -0.0646921 0
    outer loop
      vertex 172.7 3.6 35
      vertex 172.689 3.76968 45
      vertex 172.689 3.76968 35
    endloop
  endfacet
  facet normal -0.997905 -0.0646921 0
    outer loop
      vertex 172.689 3.76968 45
      vertex 172.7 3.6 35
      vertex 172.7 3.6 45
    endloop
  endfacet
  facet normal 0.556616 0.83077 -0
    outer loop
      vertex 170.75 2.47417 35
      vertex 170.609 2.56864 45
      vertex 170.75 2.47417 45
    endloop
  endfacet
  facet normal 0.556616 0.83077 0
    outer loop
      vertex 170.609 2.56864 45
      vertex 170.75 2.47417 35
      vertex 170.609 2.56864 35
    endloop
  endfacet
  facet normal -0.0652723 0.997867 0
    outer loop
      vertex 171.57 2.31112 35
      vertex 171.4 2.3 45
      vertex 171.57 2.31112 45
    endloop
  endfacet
  facet normal -0.0652723 0.997867 0
    outer loop
      vertex 171.4 2.3 45
      vertex 171.57 2.31112 35
      vertex 171.4 2.3 35
    endloop
  endfacet
  facet normal -0.946324 -0.323218 0
    outer loop
      vertex 172.656 3.93646 35
      vertex 172.601 4.09749 45
      vertex 172.601 4.09749 35
    endloop
  endfacet
  facet normal -0.946324 -0.323218 0
    outer loop
      vertex 172.601 4.09749 45
      vertex 172.656 3.93646 35
      vertex 172.656 3.93646 45
    endloop
  endfacet
  facet normal 0.321481 0.946916 -0
    outer loop
      vertex 171.064 2.3443 35
      vertex 170.903 2.39896 45
      vertex 171.064 2.3443 45
    endloop
  endfacet
  facet normal 0.321481 0.946916 0
    outer loop
      vertex 170.903 2.39896 45
      vertex 171.064 2.3443 35
      vertex 170.903 2.39896 35
    endloop
  endfacet
  facet normal 0.946318 0.323236 0
    outer loop
      vertex 170.199 3.10251 45
      vertex 170.144 3.26353 35
      vertex 170.144 3.26353 45
    endloop
  endfacet
  facet normal 0.946318 0.323236 0
    outer loop
      vertex 170.144 3.26353 35
      vertex 170.199 3.10251 45
      vertex 170.199 3.10251 35
    endloop
  endfacet
  facet normal 0.997905 0.0646921 0
    outer loop
      vertex 170.111 3.43032 45
      vertex 170.1 3.6 35
      vertex 170.1 3.6 45
    endloop
  endfacet
  facet normal 0.997905 0.0646921 0
    outer loop
      vertex 170.1 3.6 35
      vertex 170.111 3.43032 45
      vertex 170.111 3.43032 35
    endloop
  endfacet
  facet normal -0.556616 0.83077 0
    outer loop
      vertex 172.191 2.56864 35
      vertex 172.05 2.47417 45
      vertex 172.191 2.56864 45
    endloop
  endfacet
  facet normal -0.556616 0.83077 0
    outer loop
      vertex 172.05 2.47417 45
      vertex 172.191 2.56864 35
      vertex 172.05 2.47417 35
    endloop
  endfacet
  facet normal -0.83004 -0.557704 0
    outer loop
      vertex 172.526 4.25 35
      vertex 172.431 4.39139 45
      vertex 172.431 4.39139 35
    endloop
  endfacet
  facet normal -0.83004 -0.557704 0
    outer loop
      vertex 172.431 4.39139 45
      vertex 172.526 4.25 35
      vertex 172.526 4.25 45
    endloop
  endfacet
  facet normal -0.321481 -0.946916 0
    outer loop
      vertex 171.736 4.8557 35
      vertex 171.897 4.80104 45
      vertex 171.736 4.8557 45
    endloop
  endfacet
  facet normal -0.321481 -0.946916 -0
    outer loop
      vertex 171.897 4.80104 45
      vertex 171.736 4.8557 35
      vertex 171.897 4.80104 35
    endloop
  endfacet
  facet normal -0.897361 -0.441296 0
    outer loop
      vertex 172.601 4.09749 35
      vertex 172.526 4.25 45
      vertex 172.526 4.25 35
    endloop
  endfacet
  facet normal -0.897361 -0.441296 0
    outer loop
      vertex 172.526 4.25 45
      vertex 172.601 4.09749 35
      vertex 172.601 4.09749 45
    endloop
  endfacet
  facet normal -0.321481 0.946916 0
    outer loop
      vertex 171.897 2.39896 35
      vertex 171.736 2.3443 45
      vertex 171.897 2.39896 45
    endloop
  endfacet
  facet normal -0.321481 0.946916 0
    outer loop
      vertex 171.736 2.3443 45
      vertex 171.897 2.39896 35
      vertex 171.736 2.3443 35
    endloop
  endfacet
  facet normal 0.0652723 0.997867 -0
    outer loop
      vertex 171.4 2.3 35
      vertex 171.23 2.31112 45
      vertex 171.4 2.3 45
    endloop
  endfacet
  facet normal 0.0652723 0.997867 0
    outer loop
      vertex 171.23 2.31112 45
      vertex 171.4 2.3 35
      vertex 171.23 2.31112 35
    endloop
  endfacet
  facet normal 0.980984 0.194091 0
    outer loop
      vertex 170.144 3.26353 45
      vertex 170.111 3.43032 35
      vertex 170.111 3.43032 45
    endloop
  endfacet
  facet normal 0.980984 0.194091 0
    outer loop
      vertex 170.111 3.43032 35
      vertex 170.144 3.26353 45
      vertex 170.144 3.26353 35
    endloop
  endfacet
  facet normal -0.44115 -0.897433 0
    outer loop
      vertex 171.897 4.80104 35
      vertex 172.05 4.72583 45
      vertex 171.897 4.80104 45
    endloop
  endfacet
  facet normal -0.44115 -0.897433 -0
    outer loop
      vertex 172.05 4.72583 45
      vertex 171.897 4.80104 35
      vertex 172.05 4.72583 35
    endloop
  endfacet
  facet normal -0.83004 0.557704 0
    outer loop
      vertex 172.431 2.80861 35
      vertex 172.526 2.95 45
      vertex 172.526 2.95 35
    endloop
  endfacet
  facet normal -0.83004 0.557704 0
    outer loop
      vertex 172.526 2.95 45
      vertex 172.431 2.80861 35
      vertex 172.431 2.80861 45
    endloop
  endfacet
  facet normal 0.44115 -0.897433 0
    outer loop
      vertex 170.75 4.72583 35
      vertex 170.903 4.80104 45
      vertex 170.75 4.72583 45
    endloop
  endfacet
  facet normal 0.44115 -0.897433 0
    outer loop
      vertex 170.903 4.80104 45
      vertex 170.75 4.72583 35
      vertex 170.903 4.80104 35
    endloop
  endfacet
  facet normal 0.752194 -0.658942 0
    outer loop
      vertex 170.369 4.39139 45
      vertex 170.481 4.51924 35
      vertex 170.481 4.51924 45
    endloop
  endfacet
  facet normal 0.752194 -0.658942 0
    outer loop
      vertex 170.481 4.51924 35
      vertex 170.369 4.39139 45
      vertex 170.369 4.39139 35
    endloop
  endfacet
  facet normal -0.196003 -0.980603 0
    outer loop
      vertex 171.57 4.88888 35
      vertex 171.736 4.8557 45
      vertex 171.57 4.88888 45
    endloop
  endfacet
  facet normal -0.196003 -0.980603 -0
    outer loop
      vertex 171.736 4.8557 45
      vertex 171.57 4.88888 35
      vertex 171.736 4.8557 35
    endloop
  endfacet
  facet normal 0.897361 -0.441296 0
    outer loop
      vertex 170.199 4.09749 45
      vertex 170.274 4.25 35
      vertex 170.274 4.25 45
    endloop
  endfacet
  facet normal 0.897361 -0.441296 0
    outer loop
      vertex 170.274 4.25 35
      vertex 170.199 4.09749 45
      vertex 170.199 4.09749 35
    endloop
  endfacet
  facet normal 0.44115 0.897433 -0
    outer loop
      vertex 170.903 2.39896 35
      vertex 170.75 2.47417 45
      vertex 170.903 2.39896 45
    endloop
  endfacet
  facet normal 0.44115 0.897433 0
    outer loop
      vertex 170.75 2.47417 45
      vertex 170.903 2.39896 35
      vertex 170.75 2.47417 35
    endloop
  endfacet
  facet normal -0.196003 0.980603 0
    outer loop
      vertex 171.736 2.3443 35
      vertex 171.57 2.31112 45
      vertex 171.736 2.3443 45
    endloop
  endfacet
  facet normal -0.196003 0.980603 0
    outer loop
      vertex 171.57 2.31112 45
      vertex 171.736 2.3443 35
      vertex 171.57 2.31112 35
    endloop
  endfacet
  facet normal -0.658904 0.752227 0
    outer loop
      vertex 172.319 2.68076 35
      vertex 172.191 2.56864 45
      vertex 172.319 2.68076 45
    endloop
  endfacet
  facet normal -0.658904 0.752227 0
    outer loop
      vertex 172.191 2.56864 45
      vertex 172.319 2.68076 35
      vertex 172.191 2.56864 35
    endloop
  endfacet
  facet normal 0.321481 -0.946916 0
    outer loop
      vertex 170.903 4.80104 35
      vertex 171.064 4.8557 45
      vertex 170.903 4.80104 45
    endloop
  endfacet
  facet normal 0.321481 -0.946916 0
    outer loop
      vertex 171.064 4.8557 45
      vertex 170.903 4.80104 35
      vertex 171.064 4.8557 35
    endloop
  endfacet
  facet normal 0.897361 0.441296 0
    outer loop
      vertex 170.274 2.95 45
      vertex 170.199 3.10251 35
      vertex 170.199 3.10251 45
    endloop
  endfacet
  facet normal 0.897361 0.441296 0
    outer loop
      vertex 170.199 3.10251 35
      vertex 170.274 2.95 45
      vertex 170.274 2.95 35
    endloop
  endfacet
  facet normal 0.997905 -0.0646921 0
    outer loop
      vertex 170.1 3.6 45
      vertex 170.111 3.76968 35
      vertex 170.111 3.76968 45
    endloop
  endfacet
  facet normal 0.997905 -0.0646921 0
    outer loop
      vertex 170.111 3.76968 35
      vertex 170.1 3.6 45
      vertex 170.1 3.6 35
    endloop
  endfacet
  facet normal -0.946318 0.323236 0
    outer loop
      vertex 172.601 3.10251 35
      vertex 172.656 3.26353 45
      vertex 172.656 3.26353 35
    endloop
  endfacet
  facet normal -0.946318 0.323236 0
    outer loop
      vertex 172.656 3.26353 45
      vertex 172.601 3.10251 35
      vertex 172.601 3.10251 45
    endloop
  endfacet
  facet normal 0.980981 -0.194102 0
    outer loop
      vertex 170.111 3.76968 45
      vertex 170.144 3.93646 35
      vertex 170.144 3.93646 45
    endloop
  endfacet
  facet normal 0.980981 -0.194102 0
    outer loop
      vertex 170.144 3.93646 35
      vertex 170.111 3.76968 45
      vertex 170.111 3.76968 35
    endloop
  endfacet
  facet normal -0.0652723 -0.997867 0
    outer loop
      vertex 171.4 4.9 35
      vertex 171.57 4.88888 45
      vertex 171.4 4.9 45
    endloop
  endfacet
  facet normal -0.0652723 -0.997867 -0
    outer loop
      vertex 171.57 4.88888 45
      vertex 171.4 4.9 35
      vertex 171.57 4.88888 35
    endloop
  endfacet
  facet normal 0.658904 0.752227 -0
    outer loop
      vertex 170.609 2.56864 35
      vertex 170.481 2.68076 45
      vertex 170.609 2.56864 45
    endloop
  endfacet
  facet normal 0.658904 0.752227 0
    outer loop
      vertex 170.481 2.68076 45
      vertex 170.609 2.56864 35
      vertex 170.481 2.68076 35
    endloop
  endfacet
  facet normal -0.556616 -0.83077 0
    outer loop
      vertex 172.05 4.72583 35
      vertex 172.191 4.63136 45
      vertex 172.05 4.72583 45
    endloop
  endfacet
  facet normal -0.556616 -0.83077 -0
    outer loop
      vertex 172.191 4.63136 45
      vertex 172.05 4.72583 35
      vertex 172.191 4.63136 35
    endloop
  endfacet
  facet normal 0 0 1
    outer loop
      vertex 172.689 3.76968 35
      vertex 172.689 3.43032 35
      vertex 172.7 3.6 35
    endloop
  endfacet
  facet normal 0 0 1
    outer loop
      vertex 172.656 3.93646 35
      vertex 172.689 3.43032 35
      vertex 172.689 3.76968 35
    endloop
  endfacet
  facet normal 0 0 1
    outer loop
      vertex 172.656 3.93646 35
      vertex 172.656 3.26353 35
      vertex 172.689 3.43032 35
    endloop
  endfacet
  facet normal 0 0 1
    outer loop
      vertex 172.601 4.09749 35
      vertex 172.656 3.26353 35
      vertex 172.656 3.93646 35
    endloop
  endfacet
  facet normal 0 0 1
    outer loop
      vertex 172.601 4.09749 35
      vertex 172.601 3.10251 35
      vertex 172.656 3.26353 35
    endloop
  endfacet
  facet normal 0 0 1
    outer loop
      vertex 172.526 4.25 35
      vertex 172.601 3.10251 35
      vertex 172.601 4.09749 35
    endloop
  endfacet
  facet normal 0 0 1
    outer loop
      vertex 172.526 4.25 35
      vertex 172.526 2.95 35
      vertex 172.601 3.10251 35
    endloop
  endfacet
  facet normal 0 0 1
    outer loop
      vertex 172.431 4.39139 35
      vertex 172.526 2.95 35
      vertex 172.526 4.25 35
    endloop
  endfacet
  facet normal 0 0 1
    outer loop
      vertex 172.431 4.39139 35
      vertex 172.431 2.80861 35
      vertex 172.526 2.95 35
    endloop
  endfacet
  facet normal 0 0 1
    outer loop
      vertex 172.319 4.51924 35
      vertex 172.431 2.80861 35
      vertex 172.431 4.39139 35
    endloop
  endfacet
  facet normal 0 0 1
    outer loop
      vertex 172.319 4.51924 35
      vertex 172.319 2.68076 35
      vertex 172.431 2.80861 35
    endloop
  endfacet
  facet normal 0 0 1
    outer loop
      vertex 172.191 4.63136 35
      vertex 172.319 2.68076 35
      vertex 172.319 4.51924 35
    endloop
  endfacet
  facet normal 0 0 1
    outer loop
      vertex 172.191 4.63136 35
      vertex 172.191 2.56864 35
      vertex 172.319 2.68076 35
    endloop
  endfacet
  facet normal 0 0 1
    outer loop
      vertex 172.05 4.72583 35
      vertex 172.191 2.56864 35
      vertex 172.191 4.63136 35
    endloop
  endfacet
  facet normal 0 0 1
    outer loop
      vertex 172.05 4.72583 35
      vertex 172.05 2.47417 35
      vertex 172.191 2.56864 35
    endloop
  endfacet
  facet normal 0 0 1
    outer loop
      vertex 171.897 4.80104 35
      vertex 172.05 2.47417 35
      vertex 172.05 4.72583 35
    endloop
  endfacet
  facet normal 0 0 1
    outer loop
      vertex 171.897 4.80104 35
      vertex 171.897 2.39896 35
      vertex 172.05 2.47417 35
    endloop
  endfacet
  facet normal 0 0 1
    outer loop
      vertex 171.736 4.8557 35
      vertex 171.897 2.39896 35
      vertex 171.897 4.80104 35
    endloop
  endfacet
  facet normal 0 0 1
    outer loop
      vertex 171.736 4.8557 35
      vertex 171.736 2.3443 35
      vertex 171.897 2.39896 35
    endloop
  endfacet
  facet normal 0 0 1
    outer loop
      vertex 171.57 4.88888 35
      vertex 171.736 2.3443 35
      vertex 171.736 4.8557 35
    endloop
  endfacet
  facet normal 0 0 1
    outer loop
      vertex 171.57 4.88888 35
      vertex 171.57 2.31112 35
      vertex 171.736 2.3443 35
    endloop
  endfacet
  facet normal 0 0 1
    outer loop
      vertex 171.4 4.9 35
      vertex 171.57 2.31112 35
      vertex 171.57 4.88888 35
    endloop
  endfacet
  facet normal 0 0 1
    outer loop
      vertex 171.4 4.9 35
      vertex 171.4 2.3 35
      vertex 171.57 2.31112 35
    endloop
  endfacet
  facet normal -0 0 1
    outer loop
      vertex 171.23 4.88888 35
      vertex 171.4 2.3 35
      vertex 171.4 4.9 35
    endloop
  endfacet
  facet normal 0 0 1
    outer loop
      vertex 171.23 4.88888 35
      vertex 171.23 2.31112 35
      vertex 171.4 2.3 35
    endloop
  endfacet
  facet normal -0 0 1
    outer loop
      vertex 171.064 4.8557 35
      vertex 171.23 2.31112 35
      vertex 171.23 4.88888 35
    endloop
  endfacet
  facet normal 0 0 1
    outer loop
      vertex 171.064 4.8557 35
      vertex 171.064 2.3443 35
      vertex 171.23 2.31112 35
    endloop
  endfacet
  facet normal -0 0 1
    outer loop
      vertex 170.903 4.80104 35
      vertex 171.064 2.3443 35
      vertex 171.064 4.8557 35
    endloop
  endfacet
  facet normal 0 0 1
    outer loop
      vertex 170.903 4.80104 35
      vertex 170.903 2.39896 35
      vertex 171.064 2.3443 35
    endloop
  endfacet
  facet normal -0 0 1
    outer loop
      vertex 170.75 4.72583 35
      vertex 170.903 2.39896 35
      vertex 170.903 4.80104 35
    endloop
  endfacet
  facet normal 0 0 1
    outer loop
      vertex 170.75 4.72583 35
      vertex 170.75 2.47417 35
      vertex 170.903 2.39896 35
    endloop
  endfacet
  facet normal -0 0 1
    outer loop
      vertex 170.609 4.63136 35
      vertex 170.75 2.47417 35
      vertex 170.75 4.72583 35
    endloop
  endfacet
  facet normal 0 0 1
    outer loop
      vertex 170.609 4.63136 35
      vertex 170.609 2.56864 35
      vertex 170.75 2.47417 35
    endloop
  endfacet
  facet normal -0 0 1
    outer loop
      vertex 170.481 4.51924 35
      vertex 170.609 2.56864 35
      vertex 170.609 4.63136 35
    endloop
  endfacet
  facet normal 0 0 1
    outer loop
      vertex 170.481 4.51924 35
      vertex 170.481 2.68076 35
      vertex 170.609 2.56864 35
    endloop
  endfacet
  facet normal -0 0 1
    outer loop
      vertex 170.369 4.39139 35
      vertex 170.481 2.68076 35
      vertex 170.481 4.51924 35
    endloop
  endfacet
  facet normal 0 0 1
    outer loop
      vertex 170.369 4.39139 35
      vertex 170.369 2.80861 35
      vertex 170.481 2.68076 35
    endloop
  endfacet
  facet normal -0 0 1
    outer loop
      vertex 170.274 4.25 35
      vertex 170.369 2.80861 35
      vertex 170.369 4.39139 35
    endloop
  endfacet
  facet normal 0 0 1
    outer loop
      vertex 170.274 4.25 35
      vertex 170.274 2.95 35
      vertex 170.369 2.80861 35
    endloop
  endfacet
  facet normal -0 0 1
    outer loop
      vertex 170.199 4.09749 35
      vertex 170.274 2.95 35
      vertex 170.274 4.25 35
    endloop
  endfacet
  facet normal 0 0 1
    outer loop
      vertex 170.199 4.09749 35
      vertex 170.199 3.10251 35
      vertex 170.274 2.95 35
    endloop
  endfacet
  facet normal -0 0 1
    outer loop
      vertex 170.144 3.93646 35
      vertex 170.199 3.10251 35
      vertex 170.199 4.09749 35
    endloop
  endfacet
  facet normal 0 0 1
    outer loop
      vertex 170.144 3.93646 35
      vertex 170.144 3.26353 35
      vertex 170.199 3.10251 35
    endloop
  endfacet
  facet normal -0 0 1
    outer loop
      vertex 170.111 3.76968 35
      vertex 170.144 3.26353 35
      vertex 170.144 3.93646 35
    endloop
  endfacet
  facet normal 0 0 1
    outer loop
      vertex 170.111 3.76968 35
      vertex 170.111 3.43032 35
      vertex 170.144 3.26353 35
    endloop
  endfacet
  facet normal 0 -0 1
    outer loop
      vertex 170.111 3.43032 35
      vertex 170.111 3.76968 35
      vertex 170.1 3.6 35
    endloop
  endfacet
  facet normal -0.980984 0.194091 0
    outer loop
      vertex 172.656 3.26353 35
      vertex 172.689 3.43032 45
      vertex 172.689 3.43032 35
    endloop
  endfacet
  facet normal -0.980984 0.194091 0
    outer loop
      vertex 172.689 3.43032 45
      vertex 172.656 3.26353 35
      vertex 172.656 3.26353 45
    endloop
  endfacet
  facet normal 0.83004 -0.557704 0
    outer loop
      vertex 170.274 4.25 45
      vertex 170.369 4.39139 35
      vertex 170.369 4.39139 45
    endloop
  endfacet
  facet normal 0.83004 -0.557704 0
    outer loop
      vertex 170.369 4.39139 35
      vertex 170.274 4.25 45
      vertex 170.274 4.25 35
    endloop
  endfacet
  facet normal -0.658904 -0.752227 0
    outer loop
      vertex 172.191 4.63136 35
      vertex 172.319 4.51924 45
      vertex 172.191 4.63136 45
    endloop
  endfacet
  facet normal -0.658904 -0.752227 -0
    outer loop
      vertex 172.319 4.51924 45
      vertex 172.191 4.63136 35
      vertex 172.319 4.51924 35
    endloop
  endfacet
  facet normal 0.752194 0.658942 0
    outer loop
      vertex 170.481 2.68076 45
      vertex 170.369 2.80861 35
      vertex 170.369 2.80861 45
    endloop
  endfacet
  facet normal 0.752194 0.658942 0
    outer loop
      vertex 170.369 2.80861 35
      vertex 170.481 2.68076 45
      vertex 170.481 2.68076 35
    endloop
  endfacet
  facet normal 0.0652723 -0.997867 0
    outer loop
      vertex 171.23 4.88888 35
      vertex 171.4 4.9 45
      vertex 171.23 4.88888 45
    endloop
  endfacet
  facet normal 0.0652723 -0.997867 0
    outer loop
      vertex 171.4 4.9 45
      vertex 171.23 4.88888 35
      vertex 171.4 4.9 35
    endloop
  endfacet
  facet normal 0.196003 0.980603 -0
    outer loop
      vertex 171.23 2.31112 35
      vertex 171.064 2.3443 45
      vertex 171.23 2.31112 45
    endloop
  endfacet
  facet normal 0.196003 0.980603 0
    outer loop
      vertex 171.064 2.3443 45
      vertex 171.23 2.31112 35
      vertex 171.064 2.3443 35
    endloop
  endfacet
  facet normal 0.83004 0.557704 0
    outer loop
      vertex 170.369 2.80861 45
      vertex 170.274 2.95 35
      vertex 170.274 2.95 45
    endloop
  endfacet
  facet normal 0.83004 0.557704 0
    outer loop
      vertex 170.274 2.95 35
      vertex 170.369 2.80861 45
      vertex 170.369 2.80861 35
    endloop
  endfacet
  facet normal -0.44115 0.897433 0
    outer loop
      vertex 172.05 2.47417 35
      vertex 171.897 2.39896 45
      vertex 172.05 2.47417 45
    endloop
  endfacet
  facet normal -0.44115 0.897433 0
    outer loop
      vertex 171.897 2.39896 45
      vertex 172.05 2.47417 35
      vertex 171.897 2.39896 35
    endloop
  endfacet
  facet normal 0.556616 -0.83077 0
    outer loop
      vertex 170.609 4.63136 35
      vertex 170.75 4.72583 45
      vertex 170.609 4.63136 45
    endloop
  endfacet
  facet normal 0.556616 -0.83077 0
    outer loop
      vertex 170.75 4.72583 45
      vertex 170.609 4.63136 35
      vertex 170.75 4.72583 35
    endloop
  endfacet
  facet normal -0.980603 -0.196003 0
    outer loop
      vertex 4.88888 116.57 35
      vertex 4.8557 116.736 45
      vertex 4.8557 116.736 35
    endloop
  endfacet
  facet normal -0.980603 -0.196003 0
    outer loop
      vertex 4.8557 116.736 45
      vertex 4.88888 116.57 35
      vertex 4.88888 116.57 45
    endloop
  endfacet
  facet normal -0.997867 -0.0652723 0
    outer loop
      vertex 4.9 116.4 35
      vertex 4.88888 116.57 45
      vertex 4.88888 116.57 35
    endloop
  endfacet
  facet normal -0.997867 -0.0652723 0
    outer loop
      vertex 4.88888 116.57 45
      vertex 4.9 116.4 35
      vertex 4.9 116.4 45
    endloop
  endfacet
  facet normal -0.557704 0.83004 0
    outer loop
      vertex 4.39139 115.369 35
      vertex 4.25 115.274 45
      vertex 4.39139 115.369 45
    endloop
  endfacet
  facet normal -0.557704 0.83004 0
    outer loop
      vertex 4.25 115.274 45
      vertex 4.39139 115.369 35
      vertex 4.25 115.274 35
    endloop
  endfacet
  facet normal 0.323236 0.946318 -0
    outer loop
      vertex 3.26353 115.144 35
      vertex 3.10251 115.199 45
      vertex 3.26353 115.144 45
    endloop
  endfacet
  facet normal 0.323236 0.946318 0
    outer loop
      vertex 3.10251 115.199 45
      vertex 3.26353 115.144 35
      vertex 3.10251 115.199 35
    endloop
  endfacet
  facet normal 0.323236 -0.946318 0
    outer loop
      vertex 3.10251 117.601 35
      vertex 3.26353 117.656 45
      vertex 3.10251 117.601 45
    endloop
  endfacet
  facet normal 0.323236 -0.946318 0
    outer loop
      vertex 3.26353 117.656 45
      vertex 3.10251 117.601 35
      vertex 3.26353 117.656 35
    endloop
  endfacet
  facet normal -0.194102 0.980981 0
    outer loop
      vertex 3.93646 115.144 35
      vertex 3.76968 115.111 45
      vertex 3.93646 115.144 45
    endloop
  endfacet
  facet normal -0.194102 0.980981 0
    outer loop
      vertex 3.76968 115.111 45
      vertex 3.93646 115.144 35
      vertex 3.76968 115.111 35
    endloop
  endfacet
  facet normal -0.752227 0.658904 0
    outer loop
      vertex 4.51924 115.481 35
      vertex 4.63136 115.609 45
      vertex 4.63136 115.609 35
    endloop
  endfacet
  facet normal -0.752227 0.658904 0
    outer loop
      vertex 4.63136 115.609 45
      vertex 4.51924 115.481 35
      vertex 4.51924 115.481 45
    endloop
  endfacet
  facet normal 0.997867 0.0652723 0
    outer loop
      vertex 2.31112 116.23 45
      vertex 2.3 116.4 35
      vertex 2.3 116.4 45
    endloop
  endfacet
  facet normal 0.997867 0.0652723 0
    outer loop
      vertex 2.3 116.4 35
      vertex 2.31112 116.23 45
      vertex 2.31112 116.23 35
    endloop
  endfacet
  facet normal 0.946916 -0.321481 0
    outer loop
      vertex 2.3443 116.736 45
      vertex 2.39896 116.897 35
      vertex 2.39896 116.897 45
    endloop
  endfacet
  facet normal 0.946916 -0.321481 0
    outer loop
      vertex 2.39896 116.897 35
      vertex 2.3443 116.736 45
      vertex 2.3443 116.736 35
    endloop
  endfacet
  facet normal 0.658942 0.752194 -0
    outer loop
      vertex 2.80861 115.369 35
      vertex 2.68076 115.481 45
      vertex 2.80861 115.369 45
    endloop
  endfacet
  facet normal 0.658942 0.752194 0
    outer loop
      vertex 2.68076 115.481 45
      vertex 2.80861 115.369 35
      vertex 2.68076 115.481 35
    endloop
  endfacet
  facet normal 0.946916 0.321481 0
    outer loop
      vertex 2.39896 115.903 45
      vertex 2.3443 116.064 35
      vertex 2.3443 116.064 45
    endloop
  endfacet
  facet normal 0.946916 0.321481 0
    outer loop
      vertex 2.3443 116.064 35
      vertex 2.39896 115.903 45
      vertex 2.39896 115.903 35
    endloop
  endfacet
  facet normal 0.557704 -0.83004 0
    outer loop
      vertex 2.80861 117.431 35
      vertex 2.95 117.526 45
      vertex 2.80861 117.431 45
    endloop
  endfacet
  facet normal 0.557704 -0.83004 0
    outer loop
      vertex 2.95 117.526 45
      vertex 2.80861 117.431 35
      vertex 2.95 117.526 35
    endloop
  endfacet
  facet normal 0.557704 0.83004 -0
    outer loop
      vertex 2.95 115.274 35
      vertex 2.80861 115.369 45
      vertex 2.95 115.274 45
    endloop
  endfacet
  facet normal 0.557704 0.83004 0
    outer loop
      vertex 2.80861 115.369 45
      vertex 2.95 115.274 35
      vertex 2.80861 115.369 35
    endloop
  endfacet
  facet normal 0.980603 -0.196003 0
    outer loop
      vertex 2.31112 116.57 45
      vertex 2.3443 116.736 35
      vertex 2.3443 116.736 45
    endloop
  endfacet
  facet normal 0.980603 -0.196003 0
    outer loop
      vertex 2.3443 116.736 35
      vertex 2.31112 116.57 45
      vertex 2.31112 116.57 35
    endloop
  endfacet
  facet normal 0.980603 0.196003 0
    outer loop
      vertex 2.3443 116.064 45
      vertex 2.31112 116.23 35
      vertex 2.31112 116.23 45
    endloop
  endfacet
  facet normal 0.980603 0.196003 0
    outer loop
      vertex 2.31112 116.23 35
      vertex 2.3443 116.064 45
      vertex 2.3443 116.064 35
    endloop
  endfacet
  facet normal -0.980603 0.196003 0
    outer loop
      vertex 4.8557 116.064 35
      vertex 4.88888 116.23 45
      vertex 4.88888 116.23 35
    endloop
  endfacet
  facet normal -0.980603 0.196003 0
    outer loop
      vertex 4.88888 116.23 45
      vertex 4.8557 116.064 35
      vertex 4.8557 116.064 45
    endloop
  endfacet
  facet normal -0.0646921 -0.997905 0
    outer loop
      vertex 3.6 117.7 35
      vertex 3.76968 117.689 45
      vertex 3.6 117.7 45
    endloop
  endfacet
  facet normal -0.0646921 -0.997905 -0
    outer loop
      vertex 3.76968 117.689 45
      vertex 3.6 117.7 35
      vertex 3.76968 117.689 35
    endloop
  endfacet
  facet normal 0.752227 0.658904 0
    outer loop
      vertex 2.68076 115.481 45
      vertex 2.56864 115.609 35
      vertex 2.56864 115.609 45
    endloop
  endfacet
  facet normal 0.752227 0.658904 0
    outer loop
      vertex 2.56864 115.609 35
      vertex 2.68076 115.481 45
      vertex 2.68076 115.481 35
    endloop
  endfacet
  facet normal 0.658942 -0.752194 0
    outer loop
      vertex 2.68076 117.319 35
      vertex 2.80861 117.431 45
      vertex 2.68076 117.319 45
    endloop
  endfacet
  facet normal 0.658942 -0.752194 0
    outer loop
      vertex 2.80861 117.431 45
      vertex 2.68076 117.319 35
      vertex 2.80861 117.431 35
    endloop
  endfacet
  facet normal -0.83077 0.556616 0
    outer loop
      vertex 4.63136 115.609 35
      vertex 4.72583 115.75 45
      vertex 4.72583 115.75 35
    endloop
  endfacet
  facet normal -0.83077 0.556616 0
    outer loop
      vertex 4.72583 115.75 45
      vertex 4.63136 115.609 35
      vertex 4.63136 115.609 45
    endloop
  endfacet
  facet normal -0.946916 0.321481 0
    outer loop
      vertex 4.80104 115.903 35
      vertex 4.8557 116.064 45
      vertex 4.8557 116.064 35
    endloop
  endfacet
  facet normal -0.946916 0.321481 0
    outer loop
      vertex 4.8557 116.064 45
      vertex 4.80104 115.903 35
      vertex 4.80104 115.903 45
    endloop
  endfacet
  facet normal 0.441296 -0.897361 0
    outer loop
      vertex 2.95 117.526 35
      vertex 3.10251 117.601 45
      vertex 2.95 117.526 45
    endloop
  endfacet
  facet normal 0.441296 -0.897361 0
    outer loop
      vertex 3.10251 117.601 45
      vertex 2.95 117.526 35
      vertex 3.10251 117.601 35
    endloop
  endfacet
  facet normal 0.752227 -0.658904 0
    outer loop
      vertex 2.56864 117.191 45
      vertex 2.68076 117.319 35
      vertex 2.68076 117.319 45
    endloop
  endfacet
  facet normal 0.752227 -0.658904 0
    outer loop
      vertex 2.68076 117.319 35
      vertex 2.56864 117.191 45
      vertex 2.56864 117.191 35
    endloop
  endfacet
  facet normal 0.897433 0.44115 0
    outer loop
      vertex 2.47417 115.75 45
      vertex 2.39896 115.903 35
      vertex 2.39896 115.903 45
    endloop
  endfacet
  facet normal 0.897433 0.44115 0
    outer loop
      vertex 2.39896 115.903 35
      vertex 2.47417 115.75 45
      vertex 2.47417 115.75 35
    endloop
  endfacet
  facet normal -0.441296 -0.897361 0
    outer loop
      vertex 4.09749 117.601 35
      vertex 4.25 117.526 45
      vertex 4.09749 117.601 45
    endloop
  endfacet
  facet normal -0.441296 -0.897361 -0
    outer loop
      vertex 4.25 117.526 45
      vertex 4.09749 117.601 35
      vertex 4.25 117.526 35
    endloop
  endfacet
  facet normal -0.323218 -0.946324 0
    outer loop
      vertex 3.93646 117.656 35
      vertex 4.09749 117.601 45
      vertex 3.93646 117.656 45
    endloop
  endfacet
  facet normal -0.323218 -0.946324 -0
    outer loop
      vertex 4.09749 117.601 45
      vertex 3.93646 117.656 35
      vertex 4.09749 117.601 35
    endloop
  endfacet
  facet normal -0.658942 -0.752194 0
    outer loop
      vertex 4.39139 117.431 35
      vertex 4.51924 117.319 45
      vertex 4.39139 117.431 45
    endloop
  endfacet
  facet normal -0.658942 -0.752194 -0
    outer loop
      vertex 4.51924 117.319 45
      vertex 4.39139 117.431 35
      vertex 4.51924 117.319 35
    endloop
  endfacet
  facet normal -0.997867 0.0652723 0
    outer loop
      vertex 4.88888 116.23 35
      vertex 4.9 116.4 45
      vertex 4.9 116.4 35
    endloop
  endfacet
  facet normal -0.997867 0.0652723 0
    outer loop
      vertex 4.9 116.4 45
      vertex 4.88888 116.23 35
      vertex 4.88888 116.23 45
    endloop
  endfacet
  facet normal -0.83077 -0.556616 0
    outer loop
      vertex 4.72583 117.05 35
      vertex 4.63136 117.191 45
      vertex 4.63136 117.191 35
    endloop
  endfacet
  facet normal -0.83077 -0.556616 0
    outer loop
      vertex 4.63136 117.191 45
      vertex 4.72583 117.05 35
      vertex 4.72583 117.05 45
    endloop
  endfacet
  facet normal 0.997867 -0.0652723 0
    outer loop
      vertex 2.3 116.4 45
      vertex 2.31112 116.57 35
      vertex 2.31112 116.57 45
    endloop
  endfacet
  facet normal 0.997867 -0.0652723 0
    outer loop
      vertex 2.31112 116.57 35
      vertex 2.3 116.4 45
      vertex 2.3 116.4 35
    endloop
  endfacet
  facet normal -0.194102 -0.980981 0
    outer loop
      vertex 3.76968 117.689 35
      vertex 3.93646 117.656 45
      vertex 3.76968 117.689 45
    endloop
  endfacet
  facet normal -0.194102 -0.980981 -0
    outer loop
      vertex 3.93646 117.656 45
      vertex 3.76968 117.689 35
      vertex 3.93646 117.656 35
    endloop
  endfacet
  facet normal -0.897433 -0.44115 0
    outer loop
      vertex 4.80104 116.897 35
      vertex 4.72583 117.05 45
      vertex 4.72583 117.05 35
    endloop
  endfacet
  facet normal -0.897433 -0.44115 0
    outer loop
      vertex 4.72583 117.05 45
      vertex 4.80104 116.897 35
      vertex 4.80104 116.897 45
    endloop
  endfacet
  facet normal -0.557704 -0.83004 0
    outer loop
      vertex 4.25 117.526 35
      vertex 4.39139 117.431 45
      vertex 4.25 117.526 45
    endloop
  endfacet
  facet normal -0.557704 -0.83004 -0
    outer loop
      vertex 4.39139 117.431 45
      vertex 4.25 117.526 35
      vertex 4.39139 117.431 35
    endloop
  endfacet
  facet normal -0.0646921 0.997905 0
    outer loop
      vertex 3.76968 115.111 35
      vertex 3.6 115.1 45
      vertex 3.76968 115.111 45
    endloop
  endfacet
  facet normal -0.0646921 0.997905 0
    outer loop
      vertex 3.6 115.1 45
      vertex 3.76968 115.111 35
      vertex 3.6 115.1 35
    endloop
  endfacet
  facet normal -0.897433 0.44115 0
    outer loop
      vertex 4.72583 115.75 35
      vertex 4.80104 115.903 45
      vertex 4.80104 115.903 35
    endloop
  endfacet
  facet normal -0.897433 0.44115 0
    outer loop
      vertex 4.80104 115.903 45
      vertex 4.72583 115.75 35
      vertex 4.72583 115.75 45
    endloop
  endfacet
  facet normal 0.194091 -0.980984 0
    outer loop
      vertex 3.26353 117.656 35
      vertex 3.43032 117.689 45
      vertex 3.26353 117.656 45
    endloop
  endfacet
  facet normal 0.194091 -0.980984 0
    outer loop
      vertex 3.43032 117.689 45
      vertex 3.26353 117.656 35
      vertex 3.43032 117.689 35
    endloop
  endfacet
  facet normal 0.897433 -0.44115 0
    outer loop
      vertex 2.39896 116.897 45
      vertex 2.47417 117.05 35
      vertex 2.47417 117.05 45
    endloop
  endfacet
  facet normal 0.897433 -0.44115 0
    outer loop
      vertex 2.47417 117.05 35
      vertex 2.39896 116.897 45
      vertex 2.39896 116.897 35
    endloop
  endfacet
  facet normal -0.752227 -0.658904 0
    outer loop
      vertex 4.63136 117.191 35
      vertex 4.51924 117.319 45
      vertex 4.51924 117.319 35
    endloop
  endfacet
  facet normal -0.752227 -0.658904 0
    outer loop
      vertex 4.51924 117.319 45
      vertex 4.63136 117.191 35
      vertex 4.63136 117.191 45
    endloop
  endfacet
  facet normal -0.946916 -0.321481 0
    outer loop
      vertex 4.8557 116.736 35
      vertex 4.80104 116.897 45
      vertex 4.80104 116.897 35
    endloop
  endfacet
  facet normal -0.946916 -0.321481 0
    outer loop
      vertex 4.80104 116.897 45
      vertex 4.8557 116.736 35
      vertex 4.8557 116.736 45
    endloop
  endfacet
  facet normal -0.323218 0.946324 0
    outer loop
      vertex 4.09749 115.199 35
      vertex 3.93646 115.144 45
      vertex 4.09749 115.199 45
    endloop
  endfacet
  facet normal -0.323218 0.946324 0
    outer loop
      vertex 3.93646 115.144 45
      vertex 4.09749 115.199 35
      vertex 3.93646 115.144 35
    endloop
  endfacet
  facet normal -0.441296 0.897361 0
    outer loop
      vertex 4.25 115.274 35
      vertex 4.09749 115.199 45
      vertex 4.25 115.274 45
    endloop
  endfacet
  facet normal -0.441296 0.897361 0
    outer loop
      vertex 4.09749 115.199 45
      vertex 4.25 115.274 35
      vertex 4.09749 115.199 35
    endloop
  endfacet
  facet normal 0.0646921 -0.997905 0
    outer loop
      vertex 3.43032 117.689 35
      vertex 3.6 117.7 45
      vertex 3.43032 117.689 45
    endloop
  endfacet
  facet normal 0.0646921 -0.997905 0
    outer loop
      vertex 3.6 117.7 45
      vertex 3.43032 117.689 35
      vertex 3.6 117.7 35
    endloop
  endfacet
  facet normal 0.83077 -0.556616 0
    outer loop
      vertex 2.47417 117.05 45
      vertex 2.56864 117.191 35
      vertex 2.56864 117.191 45
    endloop
  endfacet
  facet normal 0.83077 -0.556616 0
    outer loop
      vertex 2.56864 117.191 35
      vertex 2.47417 117.05 45
      vertex 2.47417 117.05 35
    endloop
  endfacet
  facet normal 0.83077 0.556616 0
    outer loop
      vertex 2.56864 115.609 45
      vertex 2.47417 115.75 35
      vertex 2.47417 115.75 45
    endloop
  endfacet
  facet normal 0.83077 0.556616 0
    outer loop
      vertex 2.47417 115.75 35
      vertex 2.56864 115.609 45
      vertex 2.56864 115.609 35
    endloop
  endfacet
  facet normal 0.441296 0.897361 -0
    outer loop
      vertex 3.10251 115.199 35
      vertex 2.95 115.274 45
      vertex 3.10251 115.199 45
    endloop
  endfacet
  facet normal 0.441296 0.897361 0
    outer loop
      vertex 2.95 115.274 45
      vertex 3.10251 115.199 35
      vertex 2.95 115.274 35
    endloop
  endfacet
  facet normal 0 0 1
    outer loop
      vertex 4.88888 116.57 35
      vertex 4.88888 116.23 35
      vertex 4.9 116.4 35
    endloop
  endfacet
  facet normal 0 0 1
    outer loop
      vertex 4.8557 116.736 35
      vertex 4.88888 116.23 35
      vertex 4.88888 116.57 35
    endloop
  endfacet
  facet normal 0 0 1
    outer loop
      vertex 4.8557 116.736 35
      vertex 4.8557 116.064 35
      vertex 4.88888 116.23 35
    endloop
  endfacet
  facet normal 0 0 1
    outer loop
      vertex 4.80104 116.897 35
      vertex 4.8557 116.064 35
      vertex 4.8557 116.736 35
    endloop
  endfacet
  facet normal 0 0 1
    outer loop
      vertex 4.80104 116.897 35
      vertex 4.80104 115.903 35
      vertex 4.8557 116.064 35
    endloop
  endfacet
  facet normal 0 0 1
    outer loop
      vertex 4.72583 117.05 35
      vertex 4.80104 115.903 35
      vertex 4.80104 116.897 35
    endloop
  endfacet
  facet normal 0 0 1
    outer loop
      vertex 4.72583 117.05 35
      vertex 4.72583 115.75 35
      vertex 4.80104 115.903 35
    endloop
  endfacet
  facet normal 0 0 1
    outer loop
      vertex 4.63136 117.191 35
      vertex 4.72583 115.75 35
      vertex 4.72583 117.05 35
    endloop
  endfacet
  facet normal 0 0 1
    outer loop
      vertex 4.63136 117.191 35
      vertex 4.63136 115.609 35
      vertex 4.72583 115.75 35
    endloop
  endfacet
  facet normal 0 0 1
    outer loop
      vertex 4.51924 117.319 35
      vertex 4.63136 115.609 35
      vertex 4.63136 117.191 35
    endloop
  endfacet
  facet normal 0 0 1
    outer loop
      vertex 4.51924 117.319 35
      vertex 4.51924 115.481 35
      vertex 4.63136 115.609 35
    endloop
  endfacet
  facet normal 0 0 1
    outer loop
      vertex 4.39139 117.431 35
      vertex 4.51924 115.481 35
      vertex 4.51924 117.319 35
    endloop
  endfacet
  facet normal 0 0 1
    outer loop
      vertex 4.39139 117.431 35
      vertex 4.39139 115.369 35
      vertex 4.51924 115.481 35
    endloop
  endfacet
  facet normal 0 0 1
    outer loop
      vertex 4.25 117.526 35
      vertex 4.39139 115.369 35
      vertex 4.39139 117.431 35
    endloop
  endfacet
  facet normal 0 0 1
    outer loop
      vertex 4.25 117.526 35
      vertex 4.25 115.274 35
      vertex 4.39139 115.369 35
    endloop
  endfacet
  facet normal 0 0 1
    outer loop
      vertex 4.09749 117.601 35
      vertex 4.25 115.274 35
      vertex 4.25 117.526 35
    endloop
  endfacet
  facet normal 0 0 1
    outer loop
      vertex 4.09749 117.601 35
      vertex 4.09749 115.199 35
      vertex 4.25 115.274 35
    endloop
  endfacet
  facet normal 0 0 1
    outer loop
      vertex 3.93646 117.656 35
      vertex 4.09749 115.199 35
      vertex 4.09749 117.601 35
    endloop
  endfacet
  facet normal 0 0 1
    outer loop
      vertex 3.93646 117.656 35
      vertex 3.93646 115.144 35
      vertex 4.09749 115.199 35
    endloop
  endfacet
  facet normal 0 0 1
    outer loop
      vertex 3.76968 117.689 35
      vertex 3.93646 115.144 35
      vertex 3.93646 117.656 35
    endloop
  endfacet
  facet normal 0 0 1
    outer loop
      vertex 3.76968 117.689 35
      vertex 3.76968 115.111 35
      vertex 3.93646 115.144 35
    endloop
  endfacet
  facet normal 0 0 1
    outer loop
      vertex 3.6 117.7 35
      vertex 3.76968 115.111 35
      vertex 3.76968 117.689 35
    endloop
  endfacet
  facet normal 0 0 1
    outer loop
      vertex 3.6 117.7 35
      vertex 3.6 115.1 35
      vertex 3.76968 115.111 35
    endloop
  endfacet
  facet normal -0 0 1
    outer loop
      vertex 3.43032 117.689 35
      vertex 3.6 115.1 35
      vertex 3.6 117.7 35
    endloop
  endfacet
  facet normal 0 0 1
    outer loop
      vertex 3.43032 117.689 35
      vertex 3.43032 115.111 35
      vertex 3.6 115.1 35
    endloop
  endfacet
  facet normal -0 0 1
    outer loop
      vertex 3.26353 117.656 35
      vertex 3.43032 115.111 35
      vertex 3.43032 117.689 35
    endloop
  endfacet
  facet normal 0 0 1
    outer loop
      vertex 3.26353 117.656 35
      vertex 3.26353 115.144 35
      vertex 3.43032 115.111 35
    endloop
  endfacet
  facet normal -0 0 1
    outer loop
      vertex 3.10251 117.601 35
      vertex 3.26353 115.144 35
      vertex 3.26353 117.656 35
    endloop
  endfacet
  facet normal 0 0 1
    outer loop
      vertex 3.10251 117.601 35
      vertex 3.10251 115.199 35
      vertex 3.26353 115.144 35
    endloop
  endfacet
  facet normal -0 0 1
    outer loop
      vertex 2.95 117.526 35
      vertex 3.10251 115.199 35
      vertex 3.10251 117.601 35
    endloop
  endfacet
  facet normal 0 0 1
    outer loop
      vertex 2.95 117.526 35
      vertex 2.95 115.274 35
      vertex 3.10251 115.199 35
    endloop
  endfacet
  facet normal -0 0 1
    outer loop
      vertex 2.80861 117.431 35
      vertex 2.95 115.274 35
      vertex 2.95 117.526 35
    endloop
  endfacet
  facet normal 0 0 1
    outer loop
      vertex 2.80861 117.431 35
      vertex 2.80861 115.369 35
      vertex 2.95 115.274 35
    endloop
  endfacet
  facet normal -0 0 1
    outer loop
      vertex 2.68076 117.319 35
      vertex 2.80861 115.369 35
      vertex 2.80861 117.431 35
    endloop
  endfacet
  facet normal 0 0 1
    outer loop
      vertex 2.68076 117.319 35
      vertex 2.68076 115.481 35
      vertex 2.80861 115.369 35
    endloop
  endfacet
  facet normal -0 0 1
    outer loop
      vertex 2.56864 117.191 35
      vertex 2.68076 115.481 35
      vertex 2.68076 117.319 35
    endloop
  endfacet
  facet normal 0 0 1
    outer loop
      vertex 2.56864 117.191 35
      vertex 2.56864 115.609 35
      vertex 2.68076 115.481 35
    endloop
  endfacet
  facet normal -0 0 1
    outer loop
      vertex 2.47417 117.05 35
      vertex 2.56864 115.609 35
      vertex 2.56864 117.191 35
    endloop
  endfacet
  facet normal 0 0 1
    outer loop
      vertex 2.47417 117.05 35
      vertex 2.47417 115.75 35
      vertex 2.56864 115.609 35
    endloop
  endfacet
  facet normal -0 0 1
    outer loop
      vertex 2.39896 116.897 35
      vertex 2.47417 115.75 35
      vertex 2.47417 117.05 35
    endloop
  endfacet
  facet normal 0 0 1
    outer loop
      vertex 2.39896 116.897 35
      vertex 2.39896 115.903 35
      vertex 2.47417 115.75 35
    endloop
  endfacet
  facet normal -0 0 1
    outer loop
      vertex 2.3443 116.736 35
      vertex 2.39896 115.903 35
      vertex 2.39896 116.897 35
    endloop
  endfacet
  facet normal 0 0 1
    outer loop
      vertex 2.3443 116.736 35
      vertex 2.3443 116.064 35
      vertex 2.39896 115.903 35
    endloop
  endfacet
  facet normal -0 0 1
    outer loop
      vertex 2.31112 116.57 35
      vertex 2.3443 116.064 35
      vertex 2.3443 116.736 35
    endloop
  endfacet
  facet normal 0 0 1
    outer loop
      vertex 2.31112 116.57 35
      vertex 2.31112 116.23 35
      vertex 2.3443 116.064 35
    endloop
  endfacet
  facet normal 0 -0 1
    outer loop
      vertex 2.31112 116.23 35
      vertex 2.31112 116.57 35
      vertex 2.3 116.4 35
    endloop
  endfacet
  facet normal 0.194091 0.980984 -0
    outer loop
      vertex 3.43032 115.111 35
      vertex 3.26353 115.144 45
      vertex 3.43032 115.111 45
    endloop
  endfacet
  facet normal 0.194091 0.980984 0
    outer loop
      vertex 3.26353 115.144 45
      vertex 3.43032 115.111 35
      vertex 3.26353 115.144 35
    endloop
  endfacet
  facet normal 0.0646921 0.997905 -0
    outer loop
      vertex 3.6 115.1 35
      vertex 3.43032 115.111 45
      vertex 3.6 115.1 45
    endloop
  endfacet
  facet normal 0.0646921 0.997905 0
    outer loop
      vertex 3.43032 115.111 45
      vertex 3.6 115.1 35
      vertex 3.43032 115.111 35
    endloop
  endfacet
  facet normal -0.658942 0.752194 0
    outer loop
      vertex 4.51924 115.481 35
      vertex 4.39139 115.369 45
      vertex 4.51924 115.481 45
    endloop
  endfacet
  facet normal -0.658942 0.752194 0
    outer loop
      vertex 4.39139 115.369 45
      vertex 4.51924 115.481 35
      vertex 4.39139 115.369 35
    endloop
  endfacet
  facet normal 0.946306 -0.323272 0
    outer loop
      vertex 170.144 116.736 45
      vertex 170.199 116.897 35
      vertex 170.199 116.897 45
    endloop
  endfacet
  facet normal 0.946306 -0.323272 0
    outer loop
      vertex 170.199 116.897 35
      vertex 170.144 116.736 45
      vertex 170.144 116.736 35
    endloop
  endfacet
  facet normal -0.980807 -0.19498 0
    outer loop
      vertex 172.689 116.57 35
      vertex 172.656 116.736 45
      vertex 172.656 116.736 35
    endloop
  endfacet
  facet normal -0.980807 -0.19498 0
    outer loop
      vertex 172.656 116.736 45
      vertex 172.689 116.57 35
      vertex 172.689 116.57 45
    endloop
  endfacet
  facet normal -0.997913 -0.0645708 0
    outer loop
      vertex 172.7 116.4 35
      vertex 172.689 116.57 45
      vertex 172.689 116.57 35
    endloop
  endfacet
  facet normal -0.997913 -0.0645708 0
    outer loop
      vertex 172.689 116.57 45
      vertex 172.7 116.4 35
      vertex 172.7 116.4 45
    endloop
  endfacet
  facet normal -0.946306 -0.323272 0
    outer loop
      vertex 172.656 116.736 35
      vertex 172.601 116.897 45
      vertex 172.601 116.897 35
    endloop
  endfacet
  facet normal -0.946306 -0.323272 0
    outer loop
      vertex 172.601 116.897 45
      vertex 172.656 116.736 35
      vertex 172.656 116.736 45
    endloop
  endfacet
  facet normal 0.658505 -0.752577 0
    outer loop
      vertex 170.481 117.319 35
      vertex 170.609 117.431 45
      vertex 170.481 117.319 45
    endloop
  endfacet
  facet normal 0.658505 -0.752577 0
    outer loop
      vertex 170.609 117.431 45
      vertex 170.481 117.319 35
      vertex 170.609 117.431 35
    endloop
  endfacet
  facet normal 0.829326 -0.558766 0
    outer loop
      vertex 170.274 117.05 45
      vertex 170.369 117.191 35
      vertex 170.369 117.191 45
    endloop
  endfacet
  facet normal 0.829326 -0.558766 0
    outer loop
      vertex 170.369 117.191 35
      vertex 170.274 117.05 45
      vertex 170.274 117.05 35
    endloop
  endfacet
  facet normal 0.897921 -0.440157 0
    outer loop
      vertex 170.199 116.897 45
      vertex 170.274 117.05 35
      vertex 170.274 117.05 45
    endloop
  endfacet
  facet normal 0.897921 -0.440157 0
    outer loop
      vertex 170.274 117.05 35
      vertex 170.199 116.897 45
      vertex 170.199 116.897 35
    endloop
  endfacet
  facet normal -0.752577 0.658505 0
    outer loop
      vertex 172.319 115.481 35
      vertex 172.431 115.609 45
      vertex 172.431 115.609 35
    endloop
  endfacet
  facet normal -0.752577 0.658505 0
    outer loop
      vertex 172.431 115.609 45
      vertex 172.319 115.481 35
      vertex 172.319 115.481 45
    endloop
  endfacet
  facet normal -0.946306 0.323272 0
    outer loop
      vertex 172.601 115.903 35
      vertex 172.656 116.064 45
      vertex 172.656 116.064 35
    endloop
  endfacet
  facet normal -0.946306 0.323272 0
    outer loop
      vertex 172.656 116.064 45
      vertex 172.601 115.903 35
      vertex 172.601 115.903 45
    endloop
  endfacet
  facet normal -0.558766 0.829326 0
    outer loop
      vertex 172.191 115.369 35
      vertex 172.05 115.274 45
      vertex 172.191 115.369 45
    endloop
  endfacet
  facet normal -0.558766 0.829326 0
    outer loop
      vertex 172.05 115.274 45
      vertex 172.191 115.369 35
      vertex 172.05 115.274 35
    endloop
  endfacet
  facet normal 0.440157 -0.897921 0
    outer loop
      vertex 170.75 117.526 35
      vertex 170.903 117.601 45
      vertex 170.75 117.526 45
    endloop
  endfacet
  facet normal 0.440157 -0.897921 0
    outer loop
      vertex 170.903 117.601 45
      vertex 170.75 117.526 35
      vertex 170.903 117.601 35
    endloop
  endfacet
  facet normal 0.946306 0.323272 0
    outer loop
      vertex 170.199 115.903 45
      vertex 170.144 116.064 35
      vertex 170.144 116.064 45
    endloop
  endfacet
  facet normal 0.946306 0.323272 0
    outer loop
      vertex 170.144 116.064 35
      vertex 170.199 115.903 45
      vertex 170.199 115.903 35
    endloop
  endfacet
  facet normal 0.980807 0.19498 0
    outer loop
      vertex 170.144 116.064 45
      vertex 170.111 116.23 35
      vertex 170.111 116.23 45
    endloop
  endfacet
  facet normal 0.980807 0.19498 0
    outer loop
      vertex 170.111 116.23 35
      vertex 170.144 116.064 45
      vertex 170.144 116.064 35
    endloop
  endfacet
  facet normal -0.829326 0.558766 0
    outer loop
      vertex 172.431 115.609 35
      vertex 172.526 115.75 45
      vertex 172.526 115.75 35
    endloop
  endfacet
  facet normal -0.829326 0.558766 0
    outer loop
      vertex 172.526 115.75 45
      vertex 172.431 115.609 35
      vertex 172.431 115.609 45
    endloop
  endfacet
  facet normal -0.19498 0.980807 0
    outer loop
      vertex 171.736 115.144 35
      vertex 171.57 115.111 45
      vertex 171.736 115.144 45
    endloop
  endfacet
  facet normal -0.19498 0.980807 0
    outer loop
      vertex 171.57 115.111 45
      vertex 171.736 115.144 35
      vertex 171.57 115.111 35
    endloop
  endfacet
  facet normal 0.323272 -0.946306 0
    outer loop
      vertex 170.903 117.601 35
      vertex 171.064 117.656 45
      vertex 170.903 117.601 45
    endloop
  endfacet
  facet normal 0.323272 -0.946306 0
    outer loop
      vertex 171.064 117.656 45
      vertex 170.903 117.601 35
      vertex 171.064 117.656 35
    endloop
  endfacet
  facet normal -0.897921 -0.440157 0
    outer loop
      vertex 172.601 116.897 35
      vertex 172.526 117.05 45
      vertex 172.526 117.05 35
    endloop
  endfacet
  facet normal -0.897921 -0.440157 0
    outer loop
      vertex 172.526 117.05 45
      vertex 172.601 116.897 35
      vertex 172.601 116.897 45
    endloop
  endfacet
  facet normal 0.997913 0.0645708 0
    outer loop
      vertex 170.111 116.23 45
      vertex 170.1 116.4 35
      vertex 170.1 116.4 45
    endloop
  endfacet
  facet normal 0.997913 0.0645708 0
    outer loop
      vertex 170.1 116.4 35
      vertex 170.111 116.23 45
      vertex 170.111 116.23 35
    endloop
  endfacet
  facet normal -0.19498 -0.980807 0
    outer loop
      vertex 171.57 117.689 35
      vertex 171.736 117.656 45
      vertex 171.57 117.689 45
    endloop
  endfacet
  facet normal -0.19498 -0.980807 -0
    outer loop
      vertex 171.736 117.656 45
      vertex 171.57 117.689 35
      vertex 171.736 117.656 35
    endloop
  endfacet
  facet normal 0.829326 0.558766 0
    outer loop
      vertex 170.369 115.609 45
      vertex 170.274 115.75 35
      vertex 170.274 115.75 45
    endloop
  endfacet
  facet normal 0.829326 0.558766 0
    outer loop
      vertex 170.274 115.75 35
      vertex 170.369 115.609 45
      vertex 170.369 115.609 35
    endloop
  endfacet
  facet normal 0.752577 0.658505 0
    outer loop
      vertex 170.481 115.481 45
      vertex 170.369 115.609 35
      vertex 170.369 115.609 45
    endloop
  endfacet
  facet normal 0.752577 0.658505 0
    outer loop
      vertex 170.369 115.609 35
      vertex 170.481 115.481 45
      vertex 170.481 115.481 35
    endloop
  endfacet
  facet normal 0.440157 0.897921 -0
    outer loop
      vertex 170.903 115.199 35
      vertex 170.75 115.274 45
      vertex 170.903 115.199 45
    endloop
  endfacet
  facet normal 0.440157 0.897921 0
    outer loop
      vertex 170.75 115.274 45
      vertex 170.903 115.199 35
      vertex 170.75 115.274 35
    endloop
  endfacet
  facet normal -0.558766 -0.829326 0
    outer loop
      vertex 172.05 117.526 35
      vertex 172.191 117.431 45
      vertex 172.05 117.526 45
    endloop
  endfacet
  facet normal -0.558766 -0.829326 -0
    outer loop
      vertex 172.191 117.431 45
      vertex 172.05 117.526 35
      vertex 172.191 117.431 35
    endloop
  endfacet
  facet normal -0.997913 0.0645708 0
    outer loop
      vertex 172.689 116.23 35
      vertex 172.7 116.4 45
      vertex 172.7 116.4 35
    endloop
  endfacet
  facet normal -0.997913 0.0645708 0
    outer loop
      vertex 172.7 116.4 45
      vertex 172.689 116.23 35
      vertex 172.689 116.23 45
    endloop
  endfacet
  facet normal 0 0 1
    outer loop
      vertex 172.689 116.57 35
      vertex 172.689 116.23 35
      vertex 172.7 116.4 35
    endloop
  endfacet
  facet normal 0 0 1
    outer loop
      vertex 172.656 116.736 35
      vertex 172.689 116.23 35
      vertex 172.689 116.57 35
    endloop
  endfacet
  facet normal 0 0 1
    outer loop
      vertex 172.656 116.736 35
      vertex 172.656 116.064 35
      vertex 172.689 116.23 35
    endloop
  endfacet
  facet normal 0 0 1
    outer loop
      vertex 172.601 116.897 35
      vertex 172.656 116.064 35
      vertex 172.656 116.736 35
    endloop
  endfacet
  facet normal 0 0 1
    outer loop
      vertex 172.601 116.897 35
      vertex 172.601 115.903 35
      vertex 172.656 116.064 35
    endloop
  endfacet
  facet normal 0 0 1
    outer loop
      vertex 172.526 117.05 35
      vertex 172.601 115.903 35
      vertex 172.601 116.897 35
    endloop
  endfacet
  facet normal 0 0 1
    outer loop
      vertex 172.526 117.05 35
      vertex 172.526 115.75 35
      vertex 172.601 115.903 35
    endloop
  endfacet
  facet normal 0 0 1
    outer loop
      vertex 172.431 117.191 35
      vertex 172.526 115.75 35
      vertex 172.526 117.05 35
    endloop
  endfacet
  facet normal 0 0 1
    outer loop
      vertex 172.431 117.191 35
      vertex 172.431 115.609 35
      vertex 172.526 115.75 35
    endloop
  endfacet
  facet normal 0 0 1
    outer loop
      vertex 172.319 117.319 35
      vertex 172.431 115.609 35
      vertex 172.431 117.191 35
    endloop
  endfacet
  facet normal 0 0 1
    outer loop
      vertex 172.319 117.319 35
      vertex 172.319 115.481 35
      vertex 172.431 115.609 35
    endloop
  endfacet
  facet normal 0 0 1
    outer loop
      vertex 172.191 117.431 35
      vertex 172.319 115.481 35
      vertex 172.319 117.319 35
    endloop
  endfacet
  facet normal 0 0 1
    outer loop
      vertex 172.191 117.431 35
      vertex 172.191 115.369 35
      vertex 172.319 115.481 35
    endloop
  endfacet
  facet normal 0 0 1
    outer loop
      vertex 172.05 117.526 35
      vertex 172.191 115.369 35
      vertex 172.191 117.431 35
    endloop
  endfacet
  facet normal 0 0 1
    outer loop
      vertex 172.05 117.526 35
      vertex 172.05 115.274 35
      vertex 172.191 115.369 35
    endloop
  endfacet
  facet normal 0 0 1
    outer loop
      vertex 171.897 117.601 35
      vertex 172.05 115.274 35
      vertex 172.05 117.526 35
    endloop
  endfacet
  facet normal 0 0 1
    outer loop
      vertex 171.897 117.601 35
      vertex 171.897 115.199 35
      vertex 172.05 115.274 35
    endloop
  endfacet
  facet normal 0 0 1
    outer loop
      vertex 171.736 117.656 35
      vertex 171.897 115.199 35
      vertex 171.897 117.601 35
    endloop
  endfacet
  facet normal 0 0 1
    outer loop
      vertex 171.736 117.656 35
      vertex 171.736 115.144 35
      vertex 171.897 115.199 35
    endloop
  endfacet
  facet normal 0 0 1
    outer loop
      vertex 171.57 117.689 35
      vertex 171.736 115.144 35
      vertex 171.736 117.656 35
    endloop
  endfacet
  facet normal 0 0 1
    outer loop
      vertex 171.57 117.689 35
      vertex 171.57 115.111 35
      vertex 171.736 115.144 35
    endloop
  endfacet
  facet normal 0 0 1
    outer loop
      vertex 171.4 117.7 35
      vertex 171.57 115.111 35
      vertex 171.57 117.689 35
    endloop
  endfacet
  facet normal 0 0 1
    outer loop
      vertex 171.4 117.7 35
      vertex 171.4 115.1 35
      vertex 171.57 115.111 35
    endloop
  endfacet
  facet normal -0 0 1
    outer loop
      vertex 171.23 117.689 35
      vertex 171.4 115.1 35
      vertex 171.4 117.7 35
    endloop
  endfacet
  facet normal 0 0 1
    outer loop
      vertex 171.23 117.689 35
      vertex 171.23 115.111 35
      vertex 171.4 115.1 35
    endloop
  endfacet
  facet normal -0 0 1
    outer loop
      vertex 171.064 117.656 35
      vertex 171.23 115.111 35
      vertex 171.23 117.689 35
    endloop
  endfacet
  facet normal 0 0 1
    outer loop
      vertex 171.064 117.656 35
      vertex 171.064 115.144 35
      vertex 171.23 115.111 35
    endloop
  endfacet
  facet normal -0 0 1
    outer loop
      vertex 170.903 117.601 35
      vertex 171.064 115.144 35
      vertex 171.064 117.656 35
    endloop
  endfacet
  facet normal 0 0 1
    outer loop
      vertex 170.903 117.601 35
      vertex 170.903 115.199 35
      vertex 171.064 115.144 35
    endloop
  endfacet
  facet normal -0 0 1
    outer loop
      vertex 170.75 117.526 35
      vertex 170.903 115.199 35
      vertex 170.903 117.601 35
    endloop
  endfacet
  facet normal 0 0 1
    outer loop
      vertex 170.75 117.526 35
      vertex 170.75 115.274 35
      vertex 170.903 115.199 35
    endloop
  endfacet
  facet normal -0 0 1
    outer loop
      vertex 170.609 117.431 35
      vertex 170.75 115.274 35
      vertex 170.75 117.526 35
    endloop
  endfacet
  facet normal 0 0 1
    outer loop
      vertex 170.609 117.431 35
      vertex 170.609 115.369 35
      vertex 170.75 115.274 35
    endloop
  endfacet
  facet normal -0 0 1
    outer loop
      vertex 170.481 117.319 35
      vertex 170.609 115.369 35
      vertex 170.609 117.431 35
    endloop
  endfacet
  facet normal 0 0 1
    outer loop
      vertex 170.481 117.319 35
      vertex 170.481 115.481 35
      vertex 170.609 115.369 35
    endloop
  endfacet
  facet normal -0 0 1
    outer loop
      vertex 170.369 117.191 35
      vertex 170.481 115.481 35
      vertex 170.481 117.319 35
    endloop
  endfacet
  facet normal 0 0 1
    outer loop
      vertex 170.369 117.191 35
      vertex 170.369 115.609 35
      vertex 170.481 115.481 35
    endloop
  endfacet
  facet normal -0 0 1
    outer loop
      vertex 170.274 117.05 35
      vertex 170.369 115.609 35
      vertex 170.369 117.191 35
    endloop
  endfacet
  facet normal 0 0 1
    outer loop
      vertex 170.274 117.05 35
      vertex 170.274 115.75 35
      vertex 170.369 115.609 35
    endloop
  endfacet
  facet normal -0 0 1
    outer loop
      vertex 170.199 116.897 35
      vertex 170.274 115.75 35
      vertex 170.274 117.05 35
    endloop
  endfacet
  facet normal 0 0 1
    outer loop
      vertex 170.199 116.897 35
      vertex 170.199 115.903 35
      vertex 170.274 115.75 35
    endloop
  endfacet
  facet normal -0 0 1
    outer loop
      vertex 170.144 116.736 35
      vertex 170.199 115.903 35
      vertex 170.199 116.897 35
    endloop
  endfacet
  facet normal 0 0 1
    outer loop
      vertex 170.144 116.736 35
      vertex 170.144 116.064 35
      vertex 170.199 115.903 35
    endloop
  endfacet
  facet normal -0 0 1
    outer loop
      vertex 170.111 116.57 35
      vertex 170.144 116.064 35
      vertex 170.144 116.736 35
    endloop
  endfacet
  facet normal 0 0 1
    outer loop
      vertex 170.111 116.57 35
      vertex 170.111 116.23 35
      vertex 170.144 116.064 35
    endloop
  endfacet
  facet normal 0 -0 1
    outer loop
      vertex 170.111 116.23 35
      vertex 170.111 116.57 35
      vertex 170.1 116.4 35
    endloop
  endfacet
  facet normal 0.19498 -0.980807 0
    outer loop
      vertex 171.064 117.656 35
      vertex 171.23 117.689 45
      vertex 171.064 117.656 45
    endloop
  endfacet
  facet normal 0.19498 -0.980807 0
    outer loop
      vertex 171.23 117.689 45
      vertex 171.064 117.656 35
      vertex 171.23 117.689 35
    endloop
  endfacet
  facet normal -0.752577 -0.658505 0
    outer loop
      vertex 172.431 117.191 35
      vertex 172.319 117.319 45
      vertex 172.319 117.319 35
    endloop
  endfacet
  facet normal -0.752577 -0.658505 0
    outer loop
      vertex 172.319 117.319 45
      vertex 172.431 117.191 35
      vertex 172.431 117.191 45
    endloop
  endfacet
  facet normal -0.897921 0.440157 0
    outer loop
      vertex 172.526 115.75 35
      vertex 172.601 115.903 45
      vertex 172.601 115.903 35
    endloop
  endfacet
  facet normal -0.897921 0.440157 0
    outer loop
      vertex 172.601 115.903 45
      vertex 172.526 115.75 35
      vertex 172.526 115.75 45
    endloop
  endfacet
  facet normal -0.658505 -0.752577 0
    outer loop
      vertex 172.191 117.431 35
      vertex 172.319 117.319 45
      vertex 172.191 117.431 45
    endloop
  endfacet
  facet normal -0.658505 -0.752577 -0
    outer loop
      vertex 172.319 117.319 45
      vertex 172.191 117.431 35
      vertex 172.319 117.319 35
    endloop
  endfacet
  facet normal -0.658505 0.752577 0
    outer loop
      vertex 172.319 115.481 35
      vertex 172.191 115.369 45
      vertex 172.319 115.481 45
    endloop
  endfacet
  facet normal -0.658505 0.752577 0
    outer loop
      vertex 172.191 115.369 45
      vertex 172.319 115.481 35
      vertex 172.191 115.369 35
    endloop
  endfacet
  facet normal -0.323272 0.946306 0
    outer loop
      vertex 171.897 115.199 35
      vertex 171.736 115.144 45
      vertex 171.897 115.199 45
    endloop
  endfacet
  facet normal -0.323272 0.946306 0
    outer loop
      vertex 171.736 115.144 45
      vertex 171.897 115.199 35
      vertex 171.736 115.144 35
    endloop
  endfacet
  facet normal -0.0645708 0.997913 0
    outer loop
      vertex 171.57 115.111 35
      vertex 171.4 115.1 45
      vertex 171.57 115.111 45
    endloop
  endfacet
  facet normal -0.0645708 0.997913 0
    outer loop
      vertex 171.4 115.1 45
      vertex 171.57 115.111 35
      vertex 171.4 115.1 35
    endloop
  endfacet
  facet normal -0.440157 -0.897921 0
    outer loop
      vertex 171.897 117.601 35
      vertex 172.05 117.526 45
      vertex 171.897 117.601 45
    endloop
  endfacet
  facet normal -0.440157 -0.897921 -0
    outer loop
      vertex 172.05 117.526 45
      vertex 171.897 117.601 35
      vertex 172.05 117.526 35
    endloop
  endfacet
  facet normal -0.829326 -0.558766 0
    outer loop
      vertex 172.526 117.05 35
      vertex 172.431 117.191 45
      vertex 172.431 117.191 35
    endloop
  endfacet
  facet normal -0.829326 -0.558766 0
    outer loop
      vertex 172.431 117.191 45
      vertex 172.526 117.05 35
      vertex 172.526 117.05 45
    endloop
  endfacet
  facet normal -0.980807 0.19498 0
    outer loop
      vertex 172.656 116.064 35
      vertex 172.689 116.23 45
      vertex 172.689 116.23 35
    endloop
  endfacet
  facet normal -0.980807 0.19498 0
    outer loop
      vertex 172.689 116.23 45
      vertex 172.656 116.064 35
      vertex 172.656 116.064 45
    endloop
  endfacet
  facet normal -0.323272 -0.946306 0
    outer loop
      vertex 171.736 117.656 35
      vertex 171.897 117.601 45
      vertex 171.736 117.656 45
    endloop
  endfacet
  facet normal -0.323272 -0.946306 -0
    outer loop
      vertex 171.897 117.601 45
      vertex 171.736 117.656 35
      vertex 171.897 117.601 35
    endloop
  endfacet
  facet normal 0.19498 0.980807 -0
    outer loop
      vertex 171.23 115.111 35
      vertex 171.064 115.144 45
      vertex 171.23 115.111 45
    endloop
  endfacet
  facet normal 0.19498 0.980807 0
    outer loop
      vertex 171.064 115.144 45
      vertex 171.23 115.111 35
      vertex 171.064 115.144 35
    endloop
  endfacet
  facet normal -0.0645708 -0.997913 0
    outer loop
      vertex 171.4 117.7 35
      vertex 171.57 117.689 45
      vertex 171.4 117.7 45
    endloop
  endfacet
  facet normal -0.0645708 -0.997913 -0
    outer loop
      vertex 171.57 117.689 45
      vertex 171.4 117.7 35
      vertex 171.57 117.689 35
    endloop
  endfacet
  facet normal -0.440157 0.897921 0
    outer loop
      vertex 172.05 115.274 35
      vertex 171.897 115.199 45
      vertex 172.05 115.274 45
    endloop
  endfacet
  facet normal -0.440157 0.897921 0
    outer loop
      vertex 171.897 115.199 45
      vertex 172.05 115.274 35
      vertex 171.897 115.199 35
    endloop
  endfacet
  facet normal 0.0645708 -0.997913 0
    outer loop
      vertex 171.23 117.689 35
      vertex 171.4 117.7 45
      vertex 171.23 117.689 45
    endloop
  endfacet
  facet normal 0.0645708 -0.997913 0
    outer loop
      vertex 171.4 117.7 45
      vertex 171.23 117.689 35
      vertex 171.4 117.7 35
    endloop
  endfacet
  facet normal 0.658505 0.752577 -0
    outer loop
      vertex 170.609 115.369 35
      vertex 170.481 115.481 45
      vertex 170.609 115.369 45
    endloop
  endfacet
  facet normal 0.658505 0.752577 0
    outer loop
      vertex 170.481 115.481 45
      vertex 170.609 115.369 35
      vertex 170.481 115.481 35
    endloop
  endfacet
  facet normal 0.752577 -0.658505 0
    outer loop
      vertex 170.369 117.191 45
      vertex 170.481 117.319 35
      vertex 170.481 117.319 45
    endloop
  endfacet
  facet normal 0.752577 -0.658505 0
    outer loop
      vertex 170.481 117.319 35
      vertex 170.369 117.191 45
      vertex 170.369 117.191 35
    endloop
  endfacet
  facet normal 0.980807 -0.19498 0
    outer loop
      vertex 170.111 116.57 45
      vertex 170.144 116.736 35
      vertex 170.144 116.736 45
    endloop
  endfacet
  facet normal 0.980807 -0.19498 0
    outer loop
      vertex 170.144 116.736 35
      vertex 170.111 116.57 45
      vertex 170.111 116.57 35
    endloop
  endfacet
  facet normal 0.997913 -0.0645708 0
    outer loop
      vertex 170.1 116.4 45
      vertex 170.111 116.57 35
      vertex 170.111 116.57 45
    endloop
  endfacet
  facet normal 0.997913 -0.0645708 0
    outer loop
      vertex 170.111 116.57 35
      vertex 170.1 116.4 45
      vertex 170.1 116.4 35
    endloop
  endfacet
  facet normal 0.323272 0.946306 -0
    outer loop
      vertex 171.064 115.144 35
      vertex 170.903 115.199 45
      vertex 171.064 115.144 45
    endloop
  endfacet
  facet normal 0.323272 0.946306 0
    outer loop
      vertex 170.903 115.199 45
      vertex 171.064 115.144 35
      vertex 170.903 115.199 35
    endloop
  endfacet
  facet normal 0.558766 -0.829326 0
    outer loop
      vertex 170.609 117.431 35
      vertex 170.75 117.526 45
      vertex 170.609 117.431 45
    endloop
  endfacet
  facet normal 0.558766 -0.829326 0
    outer loop
      vertex 170.75 117.526 45
      vertex 170.609 117.431 35
      vertex 170.75 117.526 35
    endloop
  endfacet
  facet normal 0.0645708 0.997913 -0
    outer loop
      vertex 171.4 115.1 35
      vertex 171.23 115.111 45
      vertex 171.4 115.1 45
    endloop
  endfacet
  facet normal 0.0645708 0.997913 0
    outer loop
      vertex 171.23 115.111 45
      vertex 171.4 115.1 35
      vertex 171.23 115.111 35
    endloop
  endfacet
  facet normal 0.897921 0.440157 0
    outer loop
      vertex 170.274 115.75 45
      vertex 170.199 115.903 35
      vertex 170.199 115.903 45
    endloop
  endfacet
  facet normal 0.897921 0.440157 0
    outer loop
      vertex 170.199 115.903 35
      vertex 170.274 115.75 45
      vertex 170.274 115.75 35
    endloop
  endfacet
  facet normal 0.558766 0.829326 -0
    outer loop
      vertex 170.75 115.274 35
      vertex 170.609 115.369 45
      vertex 170.75 115.274 45
    endloop
  endfacet
  facet normal 0.558766 0.829326 0
    outer loop
      vertex 170.609 115.369 45
      vertex 170.75 115.274 35
      vertex 170.609 115.369 35
    endloop
  endfacet
  facet normal 0 0 -1
    outer loop
      vertex 175.8 42.4 28.5
      vertex 177.4 61.6 28.5
      vertex 177.4 42.4 28.5
    endloop
  endfacet
  facet normal -0 0 -1
    outer loop
      vertex 177.4 61.6 28.5
      vertex 175.8 42.4 28.5
      vertex 175.8 61.6 28.5
    endloop
  endfacet
  facet normal -0 0 1
    outer loop
      vertex 175.8 61.6 15.5
      vertex 177.4 42.4 15.5
      vertex 177.4 61.6 15.5
    endloop
  endfacet
  facet normal 0 0 1
    outer loop
      vertex 177.4 42.4 15.5
      vertex 175.8 61.6 15.5
      vertex 175.8 42.4 15.5
    endloop
  endfacet
  facet normal 0 -1 0
    outer loop
      vertex 175.8 61.6 15.5
      vertex 177.4 61.6 28.5
      vertex 175.8 61.6 28.5
    endloop
  endfacet
  facet normal 0 -1 -0
    outer loop
      vertex 177.4 61.6 28.5
      vertex 175.8 61.6 15.5
      vertex 177.4 61.6 15.5
    endloop
  endfacet
  facet normal 0 1 -0
    outer loop
      vertex 177.4 42.4 15.5
      vertex 175.8 42.4 28.5
      vertex 177.4 42.4 28.5
    endloop
  endfacet
  facet normal 0 1 0
    outer loop
      vertex 175.8 42.4 28.5
      vertex 177.4 42.4 15.5
      vertex 175.8 42.4 15.5
    endloop
  endfacet
  facet normal -1 0 0
    outer loop
      vertex 175.8 64.6 12.5
      vertex 175.8 61.6 15.5
      vertex 175.8 64.6 31.5
    endloop
  endfacet
  facet normal -1 0 0
    outer loop
      vertex 175.8 64.6 12.5
      vertex 175.8 42.4 15.5
      vertex 175.8 61.6 15.5
    endloop
  endfacet
  facet normal -1 -0 0
    outer loop
      vertex 175.8 42.4 15.5
      vertex 175.8 39.4 12.5
      vertex 175.8 42.4 28.5
    endloop
  endfacet
  facet normal -1 0 0
    outer loop
      vertex 175.8 39.4 12.5
      vertex 175.8 42.4 15.5
      vertex 175.8 64.6 12.5
    endloop
  endfacet
  facet normal -1 0 0
    outer loop
      vertex 175.8 61.6 28.5
      vertex 175.8 64.6 31.5
      vertex 175.8 61.6 15.5
    endloop
  endfacet
  facet normal -1 0 0
    outer loop
      vertex 175.8 42.4 28.5
      vertex 175.8 64.6 31.5
      vertex 175.8 61.6 28.5
    endloop
  endfacet
  facet normal -1 0 0
    outer loop
      vertex 175.8 42.4 28.5
      vertex 175.8 39.4 31.5
      vertex 175.8 64.6 31.5
    endloop
  endfacet
  facet normal -1 0 0
    outer loop
      vertex 175.8 39.4 31.5
      vertex 175.8 42.4 28.5
      vertex 175.8 39.4 12.5
    endloop
  endfacet
  facet normal 0 0 -1
    outer loop
      vertex 175 39.4 31.5
      vertex 175.8 64.6 31.5
      vertex 175.8 39.4 31.5
    endloop
  endfacet
  facet normal -0 0 -1
    outer loop
      vertex 175.8 64.6 31.5
      vertex 175 39.4 31.5
      vertex 175 64.6 31.5
    endloop
  endfacet
  facet normal -0 0 1
    outer loop
      vertex 175 64.6 12.5
      vertex 175.8 39.4 12.5
      vertex 175.8 64.6 12.5
    endloop
  endfacet
  facet normal 0 0 1
    outer loop
      vertex 175.8 39.4 12.5
      vertex 175 64.6 12.5
      vertex 175 39.4 12.5
    endloop
  endfacet
  facet normal 0 -1 0
    outer loop
      vertex 175 64.6 12.5
      vertex 175.8 64.6 31.5
      vertex 175 64.6 31.5
    endloop
  endfacet
  facet normal 0 -1 -0
    outer loop
      vertex 175.8 64.6 31.5
      vertex 175 64.6 12.5
      vertex 175.8 64.6 12.5
    endloop
  endfacet
  facet normal 0 1 -0
    outer loop
      vertex 175.8 39.4 12.5
      vertex 175 39.4 31.5
      vertex 175.8 39.4 31.5
    endloop
  endfacet
  facet normal 0 1 0
    outer loop
      vertex 175 39.4 31.5
      vertex 175.8 39.4 12.5
      vertex 175 39.4 12.5
    endloop
  endfacet
  facet normal 0 0 -1
    outer loop
      vertex 175 68.75 8.7
      vertex 177.4 80.75 8.7
      vertex 177.4 68.75 8.7
    endloop
  endfacet
  facet normal -0 0 -1
    outer loop
      vertex 177.4 80.75 8.7
      vertex 175 68.75 8.7
      vertex 175 80.75 8.7
    endloop
  endfacet
  facet normal -0 0 1
    outer loop
      vertex 176.5 80.75 1.7
      vertex 177.4 68.75 1.7
      vertex 177.4 80.75 1.7
    endloop
  endfacet
  facet normal 0 0 1
    outer loop
      vertex 177.4 68.75 1.7
      vertex 176.5 80.75 1.7
      vertex 176.5 68.75 1.7
    endloop
  endfacet
  facet normal 0 -1 0
    outer loop
      vertex 176.5 80.75 2
      vertex 175 80.75 8.7
      vertex 175 80.75 2
    endloop
  endfacet
  facet normal 0 -1 0
    outer loop
      vertex 175 80.75 8.7
      vertex 176.5 80.75 2
      vertex 177.4 80.75 8.7
    endloop
  endfacet
  facet normal 0 -1 0
    outer loop
      vertex 177.4 80.75 1.7
      vertex 176.5 80.75 2
      vertex 176.5 80.75 1.7
    endloop
  endfacet
  facet normal 0 -1 0
    outer loop
      vertex 176.5 80.75 2
      vertex 177.4 80.75 1.7
      vertex 177.4 80.75 8.7
    endloop
  endfacet
  facet normal 0 1 0
    outer loop
      vertex 177.4 68.75 8.7
      vertex 176.5 68.75 2
      vertex 175 68.75 8.7
    endloop
  endfacet
  facet normal 0 1 -0
    outer loop
      vertex 177.4 68.75 1.7
      vertex 176.5 68.75 2
      vertex 177.4 68.75 8.7
    endloop
  endfacet
  facet normal 0 1 0
    outer loop
      vertex 176.5 68.75 2
      vertex 177.4 68.75 1.7
      vertex 176.5 68.75 1.7
    endloop
  endfacet
  facet normal 0 1 0
    outer loop
      vertex 175 68.75 8.7
      vertex 176.5 68.75 2
      vertex 175 68.75 2
    endloop
  endfacet
  facet normal -1 0 0
    outer loop
      vertex 34 120 14
      vertex 34 122.4 22
      vertex 34 122.4 14
    endloop
  endfacet
  facet normal -1 -0 0
    outer loop
      vertex 34 122.4 22
      vertex 34 120 14
      vertex 34 120 22
    endloop
  endfacet
  facet normal 0 0 -1
    outer loop
      vertex 10 120 22
      vertex 34 122.4 22
      vertex 34 120 22
    endloop
  endfacet
  facet normal -0 0 -1
    outer loop
      vertex 34 122.4 22
      vertex 10 120 22
      vertex 10 122.4 22
    endloop
  endfacet
  facet normal -0 0 1
    outer loop
      vertex 10 122.4 14
      vertex 34 120 14
      vertex 34 122.4 14
    endloop
  endfacet
  facet normal 0 0 1
    outer loop
      vertex 34 120 14
      vertex 10 122.4 14
      vertex 10 120 14
    endloop
  endfacet
  facet normal 1 -0 0
    outer loop
      vertex 10 120 22
      vertex 10 122.4 14
      vertex 10 122.4 22
    endloop
  endfacet
  facet normal 1 0 0
    outer loop
      vertex 10 122.4 14
      vertex 10 120 22
      vertex 10 120 14
    endloop
  endfacet
  facet normal -0.321397 0.946944 0
    outer loop
      vertex 3.35295 53.4148 0
      vertex 3.04329 53.3097 5
      vertex 3.35295 53.4148 5
    endloop
  endfacet
  facet normal -0.321397 0.946944 0
    outer loop
      vertex 3.04329 53.3097 5
      vertex 3.35295 53.4148 0
      vertex 3.04329 53.3097 0
    endloop
  endfacet
  facet normal 0.98078 0.195116 0
    outer loop
      vertex 6.47861 51.3263 5
      vertex 6.41481 51.647 0
      vertex 6.41481 51.647 5
    endloop
  endfacet
  facet normal 0.98078 0.195116 0
    outer loop
      vertex 6.41481 51.647 0
      vertex 6.47861 51.3263 5
      vertex 6.47861 51.3263 0
    endloop
  endfacet
  facet normal 0.997858 0.0654128 0
    outer loop
      vertex 6.5 51 5
      vertex 6.47861 51.3263 0
      vertex 6.47861 51.3263 5
    endloop
  endfacet
  facet normal 0.997858 0.0654128 0
    outer loop
      vertex 6.47861 51.3263 0
      vertex 6.5 51 5
      vertex 6.5 51 0
    endloop
  endfacet
  facet normal -0.98078 0.195116 0
    outer loop
      vertex 1.52139 51.3263 0
      vertex 1.58519 51.647 5
      vertex 1.58519 51.647 0
    endloop
  endfacet
  facet normal -0.98078 0.195116 0
    outer loop
      vertex 1.58519 51.647 5
      vertex 1.52139 51.3263 0
      vertex 1.52139 51.3263 5
    endloop
  endfacet
  facet normal 0.0654412 0.997856 -0
    outer loop
      vertex 4.32631 53.4786 0
      vertex 4 53.5 5
      vertex 4.32631 53.4786 5
    endloop
  endfacet
  facet normal 0.0654412 0.997856 0
    outer loop
      vertex 4 53.5 5
      vertex 4.32631 53.4786 0
      vertex 4 53.5 0
    endloop
  endfacet
  facet normal -0.896872 0.44229 0
    outer loop
      vertex 1.6903 51.9567 0
      vertex 1.83494 52.25 5
      vertex 1.83494 52.25 0
    endloop
  endfacet
  facet normal -0.896872 0.44229 0
    outer loop
      vertex 1.83494 52.25 5
      vertex 1.6903 51.9567 0
      vertex 1.6903 51.9567 5
    endloop
  endfacet
  facet normal 0.831466 0.555575 0
    outer loop
      vertex 6.16506 52.25 5
      vertex 5.98338 52.5219 0
      vertex 5.98338 52.5219 5
    endloop
  endfacet
  facet normal 0.831466 0.555575 0
    outer loop
      vertex 5.98338 52.5219 0
      vertex 6.16506 52.25 5
      vertex 6.16506 52.25 0
    endloop
  endfacet
  facet normal 0.659307 0.751873 -0
    outer loop
      vertex 5.76777 52.7678 0
      vertex 5.5219 52.9834 5
      vertex 5.76777 52.7678 5
    endloop
  endfacet
  facet normal 0.659307 0.751873 0
    outer loop
      vertex 5.5219 52.9834 5
      vertex 5.76777 52.7678 0
      vertex 5.5219 52.9834 0
    endloop
  endfacet
  facet normal -0.442204 -0.896915 0
    outer loop
      vertex 2.75 48.8349 0
      vertex 3.04329 48.6903 5
      vertex 2.75 48.8349 5
    endloop
  endfacet
  facet normal -0.442204 -0.896915 -0
    outer loop
      vertex 3.04329 48.6903 5
      vertex 2.75 48.8349 0
      vertex 3.04329 48.6903 0
    endloop
  endfacet
  facet normal 0.997858 -0.0654128 0
    outer loop
      vertex 6.47861 50.6737 5
      vertex 6.5 51 0
      vertex 6.5 51 5
    endloop
  endfacet
  facet normal 0.997858 -0.0654128 0
    outer loop
      vertex 6.5 51 0
      vertex 6.47861 50.6737 5
      vertex 6.47861 50.6737 0
    endloop
  endfacet
  facet normal 0.751898 0.659279 0
    outer loop
      vertex 5.98338 52.5219 5
      vertex 5.76777 52.7678 0
      vertex 5.76777 52.7678 5
    endloop
  endfacet
  facet normal 0.751898 0.659279 0
    outer loop
      vertex 5.76777 52.7678 0
      vertex 5.98338 52.5219 5
      vertex 5.98338 52.5219 0
    endloop
  endfacet
  facet normal 0.321397 0.946944 -0
    outer loop
      vertex 4.95671 53.3097 0
      vertex 4.64705 53.4148 5
      vertex 4.95671 53.3097 5
    endloop
  endfacet
  facet normal 0.321397 0.946944 0
    outer loop
      vertex 4.64705 53.4148 5
      vertex 4.95671 53.3097 0
      vertex 4.64705 53.4148 0
    endloop
  endfacet
  facet normal -0.555617 -0.831438 0
    outer loop
      vertex 2.4781 49.0166 0
      vertex 2.75 48.8349 5
      vertex 2.4781 49.0166 5
    endloop
  endfacet
  facet normal -0.555617 -0.831438 -0
    outer loop
      vertex 2.75 48.8349 5
      vertex 2.4781 49.0166 0
      vertex 2.75 48.8349 0
    endloop
  endfacet
  facet normal -0.831466 -0.555575 0
    outer loop
      vertex 2.01662 49.4781 0
      vertex 1.83494 49.75 5
      vertex 1.83494 49.75 0
    endloop
  endfacet
  facet normal -0.831466 -0.555575 0
    outer loop
      vertex 1.83494 49.75 5
      vertex 2.01662 49.4781 0
      vertex 2.01662 49.4781 5
    endloop
  endfacet
  facet normal 0.946948 0.321387 0
    outer loop
      vertex 6.41481 51.647 5
      vertex 6.3097 51.9567 0
      vertex 6.3097 51.9567 5
    endloop
  endfacet
  facet normal 0.946948 0.321387 0
    outer loop
      vertex 6.3097 51.9567 0
      vertex 6.41481 51.647 5
      vertex 6.41481 51.647 0
    endloop
  endfacet
  facet normal 0.0654412 -0.997856 0
    outer loop
      vertex 4 48.5 0
      vertex 4.32631 48.5214 5
      vertex 4 48.5 5
    endloop
  endfacet
  facet normal 0.0654412 -0.997856 0
    outer loop
      vertex 4.32631 48.5214 5
      vertex 4 48.5 0
      vertex 4.32631 48.5214 0
    endloop
  endfacet
  facet normal 0.321397 -0.946944 0
    outer loop
      vertex 4.64705 48.5852 0
      vertex 4.95671 48.6903 5
      vertex 4.64705 48.5852 5
    endloop
  endfacet
  facet normal 0.321397 -0.946944 0
    outer loop
      vertex 4.95671 48.6903 5
      vertex 4.64705 48.5852 0
      vertex 4.95671 48.6903 0
    endloop
  endfacet
  facet normal -0.0654412 -0.997856 0
    outer loop
      vertex 3.67369 48.5214 0
      vertex 4 48.5 5
      vertex 3.67369 48.5214 5
    endloop
  endfacet
  facet normal -0.0654412 -0.997856 -0
    outer loop
      vertex 4 48.5 5
      vertex 3.67369 48.5214 0
      vertex 4 48.5 0
    endloop
  endfacet
  facet normal 0.442204 -0.896915 0
    outer loop
      vertex 4.95671 48.6903 0
      vertex 5.25 48.8349 5
      vertex 4.95671 48.6903 5
    endloop
  endfacet
  facet normal 0.442204 -0.896915 0
    outer loop
      vertex 5.25 48.8349 5
      vertex 4.95671 48.6903 0
      vertex 5.25 48.8349 0
    endloop
  endfacet
  facet normal -0.751898 0.659279 0
    outer loop
      vertex 2.01662 52.5219 0
      vertex 2.23223 52.7678 5
      vertex 2.23223 52.7678 0
    endloop
  endfacet
  facet normal -0.751898 0.659279 0
    outer loop
      vertex 2.23223 52.7678 5
      vertex 2.01662 52.5219 0
      vertex 2.01662 52.5219 5
    endloop
  endfacet
  facet normal 0.442204 0.896915 -0
    outer loop
      vertex 5.25 53.1651 0
      vertex 4.95671 53.3097 5
      vertex 5.25 53.1651 5
    endloop
  endfacet
  facet normal 0.442204 0.896915 0
    outer loop
      vertex 4.95671 53.3097 5
      vertex 5.25 53.1651 0
      vertex 4.95671 53.3097 0
    endloop
  endfacet
  facet normal -0.442204 0.896915 0
    outer loop
      vertex 3.04329 53.3097 0
      vertex 2.75 53.1651 5
      vertex 3.04329 53.3097 5
    endloop
  endfacet
  facet normal -0.442204 0.896915 0
    outer loop
      vertex 2.75 53.1651 5
      vertex 3.04329 53.3097 0
      vertex 2.75 53.1651 0
    endloop
  endfacet
  facet normal 0.751898 -0.659279 0
    outer loop
      vertex 5.76777 49.2322 5
      vertex 5.98338 49.4781 0
      vertex 5.98338 49.4781 5
    endloop
  endfacet
  facet normal 0.751898 -0.659279 0
    outer loop
      vertex 5.98338 49.4781 0
      vertex 5.76777 49.2322 5
      vertex 5.76777 49.2322 0
    endloop
  endfacet
  facet normal -0.195093 -0.980785 0
    outer loop
      vertex 3.35295 48.5852 0
      vertex 3.67369 48.5214 5
      vertex 3.35295 48.5852 5
    endloop
  endfacet
  facet normal -0.195093 -0.980785 -0
    outer loop
      vertex 3.67369 48.5214 5
      vertex 3.35295 48.5852 0
      vertex 3.67369 48.5214 0
    endloop
  endfacet
  facet normal 0.831466 -0.555575 0
    outer loop
      vertex 5.98338 49.4781 5
      vertex 6.16506 49.75 0
      vertex 6.16506 49.75 5
    endloop
  endfacet
  facet normal 0.831466 -0.555575 0
    outer loop
      vertex 6.16506 49.75 0
      vertex 5.98338 49.4781 5
      vertex 5.98338 49.4781 0
    endloop
  endfacet
  facet normal -0.659307 -0.751873 0
    outer loop
      vertex 2.23223 49.2322 0
      vertex 2.4781 49.0166 5
      vertex 2.23223 49.2322 5
    endloop
  endfacet
  facet normal -0.659307 -0.751873 -0
    outer loop
      vertex 2.4781 49.0166 5
      vertex 2.23223 49.2322 0
      vertex 2.4781 49.0166 0
    endloop
  endfacet
  facet normal 0.195093 -0.980785 0
    outer loop
      vertex 4.32631 48.5214 0
      vertex 4.64705 48.5852 5
      vertex 4.32631 48.5214 5
    endloop
  endfacet
  facet normal 0.195093 -0.980785 0
    outer loop
      vertex 4.64705 48.5852 5
      vertex 4.32631 48.5214 0
      vertex 4.64705 48.5852 0
    endloop
  endfacet
  facet normal 0.896872 -0.44229 0
    outer loop
      vertex 6.16506 49.75 5
      vertex 6.3097 50.0433 0
      vertex 6.3097 50.0433 5
    endloop
  endfacet
  facet normal 0.896872 -0.44229 0
    outer loop
      vertex 6.3097 50.0433 0
      vertex 6.16506 49.75 5
      vertex 6.16506 49.75 0
    endloop
  endfacet
  facet normal -0.98078 -0.195116 0
    outer loop
      vertex 1.58519 50.353 0
      vertex 1.52139 50.6737 5
      vertex 1.52139 50.6737 0
    endloop
  endfacet
  facet normal -0.98078 -0.195116 0
    outer loop
      vertex 1.52139 50.6737 5
      vertex 1.58519 50.353 0
      vertex 1.58519 50.353 5
    endloop
  endfacet
  facet normal 0.946948 -0.321387 0
    outer loop
      vertex 6.3097 50.0433 5
      vertex 6.41481 50.353 0
      vertex 6.41481 50.353 5
    endloop
  endfacet
  facet normal 0.946948 -0.321387 0
    outer loop
      vertex 6.41481 50.353 0
      vertex 6.3097 50.0433 5
      vertex 6.3097 50.0433 0
    endloop
  endfacet
  facet normal -0.946948 0.321387 0
    outer loop
      vertex 1.58519 51.647 0
      vertex 1.6903 51.9567 5
      vertex 1.6903 51.9567 0
    endloop
  endfacet
  facet normal -0.946948 0.321387 0
    outer loop
      vertex 1.6903 51.9567 5
      vertex 1.58519 51.647 0
      vertex 1.58519 51.647 5
    endloop
  endfacet
  facet normal -0.0654412 0.997856 0
    outer loop
      vertex 4 53.5 0
      vertex 3.67369 53.4786 5
      vertex 4 53.5 5
    endloop
  endfacet
  facet normal -0.0654412 0.997856 0
    outer loop
      vertex 3.67369 53.4786 5
      vertex 4 53.5 0
      vertex 3.67369 53.4786 0
    endloop
  endfacet
  facet normal -0.896872 -0.44229 0
    outer loop
      vertex 1.83494 49.75 0
      vertex 1.6903 50.0433 5
      vertex 1.6903 50.0433 0
    endloop
  endfacet
  facet normal -0.896872 -0.44229 0
    outer loop
      vertex 1.6903 50.0433 5
      vertex 1.83494 49.75 0
      vertex 1.83494 49.75 5
    endloop
  endfacet
  facet normal 0.555617 0.831438 -0
    outer loop
      vertex 5.5219 52.9834 0
      vertex 5.25 53.1651 5
      vertex 5.5219 52.9834 5
    endloop
  endfacet
  facet normal 0.555617 0.831438 0
    outer loop
      vertex 5.25 53.1651 5
      vertex 5.5219 52.9834 0
      vertex 5.25 53.1651 0
    endloop
  endfacet
  facet normal -0.659307 0.751873 0
    outer loop
      vertex 2.4781 52.9834 0
      vertex 2.23223 52.7678 5
      vertex 2.4781 52.9834 5
    endloop
  endfacet
  facet normal -0.659307 0.751873 0
    outer loop
      vertex 2.23223 52.7678 5
      vertex 2.4781 52.9834 0
      vertex 2.23223 52.7678 0
    endloop
  endfacet
  facet normal -0.555617 0.831438 0
    outer loop
      vertex 2.75 53.1651 0
      vertex 2.4781 52.9834 5
      vertex 2.75 53.1651 5
    endloop
  endfacet
  facet normal -0.555617 0.831438 0
    outer loop
      vertex 2.4781 52.9834 5
      vertex 2.75 53.1651 0
      vertex 2.4781 52.9834 0
    endloop
  endfacet
  facet normal 0.195093 0.980785 -0
    outer loop
      vertex 4.64705 53.4148 0
      vertex 4.32631 53.4786 5
      vertex 4.64705 53.4148 5
    endloop
  endfacet
  facet normal 0.195093 0.980785 0
    outer loop
      vertex 4.32631 53.4786 5
      vertex 4.64705 53.4148 0
      vertex 4.32631 53.4786 0
    endloop
  endfacet
  facet normal 0.98078 -0.195116 0
    outer loop
      vertex 6.41481 50.353 5
      vertex 6.47861 50.6737 0
      vertex 6.47861 50.6737 5
    endloop
  endfacet
  facet normal 0.98078 -0.195116 0
    outer loop
      vertex 6.47861 50.6737 0
      vertex 6.41481 50.353 5
      vertex 6.41481 50.353 0
    endloop
  endfacet
  facet normal 0.659307 -0.751873 0
    outer loop
      vertex 5.5219 49.0166 0
      vertex 5.76777 49.2322 5
      vertex 5.5219 49.0166 5
    endloop
  endfacet
  facet normal 0.659307 -0.751873 0
    outer loop
      vertex 5.76777 49.2322 5
      vertex 5.5219 49.0166 0
      vertex 5.76777 49.2322 0
    endloop
  endfacet
  facet normal -0.997858 -0.0654128 0
    outer loop
      vertex 1.52139 50.6737 0
      vertex 1.5 51 5
      vertex 1.5 51 0
    endloop
  endfacet
  facet normal -0.997858 -0.0654128 0
    outer loop
      vertex 1.5 51 5
      vertex 1.52139 50.6737 0
      vertex 1.52139 50.6737 5
    endloop
  endfacet
  facet normal 0.896872 0.44229 0
    outer loop
      vertex 6.3097 51.9567 5
      vertex 6.16506 52.25 0
      vertex 6.16506 52.25 5
    endloop
  endfacet
  facet normal 0.896872 0.44229 0
    outer loop
      vertex 6.16506 52.25 0
      vertex 6.3097 51.9567 5
      vertex 6.3097 51.9567 0
    endloop
  endfacet
  facet normal 0.555617 -0.831438 0
    outer loop
      vertex 5.25 48.8349 0
      vertex 5.5219 49.0166 5
      vertex 5.25 48.8349 5
    endloop
  endfacet
  facet normal 0.555617 -0.831438 0
    outer loop
      vertex 5.5219 49.0166 5
      vertex 5.25 48.8349 0
      vertex 5.5219 49.0166 0
    endloop
  endfacet
  facet normal -0.195093 0.980785 0
    outer loop
      vertex 3.67369 53.4786 0
      vertex 3.35295 53.4148 5
      vertex 3.67369 53.4786 5
    endloop
  endfacet
  facet normal -0.195093 0.980785 0
    outer loop
      vertex 3.35295 53.4148 5
      vertex 3.67369 53.4786 0
      vertex 3.35295 53.4148 0
    endloop
  endfacet
  facet normal -0.997858 0.0654128 0
    outer loop
      vertex 1.5 51 0
      vertex 1.52139 51.3263 5
      vertex 1.52139 51.3263 0
    endloop
  endfacet
  facet normal -0.997858 0.0654128 0
    outer loop
      vertex 1.52139 51.3263 5
      vertex 1.5 51 0
      vertex 1.5 51 5
    endloop
  endfacet
  facet normal -0.321397 -0.946944 0
    outer loop
      vertex 3.04329 48.6903 0
      vertex 3.35295 48.5852 5
      vertex 3.04329 48.6903 5
    endloop
  endfacet
  facet normal -0.321397 -0.946944 -0
    outer loop
      vertex 3.35295 48.5852 5
      vertex 3.04329 48.6903 0
      vertex 3.35295 48.5852 0
    endloop
  endfacet
  facet normal -0.946948 -0.321387 0
    outer loop
      vertex 1.6903 50.0433 0
      vertex 1.58519 50.353 5
      vertex 1.58519 50.353 0
    endloop
  endfacet
  facet normal -0.946948 -0.321387 0
    outer loop
      vertex 1.58519 50.353 5
      vertex 1.6903 50.0433 0
      vertex 1.6903 50.0433 5
    endloop
  endfacet
  facet normal -0.751898 -0.659279 0
    outer loop
      vertex 2.23223 49.2322 0
      vertex 2.01662 49.4781 5
      vertex 2.01662 49.4781 0
    endloop
  endfacet
  facet normal -0.751898 -0.659279 0
    outer loop
      vertex 2.01662 49.4781 5
      vertex 2.23223 49.2322 0
      vertex 2.23223 49.2322 5
    endloop
  endfacet
  facet normal 0 0 1
    outer loop
      vertex 4.9 51 5
      vertex 6.5 51 5
      vertex 6.47861 51.3263 5
    endloop
  endfacet
  facet normal 0 0 1
    outer loop
      vertex 4.8923 51.1175 5
      vertex 6.47861 51.3263 5
      vertex 6.41481 51.647 5
    endloop
  endfacet
  facet normal 0 0 1
    outer loop
      vertex 6.5 51 5
      vertex 4.9 51 5
      vertex 6.47861 50.6737 5
    endloop
  endfacet
  facet normal 0 0 1
    outer loop
      vertex 4.86933 51.2329 5
      vertex 6.41481 51.647 5
      vertex 6.3097 51.9567 5
    endloop
  endfacet
  facet normal -0 0 1
    outer loop
      vertex 4.8923 50.8825 5
      vertex 6.47861 50.6737 5
      vertex 4.9 51 5
    endloop
  endfacet
  facet normal 0 0 1
    outer loop
      vertex 4.83149 51.3444 5
      vertex 6.3097 51.9567 5
      vertex 6.16506 52.25 5
    endloop
  endfacet
  facet normal 0 0 1
    outer loop
      vertex 6.47861 50.6737 5
      vertex 4.8923 50.8825 5
      vertex 6.41481 50.353 5
    endloop
  endfacet
  facet normal 0 0 1
    outer loop
      vertex 4.77942 51.45 5
      vertex 6.16506 52.25 5
      vertex 5.98338 52.5219 5
    endloop
  endfacet
  facet normal -0 0 1
    outer loop
      vertex 4.86933 50.7671 5
      vertex 6.41481 50.353 5
      vertex 4.8923 50.8825 5
    endloop
  endfacet
  facet normal 0 0 1
    outer loop
      vertex 4.71402 51.5479 5
      vertex 5.98338 52.5219 5
      vertex 5.76777 52.7678 5
    endloop
  endfacet
  facet normal 0 0 1
    outer loop
      vertex 6.41481 50.353 5
      vertex 4.86933 50.7671 5
      vertex 6.3097 50.0433 5
    endloop
  endfacet
  facet normal 0 0 1
    outer loop
      vertex 4.6364 51.6364 5
      vertex 5.76777 52.7678 5
      vertex 5.5219 52.9834 5
    endloop
  endfacet
  facet normal -0 0 1
    outer loop
      vertex 4.83149 50.6556 5
      vertex 6.3097 50.0433 5
      vertex 4.86933 50.7671 5
    endloop
  endfacet
  facet normal 0 0 1
    outer loop
      vertex 4.54788 51.714 5
      vertex 5.5219 52.9834 5
      vertex 5.25 53.1651 5
    endloop
  endfacet
  facet normal 0 0 1
    outer loop
      vertex 6.3097 50.0433 5
      vertex 4.83149 50.6556 5
      vertex 6.16506 49.75 5
    endloop
  endfacet
  facet normal 0 0 1
    outer loop
      vertex 4.45 51.7794 5
      vertex 5.25 53.1651 5
      vertex 4.95671 53.3097 5
    endloop
  endfacet
  facet normal -0 0 1
    outer loop
      vertex 4.77942 50.55 5
      vertex 6.16506 49.75 5
      vertex 4.83149 50.6556 5
    endloop
  endfacet
  facet normal 0 0 1
    outer loop
      vertex 6.16506 49.75 5
      vertex 4.77942 50.55 5
      vertex 5.98338 49.4781 5
    endloop
  endfacet
  facet normal 0 0 1
    outer loop
      vertex 6.47861 51.3263 5
      vertex 4.8923 51.1175 5
      vertex 4.9 51 5
    endloop
  endfacet
  facet normal 0 0 1
    outer loop
      vertex 6.41481 51.647 5
      vertex 4.86933 51.2329 5
      vertex 4.8923 51.1175 5
    endloop
  endfacet
  facet normal 0 0 1
    outer loop
      vertex 6.3097 51.9567 5
      vertex 4.83149 51.3444 5
      vertex 4.86933 51.2329 5
    endloop
  endfacet
  facet normal 0 0 1
    outer loop
      vertex 6.16506 52.25 5
      vertex 4.77942 51.45 5
      vertex 4.83149 51.3444 5
    endloop
  endfacet
  facet normal 0 0 1
    outer loop
      vertex 5.98338 52.5219 5
      vertex 4.71402 51.5479 5
      vertex 4.77942 51.45 5
    endloop
  endfacet
  facet normal 0 0 1
    outer loop
      vertex 4.34441 51.8315 5
      vertex 4.95671 53.3097 5
      vertex 4.64705 53.4148 5
    endloop
  endfacet
  facet normal 0 0 1
    outer loop
      vertex 5.76777 52.7678 5
      vertex 4.6364 51.6364 5
      vertex 4.71402 51.5479 5
    endloop
  endfacet
  facet normal 0 0 1
    outer loop
      vertex 5.5219 52.9834 5
      vertex 4.54788 51.714 5
      vertex 4.6364 51.6364 5
    endloop
  endfacet
  facet normal 0 0 1
    outer loop
      vertex 5.25 53.1651 5
      vertex 4.45 51.7794 5
      vertex 4.54788 51.714 5
    endloop
  endfacet
  facet normal 0 0 1
    outer loop
      vertex 4.95671 53.3097 5
      vertex 4.34441 51.8315 5
      vertex 4.45 51.7794 5
    endloop
  endfacet
  facet normal 0 0 1
    outer loop
      vertex 4.23294 51.8693 5
      vertex 4.64705 53.4148 5
      vertex 4.32631 53.4786 5
    endloop
  endfacet
  facet normal 0 0 1
    outer loop
      vertex 4.64705 53.4148 5
      vertex 4.23294 51.8693 5
      vertex 4.34441 51.8315 5
    endloop
  endfacet
  facet normal 0 0 1
    outer loop
      vertex 4.32631 53.4786 5
      vertex 4.11747 51.8923 5
      vertex 4.23294 51.8693 5
    endloop
  endfacet
  facet normal 0 0 1
    outer loop
      vertex 4 53.5 5
      vertex 4.11747 51.8923 5
      vertex 4.32631 53.4786 5
    endloop
  endfacet
  facet normal 0 0 1
    outer loop
      vertex 4 53.5 5
      vertex 4 51.9 5
      vertex 4.11747 51.8923 5
    endloop
  endfacet
  facet normal 0 0 1
    outer loop
      vertex 4 53.5 5
      vertex 3.88253 51.8923 5
      vertex 4 51.9 5
    endloop
  endfacet
  facet normal -0 0 1
    outer loop
      vertex 3.67369 53.4786 5
      vertex 3.88253 51.8923 5
      vertex 4 53.5 5
    endloop
  endfacet
  facet normal 0 0 1
    outer loop
      vertex 3.88253 51.8923 5
      vertex 3.67369 53.4786 5
      vertex 3.76706 51.8693 5
    endloop
  endfacet
  facet normal -0 0 1
    outer loop
      vertex 3.35295 53.4148 5
      vertex 3.76706 51.8693 5
      vertex 3.67369 53.4786 5
    endloop
  endfacet
  facet normal 0 0 1
    outer loop
      vertex 3.76706 51.8693 5
      vertex 3.35295 53.4148 5
      vertex 3.65559 51.8315 5
    endloop
  endfacet
  facet normal -0 0 1
    outer loop
      vertex 3.04329 53.3097 5
      vertex 3.65559 51.8315 5
      vertex 3.35295 53.4148 5
    endloop
  endfacet
  facet normal 0 0 1
    outer loop
      vertex 3.65559 51.8315 5
      vertex 3.04329 53.3097 5
      vertex 3.55 51.7794 5
    endloop
  endfacet
  facet normal -0 0 1
    outer loop
      vertex 2.75 53.1651 5
      vertex 3.55 51.7794 5
      vertex 3.04329 53.3097 5
    endloop
  endfacet
  facet normal 0 0 1
    outer loop
      vertex 3.55 51.7794 5
      vertex 2.75 53.1651 5
      vertex 3.45212 51.714 5
    endloop
  endfacet
  facet normal -0 0 1
    outer loop
      vertex 2.4781 52.9834 5
      vertex 3.45212 51.714 5
      vertex 2.75 53.1651 5
    endloop
  endfacet
  facet normal 0 0 1
    outer loop
      vertex 3.45212 51.714 5
      vertex 2.4781 52.9834 5
      vertex 3.3636 51.6364 5
    endloop
  endfacet
  facet normal -0 0 1
    outer loop
      vertex 2.23223 52.7678 5
      vertex 3.3636 51.6364 5
      vertex 2.4781 52.9834 5
    endloop
  endfacet
  facet normal 0 0 1
    outer loop
      vertex 3.3636 51.6364 5
      vertex 2.23223 52.7678 5
      vertex 3.28598 51.5479 5
    endloop
  endfacet
  facet normal 0 0 1
    outer loop
      vertex 3.28598 51.5479 5
      vertex 2.01662 52.5219 5
      vertex 3.22058 51.45 5
    endloop
  endfacet
  facet normal -0 0 1
    outer loop
      vertex 2.01662 52.5219 5
      vertex 3.28598 51.5479 5
      vertex 2.23223 52.7678 5
    endloop
  endfacet
  facet normal -0 0 1
    outer loop
      vertex 4.71402 50.4521 5
      vertex 5.98338 49.4781 5
      vertex 4.77942 50.55 5
    endloop
  endfacet
  facet normal 0 0 1
    outer loop
      vertex 5.98338 49.4781 5
      vertex 4.71402 50.4521 5
      vertex 5.76777 49.2322 5
    endloop
  endfacet
  facet normal -0 0 1
    outer loop
      vertex 4.6364 50.3636 5
      vertex 5.76777 49.2322 5
      vertex 4.71402 50.4521 5
    endloop
  endfacet
  facet normal 0 0 1
    outer loop
      vertex 5.76777 49.2322 5
      vertex 4.6364 50.3636 5
      vertex 5.5219 49.0166 5
    endloop
  endfacet
  facet normal -0 0 1
    outer loop
      vertex 4.54788 50.286 5
      vertex 5.5219 49.0166 5
      vertex 4.6364 50.3636 5
    endloop
  endfacet
  facet normal 0 0 1
    outer loop
      vertex 5.5219 49.0166 5
      vertex 4.54788 50.286 5
      vertex 5.25 48.8349 5
    endloop
  endfacet
  facet normal -0 0 1
    outer loop
      vertex 4.45 50.2206 5
      vertex 5.25 48.8349 5
      vertex 4.54788 50.286 5
    endloop
  endfacet
  facet normal 0 0 1
    outer loop
      vertex 5.25 48.8349 5
      vertex 4.45 50.2206 5
      vertex 4.95671 48.6903 5
    endloop
  endfacet
  facet normal -0 0 1
    outer loop
      vertex 4.34441 50.1685 5
      vertex 4.95671 48.6903 5
      vertex 4.45 50.2206 5
    endloop
  endfacet
  facet normal 0 0 1
    outer loop
      vertex 4.95671 48.6903 5
      vertex 4.34441 50.1685 5
      vertex 4.64705 48.5852 5
    endloop
  endfacet
  facet normal -0 0 1
    outer loop
      vertex 4.23294 50.1307 5
      vertex 4.64705 48.5852 5
      vertex 4.34441 50.1685 5
    endloop
  endfacet
  facet normal 0 0 1
    outer loop
      vertex 4.64705 48.5852 5
      vertex 4.23294 50.1307 5
      vertex 4.32631 48.5214 5
    endloop
  endfacet
  facet normal -0 0 1
    outer loop
      vertex 4.11747 50.1077 5
      vertex 4.32631 48.5214 5
      vertex 4.23294 50.1307 5
    endloop
  endfacet
  facet normal -0 0 1
    outer loop
      vertex 4 50.1 5
      vertex 4.32631 48.5214 5
      vertex 4.11747 50.1077 5
    endloop
  endfacet
  facet normal 0 0 1
    outer loop
      vertex 4 50.1 5
      vertex 4 48.5 5
      vertex 4.32631 48.5214 5
    endloop
  endfacet
  facet normal 0 0 1
    outer loop
      vertex 3.88253 50.1077 5
      vertex 4 48.5 5
      vertex 4 50.1 5
    endloop
  endfacet
  facet normal 0 0 1
    outer loop
      vertex 3.67369 48.5214 5
      vertex 3.88253 50.1077 5
      vertex 3.76706 50.1307 5
    endloop
  endfacet
  facet normal 0 0 1
    outer loop
      vertex 3.88253 50.1077 5
      vertex 3.67369 48.5214 5
      vertex 4 48.5 5
    endloop
  endfacet
  facet normal 0 0 1
    outer loop
      vertex 3.35295 48.5852 5
      vertex 3.76706 50.1307 5
      vertex 3.65559 50.1685 5
    endloop
  endfacet
  facet normal 0 0 1
    outer loop
      vertex 3.04329 48.6903 5
      vertex 3.65559 50.1685 5
      vertex 3.55 50.2206 5
    endloop
  endfacet
  facet normal 0 0 1
    outer loop
      vertex 2.75 48.8349 5
      vertex 3.55 50.2206 5
      vertex 3.45212 50.286 5
    endloop
  endfacet
  facet normal 0 0 1
    outer loop
      vertex 2.4781 49.0166 5
      vertex 3.45212 50.286 5
      vertex 3.3636 50.3636 5
    endloop
  endfacet
  facet normal 0 0 1
    outer loop
      vertex 3.76706 50.1307 5
      vertex 3.35295 48.5852 5
      vertex 3.67369 48.5214 5
    endloop
  endfacet
  facet normal 0 0 1
    outer loop
      vertex 2.23223 49.2322 5
      vertex 3.3636 50.3636 5
      vertex 3.28598 50.4521 5
    endloop
  endfacet
  facet normal 0 0 1
    outer loop
      vertex 2.01662 49.4781 5
      vertex 3.28598 50.4521 5
      vertex 3.22058 50.55 5
    endloop
  endfacet
  facet normal 0 0 1
    outer loop
      vertex 1.83494 49.75 5
      vertex 3.22058 50.55 5
      vertex 3.16851 50.6556 5
    endloop
  endfacet
  facet normal 0 0 1
    outer loop
      vertex 1.6903 50.0433 5
      vertex 3.16851 50.6556 5
      vertex 3.13067 50.7671 5
    endloop
  endfacet
  facet normal 0 0 1
    outer loop
      vertex 1.58519 50.353 5
      vertex 3.13067 50.7671 5
      vertex 3.1077 50.8825 5
    endloop
  endfacet
  facet normal 0 0 1
    outer loop
      vertex 3.65559 50.1685 5
      vertex 3.04329 48.6903 5
      vertex 3.35295 48.5852 5
    endloop
  endfacet
  facet normal 0 0 1
    outer loop
      vertex 1.52139 50.6737 5
      vertex 3.1077 50.8825 5
      vertex 3.1 51 5
    endloop
  endfacet
  facet normal -0 0 1
    outer loop
      vertex 1.83494 52.25 5
      vertex 3.22058 51.45 5
      vertex 2.01662 52.5219 5
    endloop
  endfacet
  facet normal 0 0 1
    outer loop
      vertex 3.22058 51.45 5
      vertex 1.83494 52.25 5
      vertex 3.16851 51.3444 5
    endloop
  endfacet
  facet normal 0 0 1
    outer loop
      vertex 3.55 50.2206 5
      vertex 2.75 48.8349 5
      vertex 3.04329 48.6903 5
    endloop
  endfacet
  facet normal -0 0 1
    outer loop
      vertex 1.6903 51.9567 5
      vertex 3.16851 51.3444 5
      vertex 1.83494 52.25 5
    endloop
  endfacet
  facet normal 0 0 1
    outer loop
      vertex 3.45212 50.286 5
      vertex 2.4781 49.0166 5
      vertex 2.75 48.8349 5
    endloop
  endfacet
  facet normal 0 0 1
    outer loop
      vertex 3.16851 51.3444 5
      vertex 1.6903 51.9567 5
      vertex 3.13067 51.2329 5
    endloop
  endfacet
  facet normal 0 0 1
    outer loop
      vertex 3.3636 50.3636 5
      vertex 2.23223 49.2322 5
      vertex 2.4781 49.0166 5
    endloop
  endfacet
  facet normal -0 0 1
    outer loop
      vertex 1.58519 51.647 5
      vertex 3.13067 51.2329 5
      vertex 1.6903 51.9567 5
    endloop
  endfacet
  facet normal 0 0 1
    outer loop
      vertex 3.28598 50.4521 5
      vertex 2.01662 49.4781 5
      vertex 2.23223 49.2322 5
    endloop
  endfacet
  facet normal 0 0 1
    outer loop
      vertex 3.13067 51.2329 5
      vertex 1.58519 51.647 5
      vertex 3.1077 51.1175 5
    endloop
  endfacet
  facet normal 0 0 1
    outer loop
      vertex 3.22058 50.55 5
      vertex 1.83494 49.75 5
      vertex 2.01662 49.4781 5
    endloop
  endfacet
  facet normal -0 0 1
    outer loop
      vertex 1.52139 51.3263 5
      vertex 3.1077 51.1175 5
      vertex 1.58519 51.647 5
    endloop
  endfacet
  facet normal 0 0 1
    outer loop
      vertex 3.16851 50.6556 5
      vertex 1.6903 50.0433 5
      vertex 1.83494 49.75 5
    endloop
  endfacet
  facet normal 0 0 1
    outer loop
      vertex 3.1077 51.1175 5
      vertex 1.52139 51.3263 5
      vertex 3.1 51 5
    endloop
  endfacet
  facet normal 0 0 1
    outer loop
      vertex 3.13067 50.7671 5
      vertex 1.58519 50.353 5
      vertex 1.6903 50.0433 5
    endloop
  endfacet
  facet normal 0 0 1
    outer loop
      vertex 1.5 51 5
      vertex 3.1 51 5
      vertex 1.52139 51.3263 5
    endloop
  endfacet
  facet normal 0 0 1
    outer loop
      vertex 3.1077 50.8825 5
      vertex 1.52139 50.6737 5
      vertex 1.58519 50.353 5
    endloop
  endfacet
  facet normal 0 0 1
    outer loop
      vertex 3.1 51 5
      vertex 1.5 51 5
      vertex 1.52139 50.6737 5
    endloop
  endfacet
  facet normal -0.831466 0.555575 0
    outer loop
      vertex 1.83494 52.25 0
      vertex 2.01662 52.5219 5
      vertex 2.01662 52.5219 0
    endloop
  endfacet
  facet normal -0.831466 0.555575 0
    outer loop
      vertex 2.01662 52.5219 5
      vertex 1.83494 52.25 0
      vertex 1.83494 52.25 5
    endloop
  endfacet
  facet normal -0.321143 -0.947031 0
    outer loop
      vertex 4.23294 51.8693 0.599999
      vertex 4.34441 51.8315 5
      vertex 4.23294 51.8693 5
    endloop
  endfacet
  facet normal -0.321143 -0.947031 -0
    outer loop
      vertex 4.34441 51.8315 5
      vertex 4.23294 51.8693 0.599999
      vertex 4.34441 51.8315 0.599999
    endloop
  endfacet
  facet normal -0.98076 -0.195217 0
    outer loop
      vertex 4.8923 51.1175 0.599999
      vertex 4.86933 51.2329 5
      vertex 4.86933 51.2329 0.599999
    endloop
  endfacet
  facet normal -0.98076 -0.195217 0
    outer loop
      vertex 4.86933 51.2329 5
      vertex 4.8923 51.1175 0.599999
      vertex 4.8923 51.1175 5
    endloop
  endfacet
  facet normal -0.99786 -0.0653917 0
    outer loop
      vertex 4.9 51 0.599999
      vertex 4.8923 51.1175 5
      vertex 4.8923 51.1175 0.599999
    endloop
  endfacet
  facet normal -0.99786 -0.0653917 0
    outer loop
      vertex 4.8923 51.1175 5
      vertex 4.9 51 0.599999
      vertex 4.9 51 5
    endloop
  endfacet
  facet normal -0.946954 -0.32137 0
    outer loop
      vertex 4.86933 51.2329 0.599999
      vertex 4.83149 51.3444 5
      vertex 4.83149 51.3444 0.599999
    endloop
  endfacet
  facet normal -0.946954 -0.32137 0
    outer loop
      vertex 4.83149 51.3444 5
      vertex 4.86933 51.2329 0.599999
      vertex 4.86933 51.2329 5
    endloop
  endfacet
  facet normal -0.442485 -0.896776 0
    outer loop
      vertex 4.34441 51.8315 0.599999
      vertex 4.45 51.7794 5
      vertex 4.34441 51.8315 5
    endloop
  endfacet
  facet normal -0.442485 -0.896776 -0
    outer loop
      vertex 4.45 51.7794 5
      vertex 4.34441 51.8315 0.599999
      vertex 4.45 51.7794 0.599999
    endloop
  endfacet
  facet normal 0.99786 0.0653917 0
    outer loop
      vertex 3.1077 50.8825 5
      vertex 3.1 51 0.599999
      vertex 3.1 51 5
    endloop
  endfacet
  facet normal 0.99786 0.0653917 0
    outer loop
      vertex 3.1 51 0.599999
      vertex 3.1077 50.8825 5
      vertex 3.1077 50.8825 0.599999
    endloop
  endfacet
  facet normal -0.896893 -0.442247 0
    outer loop
      vertex 4.83149 51.3444 0.599999
      vertex 4.77942 51.45 5
      vertex 4.77942 51.45 0.599999
    endloop
  endfacet
  facet normal -0.896893 -0.442247 0
    outer loop
      vertex 4.77942 51.45 5
      vertex 4.83149 51.3444 0.599999
      vertex 4.83149 51.3444 5
    endloop
  endfacet
  facet normal -0.831527 -0.555484 0
    outer loop
      vertex 4.77942 51.45 0.599999
      vertex 4.71402 51.5479 5
      vertex 4.71402 51.5479 0.599999
    endloop
  endfacet
  facet normal -0.831527 -0.555484 0
    outer loop
      vertex 4.71402 51.5479 5
      vertex 4.77942 51.45 0.599999
      vertex 4.77942 51.45 5
    endloop
  endfacet
  facet normal -0.659202 -0.751966 0
    outer loop
      vertex 4.54788 51.714 0.599999
      vertex 4.6364 51.6364 5
      vertex 4.54788 51.714 5
    endloop
  endfacet
  facet normal -0.659202 -0.751966 -0
    outer loop
      vertex 4.6364 51.6364 5
      vertex 4.54788 51.714 0.599999
      vertex 4.6364 51.6364 0.599999
    endloop
  endfacet
  facet normal 0.659202 -0.751966 0
    outer loop
      vertex 3.3636 51.6364 0.599999
      vertex 3.45212 51.714 5
      vertex 3.3636 51.6364 5
    endloop
  endfacet
  facet normal 0.659202 -0.751966 0
    outer loop
      vertex 3.45212 51.714 5
      vertex 3.3636 51.6364 0.599999
      vertex 3.45212 51.714 0.599999
    endloop
  endfacet
  facet normal -0.751808 -0.659382 0
    outer loop
      vertex 4.71402 51.5479 0.599999
      vertex 4.6364 51.6364 5
      vertex 4.6364 51.6364 0.599999
    endloop
  endfacet
  facet normal -0.751808 -0.659382 0
    outer loop
      vertex 4.6364 51.6364 5
      vertex 4.71402 51.5479 0.599999
      vertex 4.71402 51.5479 5
    endloop
  endfacet
  facet normal 0.98076 -0.195217 0
    outer loop
      vertex 3.1077 51.1175 5
      vertex 3.13067 51.2329 0.599999
      vertex 3.13067 51.2329 5
    endloop
  endfacet
  facet normal 0.98076 -0.195217 0
    outer loop
      vertex 3.13067 51.2329 0.599999
      vertex 3.1077 51.1175 5
      vertex 3.1077 51.1175 0.599999
    endloop
  endfacet
  facet normal 0.555562 0.831475 -0
    outer loop
      vertex 3.55 50.2206 0.599999
      vertex 3.45212 50.286 5
      vertex 3.55 50.2206 5
    endloop
  endfacet
  facet normal 0.555562 0.831475 0
    outer loop
      vertex 3.45212 50.286 5
      vertex 3.55 50.2206 0.599999
      vertex 3.45212 50.286 0.599999
    endloop
  endfacet
  facet normal 0.99786 -0.0653917 0
    outer loop
      vertex 3.1 51 5
      vertex 3.1077 51.1175 0.599999
      vertex 3.1077 51.1175 5
    endloop
  endfacet
  facet normal 0.99786 -0.0653917 0
    outer loop
      vertex 3.1077 51.1175 0.599999
      vertex 3.1 51 5
      vertex 3.1 51 0.599999
    endloop
  endfacet
  facet normal 0.751808 0.659382 0
    outer loop
      vertex 3.3636 50.3636 5
      vertex 3.28598 50.4521 0.599999
      vertex 3.28598 50.4521 5
    endloop
  endfacet
  facet normal 0.751808 0.659382 0
    outer loop
      vertex 3.28598 50.4521 0.599999
      vertex 3.3636 50.3636 5
      vertex 3.3636 50.3636 0.599999
    endloop
  endfacet
  facet normal -0.195348 0.980734 0
    outer loop
      vertex 4.23294 50.1307 0.599999
      vertex 4.11747 50.1077 5
      vertex 4.23294 50.1307 5
    endloop
  endfacet
  facet normal -0.195348 0.980734 0
    outer loop
      vertex 4.11747 50.1077 5
      vertex 4.23294 50.1307 0.599999
      vertex 4.11747 50.1077 0.599999
    endloop
  endfacet
  facet normal 0.442485 -0.896776 0
    outer loop
      vertex 3.55 51.7794 0.599999
      vertex 3.65559 51.8315 5
      vertex 3.55 51.7794 5
    endloop
  endfacet
  facet normal 0.442485 -0.896776 0
    outer loop
      vertex 3.65559 51.8315 5
      vertex 3.55 51.7794 0.599999
      vertex 3.65559 51.8315 0.599999
    endloop
  endfacet
  facet normal 0.321143 0.947031 -0
    outer loop
      vertex 3.76706 50.1307 0.599999
      vertex 3.65559 50.1685 5
      vertex 3.76706 50.1307 5
    endloop
  endfacet
  facet normal 0.321143 0.947031 0
    outer loop
      vertex 3.65559 50.1685 5
      vertex 3.76706 50.1307 0.599999
      vertex 3.65559 50.1685 0.599999
    endloop
  endfacet
  facet normal -0.98076 0.195217 0
    outer loop
      vertex 4.86933 50.7671 0.599999
      vertex 4.8923 50.8825 5
      vertex 4.8923 50.8825 0.599999
    endloop
  endfacet
  facet normal -0.98076 0.195217 0
    outer loop
      vertex 4.8923 50.8825 5
      vertex 4.86933 50.7671 0.599999
      vertex 4.86933 50.7671 5
    endloop
  endfacet
  facet normal 0.751808 -0.659382 0
    outer loop
      vertex 3.28598 51.5479 5
      vertex 3.3636 51.6364 0.599999
      vertex 3.3636 51.6364 5
    endloop
  endfacet
  facet normal 0.751808 -0.659382 0
    outer loop
      vertex 3.3636 51.6364 0.599999
      vertex 3.28598 51.5479 5
      vertex 3.28598 51.5479 0.599999
    endloop
  endfacet
  facet normal -0.831527 0.555484 0
    outer loop
      vertex 4.71402 50.4521 0.599999
      vertex 4.77942 50.55 5
      vertex 4.77942 50.55 0.599999
    endloop
  endfacet
  facet normal -0.831527 0.555484 0
    outer loop
      vertex 4.77942 50.55 5
      vertex 4.71402 50.4521 0.599999
      vertex 4.71402 50.4521 5
    endloop
  endfacet
  facet normal 0.321143 -0.947031 0
    outer loop
      vertex 3.65559 51.8315 0.599999
      vertex 3.76706 51.8693 5
      vertex 3.65559 51.8315 5
    endloop
  endfacet
  facet normal 0.321143 -0.947031 0
    outer loop
      vertex 3.76706 51.8693 5
      vertex 3.65559 51.8315 0.599999
      vertex 3.76706 51.8693 0.599999
    endloop
  endfacet
  facet normal 0.98076 0.195217 0
    outer loop
      vertex 3.13067 50.7671 5
      vertex 3.1077 50.8825 0.599999
      vertex 3.1077 50.8825 5
    endloop
  endfacet
  facet normal 0.98076 0.195217 0
    outer loop
      vertex 3.1077 50.8825 0.599999
      vertex 3.13067 50.7671 5
      vertex 3.13067 50.7671 0.599999
    endloop
  endfacet
  facet normal 0.195348 0.980734 -0
    outer loop
      vertex 3.88253 50.1077 0.599999
      vertex 3.76706 50.1307 5
      vertex 3.88253 50.1077 5
    endloop
  endfacet
  facet normal 0.195348 0.980734 0
    outer loop
      vertex 3.76706 50.1307 5
      vertex 3.88253 50.1077 0.599999
      vertex 3.76706 50.1307 0.599999
    endloop
  endfacet
  facet normal -0.555562 -0.831475 0
    outer loop
      vertex 4.45 51.7794 0.599999
      vertex 4.54788 51.714 5
      vertex 4.45 51.7794 5
    endloop
  endfacet
  facet normal -0.555562 -0.831475 -0
    outer loop
      vertex 4.54788 51.714 5
      vertex 4.45 51.7794 0.599999
      vertex 4.54788 51.714 0.599999
    endloop
  endfacet
  facet normal -0.946954 0.32137 0
    outer loop
      vertex 4.83149 50.6556 0.599999
      vertex 4.86933 50.7671 5
      vertex 4.86933 50.7671 0.599999
    endloop
  endfacet
  facet normal -0.946954 0.32137 0
    outer loop
      vertex 4.86933 50.7671 5
      vertex 4.83149 50.6556 0.599999
      vertex 4.83149 50.6556 5
    endloop
  endfacet
  facet normal -0.0654083 0.997859 0
    outer loop
      vertex 4.11747 50.1077 0.599999
      vertex 4 50.1 5
      vertex 4.11747 50.1077 5
    endloop
  endfacet
  facet normal -0.0654083 0.997859 0
    outer loop
      vertex 4 50.1 5
      vertex 4.11747 50.1077 0.599999
      vertex 4 50.1 0.599999
    endloop
  endfacet
  facet normal -0.751808 0.659382 0
    outer loop
      vertex 4.6364 50.3636 0.599999
      vertex 4.71402 50.4521 5
      vertex 4.71402 50.4521 0.599999
    endloop
  endfacet
  facet normal -0.751808 0.659382 0
    outer loop
      vertex 4.71402 50.4521 5
      vertex 4.6364 50.3636 0.599999
      vertex 4.6364 50.3636 5
    endloop
  endfacet
  facet normal 0.0654083 -0.997859 0
    outer loop
      vertex 3.88253 51.8923 0.599999
      vertex 4 51.9 5
      vertex 3.88253 51.8923 5
    endloop
  endfacet
  facet normal 0.0654083 -0.997859 0
    outer loop
      vertex 4 51.9 5
      vertex 3.88253 51.8923 0.599999
      vertex 4 51.9 0.599999
    endloop
  endfacet
  facet normal -0.555562 0.831475 0
    outer loop
      vertex 4.54788 50.286 0.599999
      vertex 4.45 50.2206 5
      vertex 4.54788 50.286 5
    endloop
  endfacet
  facet normal -0.555562 0.831475 0
    outer loop
      vertex 4.45 50.2206 5
      vertex 4.54788 50.286 0.599999
      vertex 4.45 50.2206 0.599999
    endloop
  endfacet
  facet normal 0.659202 0.751966 -0
    outer loop
      vertex 3.45212 50.286 0.599999
      vertex 3.3636 50.3636 5
      vertex 3.45212 50.286 5
    endloop
  endfacet
  facet normal 0.659202 0.751966 0
    outer loop
      vertex 3.3636 50.3636 5
      vertex 3.45212 50.286 0.599999
      vertex 3.3636 50.3636 0.599999
    endloop
  endfacet
  facet normal 0.896893 -0.442247 0
    outer loop
      vertex 3.16851 51.3444 5
      vertex 3.22058 51.45 0.599999
      vertex 3.22058 51.45 5
    endloop
  endfacet
  facet normal 0.896893 -0.442247 0
    outer loop
      vertex 3.22058 51.45 0.599999
      vertex 3.16851 51.3444 5
      vertex 3.16851 51.3444 0.599999
    endloop
  endfacet
  facet normal -0.0654083 -0.997859 0
    outer loop
      vertex 4 51.9 0.599999
      vertex 4.11747 51.8923 5
      vertex 4 51.9 5
    endloop
  endfacet
  facet normal -0.0654083 -0.997859 -0
    outer loop
      vertex 4.11747 51.8923 5
      vertex 4 51.9 0.599999
      vertex 4.11747 51.8923 0.599999
    endloop
  endfacet
  facet normal -0.99786 0.0653917 0
    outer loop
      vertex 4.8923 50.8825 0.599999
      vertex 4.9 51 5
      vertex 4.9 51 0.599999
    endloop
  endfacet
  facet normal -0.99786 0.0653917 0
    outer loop
      vertex 4.9 51 5
      vertex 4.8923 50.8825 0.599999
      vertex 4.8923 50.8825 5
    endloop
  endfacet
  facet normal 0.195348 -0.980734 0
    outer loop
      vertex 3.76706 51.8693 0.599999
      vertex 3.88253 51.8923 5
      vertex 3.76706 51.8693 5
    endloop
  endfacet
  facet normal 0.195348 -0.980734 0
    outer loop
      vertex 3.88253 51.8923 5
      vertex 3.76706 51.8693 0.599999
      vertex 3.88253 51.8923 0.599999
    endloop
  endfacet
  facet normal 0.555562 -0.831475 0
    outer loop
      vertex 3.45212 51.714 0.599999
      vertex 3.55 51.7794 5
      vertex 3.45212 51.714 5
    endloop
  endfacet
  facet normal 0.555562 -0.831475 0
    outer loop
      vertex 3.55 51.7794 5
      vertex 3.45212 51.714 0.599999
      vertex 3.55 51.7794 0.599999
    endloop
  endfacet
  facet normal 0.0654083 0.997859 -0
    outer loop
      vertex 4 50.1 0.599999
      vertex 3.88253 50.1077 5
      vertex 4 50.1 5
    endloop
  endfacet
  facet normal 0.0654083 0.997859 0
    outer loop
      vertex 3.88253 50.1077 5
      vertex 4 50.1 0.599999
      vertex 3.88253 50.1077 0.599999
    endloop
  endfacet
  facet normal -0.896893 0.442247 0
    outer loop
      vertex 4.77942 50.55 0.599999
      vertex 4.83149 50.6556 5
      vertex 4.83149 50.6556 0.599999
    endloop
  endfacet
  facet normal -0.896893 0.442247 0
    outer loop
      vertex 4.83149 50.6556 5
      vertex 4.77942 50.55 0.599999
      vertex 4.77942 50.55 5
    endloop
  endfacet
  facet normal 0.946954 -0.32137 0
    outer loop
      vertex 3.13067 51.2329 5
      vertex 3.16851 51.3444 0.599999
      vertex 3.16851 51.3444 5
    endloop
  endfacet
  facet normal 0.946954 -0.32137 0
    outer loop
      vertex 3.16851 51.3444 0.599999
      vertex 3.13067 51.2329 5
      vertex 3.13067 51.2329 0.599999
    endloop
  endfacet
  facet normal 0.946954 0.32137 0
    outer loop
      vertex 3.16851 50.6556 5
      vertex 3.13067 50.7671 0.599999
      vertex 3.13067 50.7671 5
    endloop
  endfacet
  facet normal 0.946954 0.32137 0
    outer loop
      vertex 3.13067 50.7671 0.599999
      vertex 3.16851 50.6556 5
      vertex 3.16851 50.6556 0.599999
    endloop
  endfacet
  facet normal 0 0 1
    outer loop
      vertex 4.8923 51.1175 0.599999
      vertex 4.8923 50.8825 0.599999
      vertex 4.9 51 0.599999
    endloop
  endfacet
  facet normal 0 0 1
    outer loop
      vertex 4.86933 51.2329 0.599999
      vertex 4.8923 50.8825 0.599999
      vertex 4.8923 51.1175 0.599999
    endloop
  endfacet
  facet normal 0 0 1
    outer loop
      vertex 4.86933 51.2329 0.599999
      vertex 4.86933 50.7671 0.599999
      vertex 4.8923 50.8825 0.599999
    endloop
  endfacet
  facet normal 0 0 1
    outer loop
      vertex 4.83149 51.3444 0.599999
      vertex 4.86933 50.7671 0.599999
      vertex 4.86933 51.2329 0.599999
    endloop
  endfacet
  facet normal 0 0 1
    outer loop
      vertex 4.83149 51.3444 0.599999
      vertex 4.83149 50.6556 0.599999
      vertex 4.86933 50.7671 0.599999
    endloop
  endfacet
  facet normal 0 0 1
    outer loop
      vertex 4.77942 51.45 0.599999
      vertex 4.83149 50.6556 0.599999
      vertex 4.83149 51.3444 0.599999
    endloop
  endfacet
  facet normal 0 0 1
    outer loop
      vertex 4.77942 51.45 0.599999
      vertex 4.77942 50.55 0.599999
      vertex 4.83149 50.6556 0.599999
    endloop
  endfacet
  facet normal 0 0 1
    outer loop
      vertex 4.71402 51.5479 0.599999
      vertex 4.77942 50.55 0.599999
      vertex 4.77942 51.45 0.599999
    endloop
  endfacet
  facet normal 0 0 1
    outer loop
      vertex 4.71402 51.5479 0.599999
      vertex 4.71402 50.4521 0.599999
      vertex 4.77942 50.55 0.599999
    endloop
  endfacet
  facet normal 0 0 1
    outer loop
      vertex 4.6364 51.6364 0.599999
      vertex 4.71402 50.4521 0.599999
      vertex 4.71402 51.5479 0.599999
    endloop
  endfacet
  facet normal 0 0 1
    outer loop
      vertex 4.6364 51.6364 0.599999
      vertex 4.6364 50.3636 0.599999
      vertex 4.71402 50.4521 0.599999
    endloop
  endfacet
  facet normal 0 0 1
    outer loop
      vertex 4.54788 51.714 0.599999
      vertex 4.6364 50.3636 0.599999
      vertex 4.6364 51.6364 0.599999
    endloop
  endfacet
  facet normal 0 0 1
    outer loop
      vertex 4.54788 51.714 0.599999
      vertex 4.54788 50.286 0.599999
      vertex 4.6364 50.3636 0.599999
    endloop
  endfacet
  facet normal 0 0 1
    outer loop
      vertex 4.45 51.7794 0.599999
      vertex 4.54788 50.286 0.599999
      vertex 4.54788 51.714 0.599999
    endloop
  endfacet
  facet normal 0 0 1
    outer loop
      vertex 4.45 51.7794 0.599999
      vertex 4.45 50.2206 0.599999
      vertex 4.54788 50.286 0.599999
    endloop
  endfacet
  facet normal 0 0 1
    outer loop
      vertex 4.34441 51.8315 0.599999
      vertex 4.45 50.2206 0.599999
      vertex 4.45 51.7794 0.599999
    endloop
  endfacet
  facet normal 0 0 1
    outer loop
      vertex 4.34441 51.8315 0.599999
      vertex 4.34441 50.1685 0.599999
      vertex 4.45 50.2206 0.599999
    endloop
  endfacet
  facet normal 0 0 1
    outer loop
      vertex 4.23294 51.8693 0.599999
      vertex 4.34441 50.1685 0.599999
      vertex 4.34441 51.8315 0.599999
    endloop
  endfacet
  facet normal 0 0 1
    outer loop
      vertex 4.23294 51.8693 0.599999
      vertex 4.23294 50.1307 0.599999
      vertex 4.34441 50.1685 0.599999
    endloop
  endfacet
  facet normal 0 0 1
    outer loop
      vertex 4.11747 51.8923 0.599999
      vertex 4.23294 50.1307 0.599999
      vertex 4.23294 51.8693 0.599999
    endloop
  endfacet
  facet normal 0 0 1
    outer loop
      vertex 4.11747 51.8923 0.599999
      vertex 4.11747 50.1077 0.599999
      vertex 4.23294 50.1307 0.599999
    endloop
  endfacet
  facet normal 0 0 1
    outer loop
      vertex 4 51.9 0.599999
      vertex 4.11747 50.1077 0.599999
      vertex 4.11747 51.8923 0.599999
    endloop
  endfacet
  facet normal 0 0 1
    outer loop
      vertex 4 51.9 0.599999
      vertex 4 50.1 0.599999
      vertex 4.11747 50.1077 0.599999
    endloop
  endfacet
  facet normal -0 0 1
    outer loop
      vertex 3.88253 51.8923 0.599999
      vertex 4 50.1 0.599999
      vertex 4 51.9 0.599999
    endloop
  endfacet
  facet normal 0 0 1
    outer loop
      vertex 3.88253 51.8923 0.599999
      vertex 3.88253 50.1077 0.599999
      vertex 4 50.1 0.599999
    endloop
  endfacet
  facet normal -0 0 1
    outer loop
      vertex 3.76706 51.8693 0.599999
      vertex 3.88253 50.1077 0.599999
      vertex 3.88253 51.8923 0.599999
    endloop
  endfacet
  facet normal 0 0 1
    outer loop
      vertex 3.76706 51.8693 0.599999
      vertex 3.76706 50.1307 0.599999
      vertex 3.88253 50.1077 0.599999
    endloop
  endfacet
  facet normal -0 0 1
    outer loop
      vertex 3.65559 51.8315 0.599999
      vertex 3.76706 50.1307 0.599999
      vertex 3.76706 51.8693 0.599999
    endloop
  endfacet
  facet normal 0 0 1
    outer loop
      vertex 3.65559 51.8315 0.599999
      vertex 3.65559 50.1685 0.599999
      vertex 3.76706 50.1307 0.599999
    endloop
  endfacet
  facet normal -0 0 1
    outer loop
      vertex 3.55 51.7794 0.599999
      vertex 3.65559 50.1685 0.599999
      vertex 3.65559 51.8315 0.599999
    endloop
  endfacet
  facet normal 0 0 1
    outer loop
      vertex 3.55 51.7794 0.599999
      vertex 3.55 50.2206 0.599999
      vertex 3.65559 50.1685 0.599999
    endloop
  endfacet
  facet normal -0 0 1
    outer loop
      vertex 3.45212 51.714 0.599999
      vertex 3.55 50.2206 0.599999
      vertex 3.55 51.7794 0.599999
    endloop
  endfacet
  facet normal 0 0 1
    outer loop
      vertex 3.45212 51.714 0.599999
      vertex 3.45212 50.286 0.599999
      vertex 3.55 50.2206 0.599999
    endloop
  endfacet
  facet normal -0 0 1
    outer loop
      vertex 3.3636 51.6364 0.599999
      vertex 3.45212 50.286 0.599999
      vertex 3.45212 51.714 0.599999
    endloop
  endfacet
  facet normal 0 0 1
    outer loop
      vertex 3.3636 51.6364 0.599999
      vertex 3.3636 50.3636 0.599999
      vertex 3.45212 50.286 0.599999
    endloop
  endfacet
  facet normal -0 0 1
    outer loop
      vertex 3.28598 51.5479 0.599999
      vertex 3.3636 50.3636 0.599999
      vertex 3.3636 51.6364 0.599999
    endloop
  endfacet
  facet normal 0 0 1
    outer loop
      vertex 3.28598 51.5479 0.599999
      vertex 3.28598 50.4521 0.599999
      vertex 3.3636 50.3636 0.599999
    endloop
  endfacet
  facet normal -0 0 1
    outer loop
      vertex 3.22058 51.45 0.599999
      vertex 3.28598 50.4521 0.599999
      vertex 3.28598 51.5479 0.599999
    endloop
  endfacet
  facet normal 0 0 1
    outer loop
      vertex 3.22058 51.45 0.599999
      vertex 3.22058 50.55 0.599999
      vertex 3.28598 50.4521 0.599999
    endloop
  endfacet
  facet normal -0 0 1
    outer loop
      vertex 3.16851 51.3444 0.599999
      vertex 3.22058 50.55 0.599999
      vertex 3.22058 51.45 0.599999
    endloop
  endfacet
  facet normal 0 0 1
    outer loop
      vertex 3.16851 51.3444 0.599999
      vertex 3.16851 50.6556 0.599999
      vertex 3.22058 50.55 0.599999
    endloop
  endfacet
  facet normal -0 0 1
    outer loop
      vertex 3.13067 51.2329 0.599999
      vertex 3.16851 50.6556 0.599999
      vertex 3.16851 51.3444 0.599999
    endloop
  endfacet
  facet normal 0 0 1
    outer loop
      vertex 3.13067 51.2329 0.599999
      vertex 3.13067 50.7671 0.599999
      vertex 3.16851 50.6556 0.599999
    endloop
  endfacet
  facet normal -0 0 1
    outer loop
      vertex 3.1077 51.1175 0.599999
      vertex 3.13067 50.7671 0.599999
      vertex 3.13067 51.2329 0.599999
    endloop
  endfacet
  facet normal 0 0 1
    outer loop
      vertex 3.1077 51.1175 0.599999
      vertex 3.1077 50.8825 0.599999
      vertex 3.13067 50.7671 0.599999
    endloop
  endfacet
  facet normal 0 -0 1
    outer loop
      vertex 3.1077 50.8825 0.599999
      vertex 3.1077 51.1175 0.599999
      vertex 3.1 51 0.599999
    endloop
  endfacet
  facet normal 0.831527 -0.555484 0
    outer loop
      vertex 3.22058 51.45 5
      vertex 3.28598 51.5479 0.599999
      vertex 3.28598 51.5479 5
    endloop
  endfacet
  facet normal 0.831527 -0.555484 0
    outer loop
      vertex 3.28598 51.5479 0.599999
      vertex 3.22058 51.45 5
      vertex 3.22058 51.45 0.599999
    endloop
  endfacet
  facet normal -0.442485 0.896776 0
    outer loop
      vertex 4.45 50.2206 0.599999
      vertex 4.34441 50.1685 5
      vertex 4.45 50.2206 5
    endloop
  endfacet
  facet normal -0.442485 0.896776 0
    outer loop
      vertex 4.34441 50.1685 5
      vertex 4.45 50.2206 0.599999
      vertex 4.34441 50.1685 0.599999
    endloop
  endfacet
  facet normal -0.321143 0.947031 0
    outer loop
      vertex 4.34441 50.1685 0.599999
      vertex 4.23294 50.1307 5
      vertex 4.34441 50.1685 5
    endloop
  endfacet
  facet normal -0.321143 0.947031 0
    outer loop
      vertex 4.23294 50.1307 5
      vertex 4.34441 50.1685 0.599999
      vertex 4.23294 50.1307 0.599999
    endloop
  endfacet
  facet normal -0.659202 0.751966 0
    outer loop
      vertex 4.6364 50.3636 0.599999
      vertex 4.54788 50.286 5
      vertex 4.6364 50.3636 5
    endloop
  endfacet
  facet normal -0.659202 0.751966 0
    outer loop
      vertex 4.54788 50.286 5
      vertex 4.6364 50.3636 0.599999
      vertex 4.54788 50.286 0.599999
    endloop
  endfacet
  facet normal 0.896893 0.442247 0
    outer loop
      vertex 3.22058 50.55 5
      vertex 3.16851 50.6556 0.599999
      vertex 3.16851 50.6556 5
    endloop
  endfacet
  facet normal 0.896893 0.442247 0
    outer loop
      vertex 3.16851 50.6556 0.599999
      vertex 3.22058 50.55 5
      vertex 3.22058 50.55 0.599999
    endloop
  endfacet
  facet normal -0.195348 -0.980734 0
    outer loop
      vertex 4.11747 51.8923 0.599999
      vertex 4.23294 51.8693 5
      vertex 4.11747 51.8923 5
    endloop
  endfacet
  facet normal -0.195348 -0.980734 -0
    outer loop
      vertex 4.23294 51.8693 5
      vertex 4.11747 51.8923 0.599999
      vertex 4.23294 51.8693 0.599999
    endloop
  endfacet
  facet normal 0.442485 0.896776 -0
    outer loop
      vertex 3.65559 50.1685 0.599999
      vertex 3.55 50.2206 5
      vertex 3.65559 50.1685 5
    endloop
  endfacet
  facet normal 0.442485 0.896776 0
    outer loop
      vertex 3.55 50.2206 5
      vertex 3.65559 50.1685 0.599999
      vertex 3.55 50.2206 0.599999
    endloop
  endfacet
  facet normal 0.831527 0.555484 0
    outer loop
      vertex 3.28598 50.4521 5
      vertex 3.22058 50.55 0.599999
      vertex 3.22058 50.55 5
    endloop
  endfacet
  facet normal 0.831527 0.555484 0
    outer loop
      vertex 3.22058 50.55 0.599999
      vertex 3.28598 50.4521 5
      vertex 3.28598 50.4521 0.599999
    endloop
  endfacet
  facet normal -0.32136 0.946957 0
    outer loop
      vertex 89.353 53.4148 0
      vertex 89.0433 53.3097 5
      vertex 89.353 53.4148 5
    endloop
  endfacet
  facet normal -0.32136 0.946957 0
    outer loop
      vertex 89.0433 53.3097 5
      vertex 89.353 53.4148 0
      vertex 89.0433 53.3097 0
    endloop
  endfacet
  facet normal 0.98078 0.195116 0
    outer loop
      vertex 92.4786 51.3263 5
      vertex 92.4148 51.647 0
      vertex 92.4148 51.647 5
    endloop
  endfacet
  facet normal 0.98078 0.195116 0
    outer loop
      vertex 92.4148 51.647 0
      vertex 92.4786 51.3263 5
      vertex 92.4786 51.3263 0
    endloop
  endfacet
  facet normal 0.997856 0.0654432 0
    outer loop
      vertex 92.5 51 5
      vertex 92.4786 51.3263 0
      vertex 92.4786 51.3263 5
    endloop
  endfacet
  facet normal 0.997856 0.0654432 0
    outer loop
      vertex 92.4786 51.3263 0
      vertex 92.5 51 5
      vertex 92.5 51 0
    endloop
  endfacet
  facet normal -0.98078 0.195116 0
    outer loop
      vertex 87.5214 51.3263 0
      vertex 87.5852 51.647 5
      vertex 87.5852 51.647 0
    endloop
  endfacet
  facet normal -0.98078 0.195116 0
    outer loop
      vertex 87.5852 51.647 5
      vertex 87.5214 51.3263 0
      vertex 87.5214 51.3263 5
    endloop
  endfacet
  facet normal 0.0654432 0.997856 -0
    outer loop
      vertex 90.3263 53.4786 0
      vertex 90 53.5 5
      vertex 90.3263 53.4786 5
    endloop
  endfacet
  facet normal 0.0654432 0.997856 0
    outer loop
      vertex 90 53.5 5
      vertex 90.3263 53.4786 0
      vertex 90 53.5 0
    endloop
  endfacet
  facet normal -0.896921 0.442191 0
    outer loop
      vertex 87.6903 51.9567 0
      vertex 87.8349 52.25 5
      vertex 87.8349 52.25 0
    endloop
  endfacet
  facet normal -0.896921 0.442191 0
    outer loop
      vertex 87.8349 52.25 5
      vertex 87.6903 51.9567 0
      vertex 87.6903 51.9567 5
    endloop
  endfacet
  facet normal 0.831438 0.555617 0
    outer loop
      vertex 92.1651 52.25 5
      vertex 91.9834 52.5219 0
      vertex 91.9834 52.5219 5
    endloop
  endfacet
  facet normal 0.831438 0.555617 0
    outer loop
      vertex 91.9834 52.5219 0
      vertex 92.1651 52.25 5
      vertex 92.1651 52.25 0
    endloop
  endfacet
  facet normal 0.659262 0.751913 -0
    outer loop
      vertex 91.7678 52.7678 0
      vertex 91.5219 52.9834 5
      vertex 91.7678 52.7678 5
    endloop
  endfacet
  facet normal 0.659262 0.751913 0
    outer loop
      vertex 91.5219 52.9834 5
      vertex 91.7678 52.7678 0
      vertex 91.5219 52.9834 0
    endloop
  endfacet
  facet normal -0.442191 -0.896921 0
    outer loop
      vertex 88.75 48.8349 0
      vertex 89.0433 48.6903 5
      vertex 88.75 48.8349 5
    endloop
  endfacet
  facet normal -0.442191 -0.896921 -0
    outer loop
      vertex 89.0433 48.6903 5
      vertex 88.75 48.8349 0
      vertex 89.0433 48.6903 0
    endloop
  endfacet
  facet normal 0.997856 -0.0654432 0
    outer loop
      vertex 92.4786 50.6737 5
      vertex 92.5 51 0
      vertex 92.5 51 5
    endloop
  endfacet
  facet normal 0.997856 -0.0654432 0
    outer loop
      vertex 92.5 51 0
      vertex 92.4786 50.6737 5
      vertex 92.4786 50.6737 0
    endloop
  endfacet
  facet normal 0.751913 0.659262 0
    outer loop
      vertex 91.9834 52.5219 5
      vertex 91.7678 52.7678 0
      vertex 91.7678 52.7678 5
    endloop
  endfacet
  facet normal 0.751913 0.659262 0
    outer loop
      vertex 91.7678 52.7678 0
      vertex 91.9834 52.5219 5
      vertex 91.9834 52.5219 0
    endloop
  endfacet
  facet normal 0.32136 0.946957 -0
    outer loop
      vertex 90.9567 53.3097 0
      vertex 90.647 53.4148 5
      vertex 90.9567 53.3097 5
    endloop
  endfacet
  facet normal 0.32136 0.946957 0
    outer loop
      vertex 90.647 53.4148 5
      vertex 90.9567 53.3097 0
      vertex 90.647 53.4148 0
    endloop
  endfacet
  facet normal -0.555617 -0.831438 0
    outer loop
      vertex 88.4781 49.0166 0
      vertex 88.75 48.8349 5
      vertex 88.4781 49.0166 5
    endloop
  endfacet
  facet normal -0.555617 -0.831438 -0
    outer loop
      vertex 88.75 48.8349 5
      vertex 88.4781 49.0166 0
      vertex 88.75 48.8349 0
    endloop
  endfacet
  facet normal -0.831438 -0.555617 0
    outer loop
      vertex 88.0166 49.4781 0
      vertex 87.8349 49.75 5
      vertex 87.8349 49.75 0
    endloop
  endfacet
  facet normal -0.831438 -0.555617 0
    outer loop
      vertex 87.8349 49.75 5
      vertex 88.0166 49.4781 0
      vertex 88.0166 49.4781 5
    endloop
  endfacet
  facet normal 0.946957 0.32136 0
    outer loop
      vertex 92.4148 51.647 5
      vertex 92.3097 51.9567 0
      vertex 92.3097 51.9567 5
    endloop
  endfacet
  facet normal 0.946957 0.32136 0
    outer loop
      vertex 92.3097 51.9567 0
      vertex 92.4148 51.647 5
      vertex 92.4148 51.647 0
    endloop
  endfacet
  facet normal 0.0654432 -0.997856 0
    outer loop
      vertex 90 48.5 0
      vertex 90.3263 48.5214 5
      vertex 90 48.5 5
    endloop
  endfacet
  facet normal 0.0654432 -0.997856 0
    outer loop
      vertex 90.3263 48.5214 5
      vertex 90 48.5 0
      vertex 90.3263 48.5214 0
    endloop
  endfacet
  facet normal 0.32136 -0.946957 0
    outer loop
      vertex 90.647 48.5852 0
      vertex 90.9567 48.6903 5
      vertex 90.647 48.5852 5
    endloop
  endfacet
  facet normal 0.32136 -0.946957 0
    outer loop
      vertex 90.9567 48.6903 5
      vertex 90.647 48.5852 0
      vertex 90.9567 48.6903 0
    endloop
  endfacet
  facet normal -0.0654432 -0.997856 0
    outer loop
      vertex 89.6737 48.5214 0
      vertex 90 48.5 5
      vertex 89.6737 48.5214 5
    endloop
  endfacet
  facet normal -0.0654432 -0.997856 -0
    outer loop
      vertex 90 48.5 5
      vertex 89.6737 48.5214 0
      vertex 90 48.5 0
    endloop
  endfacet
  facet normal 0.442191 -0.896921 0
    outer loop
      vertex 90.9567 48.6903 0
      vertex 91.25 48.8349 5
      vertex 90.9567 48.6903 5
    endloop
  endfacet
  facet normal 0.442191 -0.896921 0
    outer loop
      vertex 91.25 48.8349 5
      vertex 90.9567 48.6903 0
      vertex 91.25 48.8349 0
    endloop
  endfacet
  facet normal -0.751913 0.659262 0
    outer loop
      vertex 88.0166 52.5219 0
      vertex 88.2322 52.7678 5
      vertex 88.2322 52.7678 0
    endloop
  endfacet
  facet normal -0.751913 0.659262 0
    outer loop
      vertex 88.2322 52.7678 5
      vertex 88.0166 52.5219 0
      vertex 88.0166 52.5219 5
    endloop
  endfacet
  facet normal 0.442191 0.896921 -0
    outer loop
      vertex 91.25 53.1651 0
      vertex 90.9567 53.3097 5
      vertex 91.25 53.1651 5
    endloop
  endfacet
  facet normal 0.442191 0.896921 0
    outer loop
      vertex 90.9567 53.3097 5
      vertex 91.25 53.1651 0
      vertex 90.9567 53.3097 0
    endloop
  endfacet
  facet normal -0.442191 0.896921 0
    outer loop
      vertex 89.0433 53.3097 0
      vertex 88.75 53.1651 5
      vertex 89.0433 53.3097 5
    endloop
  endfacet
  facet normal -0.442191 0.896921 0
    outer loop
      vertex 88.75 53.1651 5
      vertex 89.0433 53.3097 0
      vertex 88.75 53.1651 0
    endloop
  endfacet
  facet normal 0.751913 -0.659262 0
    outer loop
      vertex 91.7678 49.2322 5
      vertex 91.9834 49.4781 0
      vertex 91.9834 49.4781 5
    endloop
  endfacet
  facet normal 0.751913 -0.659262 0
    outer loop
      vertex 91.9834 49.4781 0
      vertex 91.7678 49.2322 5
      vertex 91.7678 49.2322 0
    endloop
  endfacet
  facet normal -0.195116 -0.98078 0
    outer loop
      vertex 89.353 48.5852 0
      vertex 89.6737 48.5214 5
      vertex 89.353 48.5852 5
    endloop
  endfacet
  facet normal -0.195116 -0.98078 -0
    outer loop
      vertex 89.6737 48.5214 5
      vertex 89.353 48.5852 0
      vertex 89.6737 48.5214 0
    endloop
  endfacet
  facet normal 0.831438 -0.555617 0
    outer loop
      vertex 91.9834 49.4781 5
      vertex 92.1651 49.75 0
      vertex 92.1651 49.75 5
    endloop
  endfacet
  facet normal 0.831438 -0.555617 0
    outer loop
      vertex 92.1651 49.75 0
      vertex 91.9834 49.4781 5
      vertex 91.9834 49.4781 0
    endloop
  endfacet
  facet normal -0.659262 -0.751913 0
    outer loop
      vertex 88.2322 49.2322 0
      vertex 88.4781 49.0166 5
      vertex 88.2322 49.2322 5
    endloop
  endfacet
  facet normal -0.659262 -0.751913 -0
    outer loop
      vertex 88.4781 49.0166 5
      vertex 88.2322 49.2322 0
      vertex 88.4781 49.0166 0
    endloop
  endfacet
  facet normal 0.195116 -0.98078 0
    outer loop
      vertex 90.3263 48.5214 0
      vertex 90.647 48.5852 5
      vertex 90.3263 48.5214 5
    endloop
  endfacet
  facet normal 0.195116 -0.98078 0
    outer loop
      vertex 90.647 48.5852 5
      vertex 90.3263 48.5214 0
      vertex 90.647 48.5852 0
    endloop
  endfacet
  facet normal 0.896921 -0.442191 0
    outer loop
      vertex 92.1651 49.75 5
      vertex 92.3097 50.0433 0
      vertex 92.3097 50.0433 5
    endloop
  endfacet
  facet normal 0.896921 -0.442191 0
    outer loop
      vertex 92.3097 50.0433 0
      vertex 92.1651 49.75 5
      vertex 92.1651 49.75 0
    endloop
  endfacet
  facet normal -0.98078 -0.195116 0
    outer loop
      vertex 87.5852 50.353 0
      vertex 87.5214 50.6737 5
      vertex 87.5214 50.6737 0
    endloop
  endfacet
  facet normal -0.98078 -0.195116 0
    outer loop
      vertex 87.5214 50.6737 5
      vertex 87.5852 50.353 0
      vertex 87.5852 50.353 5
    endloop
  endfacet
  facet normal 0.946957 -0.32136 0
    outer loop
      vertex 92.3097 50.0433 5
      vertex 92.4148 50.353 0
      vertex 92.4148 50.353 5
    endloop
  endfacet
  facet normal 0.946957 -0.32136 0
    outer loop
      vertex 92.4148 50.353 0
      vertex 92.3097 50.0433 5
      vertex 92.3097 50.0433 0
    endloop
  endfacet
  facet normal -0.946957 0.32136 0
    outer loop
      vertex 87.5852 51.647 0
      vertex 87.6903 51.9567 5
      vertex 87.6903 51.9567 0
    endloop
  endfacet
  facet normal -0.946957 0.32136 0
    outer loop
      vertex 87.6903 51.9567 5
      vertex 87.5852 51.647 0
      vertex 87.5852 51.647 5
    endloop
  endfacet
  facet normal -0.0654432 0.997856 0
    outer loop
      vertex 90 53.5 0
      vertex 89.6737 53.4786 5
      vertex 90 53.5 5
    endloop
  endfacet
  facet normal -0.0654432 0.997856 0
    outer loop
      vertex 89.6737 53.4786 5
      vertex 90 53.5 0
      vertex 89.6737 53.4786 0
    endloop
  endfacet
  facet normal -0.896921 -0.442191 0
    outer loop
      vertex 87.8349 49.75 0
      vertex 87.6903 50.0433 5
      vertex 87.6903 50.0433 0
    endloop
  endfacet
  facet normal -0.896921 -0.442191 0
    outer loop
      vertex 87.6903 50.0433 5
      vertex 87.8349 49.75 0
      vertex 87.8349 49.75 5
    endloop
  endfacet
  facet normal 0.555617 0.831438 -0
    outer loop
      vertex 91.5219 52.9834 0
      vertex 91.25 53.1651 5
      vertex 91.5219 52.9834 5
    endloop
  endfacet
  facet normal 0.555617 0.831438 0
    outer loop
      vertex 91.25 53.1651 5
      vertex 91.5219 52.9834 0
      vertex 91.25 53.1651 0
    endloop
  endfacet
  facet normal -0.659262 0.751913 0
    outer loop
      vertex 88.4781 52.9834 0
      vertex 88.2322 52.7678 5
      vertex 88.4781 52.9834 5
    endloop
  endfacet
  facet normal -0.659262 0.751913 0
    outer loop
      vertex 88.2322 52.7678 5
      vertex 88.4781 52.9834 0
      vertex 88.2322 52.7678 0
    endloop
  endfacet
  facet normal -0.555617 0.831438 0
    outer loop
      vertex 88.75 53.1651 0
      vertex 88.4781 52.9834 5
      vertex 88.75 53.1651 5
    endloop
  endfacet
  facet normal -0.555617 0.831438 0
    outer loop
      vertex 88.4781 52.9834 5
      vertex 88.75 53.1651 0
      vertex 88.4781 52.9834 0
    endloop
  endfacet
  facet normal 0.195116 0.98078 -0
    outer loop
      vertex 90.647 53.4148 0
      vertex 90.3263 53.4786 5
      vertex 90.647 53.4148 5
    endloop
  endfacet
  facet normal 0.195116 0.98078 0
    outer loop
      vertex 90.3263 53.4786 5
      vertex 90.647 53.4148 0
      vertex 90.3263 53.4786 0
    endloop
  endfacet
  facet normal 0.98078 -0.195116 0
    outer loop
      vertex 92.4148 50.353 5
      vertex 92.4786 50.6737 0
      vertex 92.4786 50.6737 5
    endloop
  endfacet
  facet normal 0.98078 -0.195116 0
    outer loop
      vertex 92.4786 50.6737 0
      vertex 92.4148 50.353 5
      vertex 92.4148 50.353 0
    endloop
  endfacet
  facet normal 0.659262 -0.751913 0
    outer loop
      vertex 91.5219 49.0166 0
      vertex 91.7678 49.2322 5
      vertex 91.5219 49.0166 5
    endloop
  endfacet
  facet normal 0.659262 -0.751913 0
    outer loop
      vertex 91.7678 49.2322 5
      vertex 91.5219 49.0166 0
      vertex 91.7678 49.2322 0
    endloop
  endfacet
  facet normal -0.997856 -0.0654432 0
    outer loop
      vertex 87.5214 50.6737 0
      vertex 87.5 51 5
      vertex 87.5 51 0
    endloop
  endfacet
  facet normal -0.997856 -0.0654432 0
    outer loop
      vertex 87.5 51 5
      vertex 87.5214 50.6737 0
      vertex 87.5214 50.6737 5
    endloop
  endfacet
  facet normal 0.896921 0.442191 0
    outer loop
      vertex 92.3097 51.9567 5
      vertex 92.1651 52.25 0
      vertex 92.1651 52.25 5
    endloop
  endfacet
  facet normal 0.896921 0.442191 0
    outer loop
      vertex 92.1651 52.25 0
      vertex 92.3097 51.9567 5
      vertex 92.3097 51.9567 0
    endloop
  endfacet
  facet normal 0.555617 -0.831438 0
    outer loop
      vertex 91.25 48.8349 0
      vertex 91.5219 49.0166 5
      vertex 91.25 48.8349 5
    endloop
  endfacet
  facet normal 0.555617 -0.831438 0
    outer loop
      vertex 91.5219 49.0166 5
      vertex 91.25 48.8349 0
      vertex 91.5219 49.0166 0
    endloop
  endfacet
  facet normal -0.195116 0.98078 0
    outer loop
      vertex 89.6737 53.4786 0
      vertex 89.353 53.4148 5
      vertex 89.6737 53.4786 5
    endloop
  endfacet
  facet normal -0.195116 0.98078 0
    outer loop
      vertex 89.353 53.4148 5
      vertex 89.6737 53.4786 0
      vertex 89.353 53.4148 0
    endloop
  endfacet
  facet normal -0.997856 0.0654432 0
    outer loop
      vertex 87.5 51 0
      vertex 87.5214 51.3263 5
      vertex 87.5214 51.3263 0
    endloop
  endfacet
  facet normal -0.997856 0.0654432 0
    outer loop
      vertex 87.5214 51.3263 5
      vertex 87.5 51 0
      vertex 87.5 51 5
    endloop
  endfacet
  facet normal -0.32136 -0.946957 0
    outer loop
      vertex 89.0433 48.6903 0
      vertex 89.353 48.5852 5
      vertex 89.0433 48.6903 5
    endloop
  endfacet
  facet normal -0.32136 -0.946957 -0
    outer loop
      vertex 89.353 48.5852 5
      vertex 89.0433 48.6903 0
      vertex 89.353 48.5852 0
    endloop
  endfacet
  facet normal -0.946957 -0.32136 0
    outer loop
      vertex 87.6903 50.0433 0
      vertex 87.5852 50.353 5
      vertex 87.5852 50.353 0
    endloop
  endfacet
  facet normal -0.946957 -0.32136 0
    outer loop
      vertex 87.5852 50.353 5
      vertex 87.6903 50.0433 0
      vertex 87.6903 50.0433 5
    endloop
  endfacet
  facet normal -0.751913 -0.659262 0
    outer loop
      vertex 88.2322 49.2322 0
      vertex 88.0166 49.4781 5
      vertex 88.0166 49.4781 0
    endloop
  endfacet
  facet normal -0.751913 -0.659262 0
    outer loop
      vertex 88.0166 49.4781 5
      vertex 88.2322 49.2322 0
      vertex 88.2322 49.2322 5
    endloop
  endfacet
  facet normal 0 0 1
    outer loop
      vertex 90.9 51 5
      vertex 92.5 51 5
      vertex 92.4786 51.3263 5
    endloop
  endfacet
  facet normal 0 0 1
    outer loop
      vertex 90.8923 51.1175 5
      vertex 92.4786 51.3263 5
      vertex 92.4148 51.647 5
    endloop
  endfacet
  facet normal 0 0 1
    outer loop
      vertex 92.5 51 5
      vertex 90.9 51 5
      vertex 92.4786 50.6737 5
    endloop
  endfacet
  facet normal 0 0 1
    outer loop
      vertex 90.8693 51.2329 5
      vertex 92.4148 51.647 5
      vertex 92.3097 51.9567 5
    endloop
  endfacet
  facet normal -0 0 1
    outer loop
      vertex 90.8923 50.8825 5
      vertex 92.4786 50.6737 5
      vertex 90.9 51 5
    endloop
  endfacet
  facet normal 0 0 1
    outer loop
      vertex 90.8315 51.3444 5
      vertex 92.3097 51.9567 5
      vertex 92.1651 52.25 5
    endloop
  endfacet
  facet normal 0 0 1
    outer loop
      vertex 92.4786 50.6737 5
      vertex 90.8923 50.8825 5
      vertex 92.4148 50.353 5
    endloop
  endfacet
  facet normal 0 0 1
    outer loop
      vertex 90.7794 51.45 5
      vertex 92.1651 52.25 5
      vertex 91.9834 52.5219 5
    endloop
  endfacet
  facet normal -0 0 1
    outer loop
      vertex 90.8693 50.7671 5
      vertex 92.4148 50.353 5
      vertex 90.8923 50.8825 5
    endloop
  endfacet
  facet normal 0 0 1
    outer loop
      vertex 90.714 51.5479 5
      vertex 91.9834 52.5219 5
      vertex 91.7678 52.7678 5
    endloop
  endfacet
  facet normal 0 0 1
    outer loop
      vertex 92.4148 50.353 5
      vertex 90.8693 50.7671 5
      vertex 92.3097 50.0433 5
    endloop
  endfacet
  facet normal 0 0 1
    outer loop
      vertex 90.6364 51.6364 5
      vertex 91.7678 52.7678 5
      vertex 91.5219 52.9834 5
    endloop
  endfacet
  facet normal -0 0 1
    outer loop
      vertex 90.8315 50.6556 5
      vertex 92.3097 50.0433 5
      vertex 90.8693 50.7671 5
    endloop
  endfacet
  facet normal 0 0 1
    outer loop
      vertex 90.5479 51.714 5
      vertex 91.5219 52.9834 5
      vertex 91.25 53.1651 5
    endloop
  endfacet
  facet normal 0 0 1
    outer loop
      vertex 92.3097 50.0433 5
      vertex 90.8315 50.6556 5
      vertex 92.1651 49.75 5
    endloop
  endfacet
  facet normal 0 0 1
    outer loop
      vertex 90.45 51.7794 5
      vertex 91.25 53.1651 5
      vertex 90.9567 53.3097 5
    endloop
  endfacet
  facet normal -0 0 1
    outer loop
      vertex 90.7794 50.55 5
      vertex 92.1651 49.75 5
      vertex 90.8315 50.6556 5
    endloop
  endfacet
  facet normal 0 0 1
    outer loop
      vertex 92.1651 49.75 5
      vertex 90.7794 50.55 5
      vertex 91.9834 49.4781 5
    endloop
  endfacet
  facet normal 0 0 1
    outer loop
      vertex 92.4786 51.3263 5
      vertex 90.8923 51.1175 5
      vertex 90.9 51 5
    endloop
  endfacet
  facet normal 0 0 1
    outer loop
      vertex 92.4148 51.647 5
      vertex 90.8693 51.2329 5
      vertex 90.8923 51.1175 5
    endloop
  endfacet
  facet normal 0 0 1
    outer loop
      vertex 92.3097 51.9567 5
      vertex 90.8315 51.3444 5
      vertex 90.8693 51.2329 5
    endloop
  endfacet
  facet normal 0 0 1
    outer loop
      vertex 92.1651 52.25 5
      vertex 90.7794 51.45 5
      vertex 90.8315 51.3444 5
    endloop
  endfacet
  facet normal 0 0 1
    outer loop
      vertex 91.9834 52.5219 5
      vertex 90.714 51.5479 5
      vertex 90.7794 51.45 5
    endloop
  endfacet
  facet normal 0 0 1
    outer loop
      vertex 90.3444 51.8315 5
      vertex 90.9567 53.3097 5
      vertex 90.647 53.4148 5
    endloop
  endfacet
  facet normal 0 0 1
    outer loop
      vertex 91.7678 52.7678 5
      vertex 90.6364 51.6364 5
      vertex 90.714 51.5479 5
    endloop
  endfacet
  facet normal 0 0 1
    outer loop
      vertex 91.5219 52.9834 5
      vertex 90.5479 51.714 5
      vertex 90.6364 51.6364 5
    endloop
  endfacet
  facet normal 0 0 1
    outer loop
      vertex 91.25 53.1651 5
      vertex 90.45 51.7794 5
      vertex 90.5479 51.714 5
    endloop
  endfacet
  facet normal 0 0 1
    outer loop
      vertex 90.9567 53.3097 5
      vertex 90.3444 51.8315 5
      vertex 90.45 51.7794 5
    endloop
  endfacet
  facet normal 0 0 1
    outer loop
      vertex 90.2329 51.8693 5
      vertex 90.647 53.4148 5
      vertex 90.3263 53.4786 5
    endloop
  endfacet
  facet normal 0 0 1
    outer loop
      vertex 90.647 53.4148 5
      vertex 90.2329 51.8693 5
      vertex 90.3444 51.8315 5
    endloop
  endfacet
  facet normal 0 0 1
    outer loop
      vertex 90.3263 53.4786 5
      vertex 90.1175 51.8923 5
      vertex 90.2329 51.8693 5
    endloop
  endfacet
  facet normal 0 0 1
    outer loop
      vertex 90 53.5 5
      vertex 90.1175 51.8923 5
      vertex 90.3263 53.4786 5
    endloop
  endfacet
  facet normal 0 0 1
    outer loop
      vertex 90 53.5 5
      vertex 90 51.9 5
      vertex 90.1175 51.8923 5
    endloop
  endfacet
  facet normal 0 0 1
    outer loop
      vertex 90 53.5 5
      vertex 89.8825 51.8923 5
      vertex 90 51.9 5
    endloop
  endfacet
  facet normal -0 0 1
    outer loop
      vertex 89.6737 53.4786 5
      vertex 89.8825 51.8923 5
      vertex 90 53.5 5
    endloop
  endfacet
  facet normal 0 0 1
    outer loop
      vertex 89.8825 51.8923 5
      vertex 89.6737 53.4786 5
      vertex 89.7671 51.8693 5
    endloop
  endfacet
  facet normal -0 0 1
    outer loop
      vertex 89.353 53.4148 5
      vertex 89.7671 51.8693 5
      vertex 89.6737 53.4786 5
    endloop
  endfacet
  facet normal 0 0 1
    outer loop
      vertex 89.7671 51.8693 5
      vertex 89.353 53.4148 5
      vertex 89.6556 51.8315 5
    endloop
  endfacet
  facet normal -0 0 1
    outer loop
      vertex 89.0433 53.3097 5
      vertex 89.6556 51.8315 5
      vertex 89.353 53.4148 5
    endloop
  endfacet
  facet normal 0 0 1
    outer loop
      vertex 89.6556 51.8315 5
      vertex 89.0433 53.3097 5
      vertex 89.55 51.7794 5
    endloop
  endfacet
  facet normal -0 0 1
    outer loop
      vertex 88.75 53.1651 5
      vertex 89.55 51.7794 5
      vertex 89.0433 53.3097 5
    endloop
  endfacet
  facet normal 0 0 1
    outer loop
      vertex 89.55 51.7794 5
      vertex 88.75 53.1651 5
      vertex 89.4521 51.714 5
    endloop
  endfacet
  facet normal -0 0 1
    outer loop
      vertex 88.4781 52.9834 5
      vertex 89.4521 51.714 5
      vertex 88.75 53.1651 5
    endloop
  endfacet
  facet normal 0 0 1
    outer loop
      vertex 89.4521 51.714 5
      vertex 88.4781 52.9834 5
      vertex 89.3636 51.6364 5
    endloop
  endfacet
  facet normal -0 0 1
    outer loop
      vertex 88.2322 52.7678 5
      vertex 89.3636 51.6364 5
      vertex 88.4781 52.9834 5
    endloop
  endfacet
  facet normal 0 0 1
    outer loop
      vertex 89.3636 51.6364 5
      vertex 88.2322 52.7678 5
      vertex 89.286 51.5479 5
    endloop
  endfacet
  facet normal 0 0 1
    outer loop
      vertex 89.286 51.5479 5
      vertex 88.0166 52.5219 5
      vertex 89.2206 51.45 5
    endloop
  endfacet
  facet normal -0 0 1
    outer loop
      vertex 88.0166 52.5219 5
      vertex 89.286 51.5479 5
      vertex 88.2322 52.7678 5
    endloop
  endfacet
  facet normal -0 0 1
    outer loop
      vertex 90.714 50.4521 5
      vertex 91.9834 49.4781 5
      vertex 90.7794 50.55 5
    endloop
  endfacet
  facet normal 0 0 1
    outer loop
      vertex 91.9834 49.4781 5
      vertex 90.714 50.4521 5
      vertex 91.7678 49.2322 5
    endloop
  endfacet
  facet normal -0 0 1
    outer loop
      vertex 90.6364 50.3636 5
      vertex 91.7678 49.2322 5
      vertex 90.714 50.4521 5
    endloop
  endfacet
  facet normal 0 0 1
    outer loop
      vertex 91.7678 49.2322 5
      vertex 90.6364 50.3636 5
      vertex 91.5219 49.0166 5
    endloop
  endfacet
  facet normal -0 0 1
    outer loop
      vertex 90.5479 50.286 5
      vertex 91.5219 49.0166 5
      vertex 90.6364 50.3636 5
    endloop
  endfacet
  facet normal 0 0 1
    outer loop
      vertex 91.5219 49.0166 5
      vertex 90.5479 50.286 5
      vertex 91.25 48.8349 5
    endloop
  endfacet
  facet normal -0 0 1
    outer loop
      vertex 90.45 50.2206 5
      vertex 91.25 48.8349 5
      vertex 90.5479 50.286 5
    endloop
  endfacet
  facet normal 0 0 1
    outer loop
      vertex 91.25 48.8349 5
      vertex 90.45 50.2206 5
      vertex 90.9567 48.6903 5
    endloop
  endfacet
  facet normal -0 0 1
    outer loop
      vertex 90.3444 50.1685 5
      vertex 90.9567 48.6903 5
      vertex 90.45 50.2206 5
    endloop
  endfacet
  facet normal 0 0 1
    outer loop
      vertex 90.9567 48.6903 5
      vertex 90.3444 50.1685 5
      vertex 90.647 48.5852 5
    endloop
  endfacet
  facet normal -0 0 1
    outer loop
      vertex 90.2329 50.1307 5
      vertex 90.647 48.5852 5
      vertex 90.3444 50.1685 5
    endloop
  endfacet
  facet normal 0 0 1
    outer loop
      vertex 90.647 48.5852 5
      vertex 90.2329 50.1307 5
      vertex 90.3263 48.5214 5
    endloop
  endfacet
  facet normal -0 0 1
    outer loop
      vertex 90.1175 50.1077 5
      vertex 90.3263 48.5214 5
      vertex 90.2329 50.1307 5
    endloop
  endfacet
  facet normal -0 0 1
    outer loop
      vertex 90 50.1 5
      vertex 90.3263 48.5214 5
      vertex 90.1175 50.1077 5
    endloop
  endfacet
  facet normal 0 0 1
    outer loop
      vertex 90 50.1 5
      vertex 90 48.5 5
      vertex 90.3263 48.5214 5
    endloop
  endfacet
  facet normal 0 0 1
    outer loop
      vertex 89.8825 50.1077 5
      vertex 90 48.5 5
      vertex 90 50.1 5
    endloop
  endfacet
  facet normal 0 0 1
    outer loop
      vertex 89.6737 48.5214 5
      vertex 89.8825 50.1077 5
      vertex 89.7671 50.1307 5
    endloop
  endfacet
  facet normal 0 0 1
    outer loop
      vertex 89.8825 50.1077 5
      vertex 89.6737 48.5214 5
      vertex 90 48.5 5
    endloop
  endfacet
  facet normal 0 0 1
    outer loop
      vertex 89.353 48.5852 5
      vertex 89.7671 50.1307 5
      vertex 89.6556 50.1685 5
    endloop
  endfacet
  facet normal 0 0 1
    outer loop
      vertex 89.0433 48.6903 5
      vertex 89.6556 50.1685 5
      vertex 89.55 50.2206 5
    endloop
  endfacet
  facet normal 0 0 1
    outer loop
      vertex 88.75 48.8349 5
      vertex 89.55 50.2206 5
      vertex 89.4521 50.286 5
    endloop
  endfacet
  facet normal 0 0 1
    outer loop
      vertex 88.4781 49.0166 5
      vertex 89.4521 50.286 5
      vertex 89.3636 50.3636 5
    endloop
  endfacet
  facet normal 0 0 1
    outer loop
      vertex 89.7671 50.1307 5
      vertex 89.353 48.5852 5
      vertex 89.6737 48.5214 5
    endloop
  endfacet
  facet normal 0 0 1
    outer loop
      vertex 88.2322 49.2322 5
      vertex 89.3636 50.3636 5
      vertex 89.286 50.4521 5
    endloop
  endfacet
  facet normal 0 0 1
    outer loop
      vertex 88.0166 49.4781 5
      vertex 89.286 50.4521 5
      vertex 89.2206 50.55 5
    endloop
  endfacet
  facet normal 0 0 1
    outer loop
      vertex 87.8349 49.75 5
      vertex 89.2206 50.55 5
      vertex 89.1685 50.6556 5
    endloop
  endfacet
  facet normal 0 0 1
    outer loop
      vertex 87.6903 50.0433 5
      vertex 89.1685 50.6556 5
      vertex 89.1307 50.7671 5
    endloop
  endfacet
  facet normal 0 0 1
    outer loop
      vertex 87.5852 50.353 5
      vertex 89.1307 50.7671 5
      vertex 89.1077 50.8825 5
    endloop
  endfacet
  facet normal 0 0 1
    outer loop
      vertex 89.6556 50.1685 5
      vertex 89.0433 48.6903 5
      vertex 89.353 48.5852 5
    endloop
  endfacet
  facet normal 0 0 1
    outer loop
      vertex 87.5214 50.6737 5
      vertex 89.1077 50.8825 5
      vertex 89.1 51 5
    endloop
  endfacet
  facet normal -0 0 1
    outer loop
      vertex 87.8349 52.25 5
      vertex 89.2206 51.45 5
      vertex 88.0166 52.5219 5
    endloop
  endfacet
  facet normal 0 0 1
    outer loop
      vertex 89.2206 51.45 5
      vertex 87.8349 52.25 5
      vertex 89.1685 51.3444 5
    endloop
  endfacet
  facet normal 0 0 1
    outer loop
      vertex 89.55 50.2206 5
      vertex 88.75 48.8349 5
      vertex 89.0433 48.6903 5
    endloop
  endfacet
  facet normal -0 0 1
    outer loop
      vertex 87.6903 51.9567 5
      vertex 89.1685 51.3444 5
      vertex 87.8349 52.25 5
    endloop
  endfacet
  facet normal 0 0 1
    outer loop
      vertex 89.4521 50.286 5
      vertex 88.4781 49.0166 5
      vertex 88.75 48.8349 5
    endloop
  endfacet
  facet normal 0 0 1
    outer loop
      vertex 89.1685 51.3444 5
      vertex 87.6903 51.9567 5
      vertex 89.1307 51.2329 5
    endloop
  endfacet
  facet normal 0 0 1
    outer loop
      vertex 89.3636 50.3636 5
      vertex 88.2322 49.2322 5
      vertex 88.4781 49.0166 5
    endloop
  endfacet
  facet normal -0 0 1
    outer loop
      vertex 87.5852 51.647 5
      vertex 89.1307 51.2329 5
      vertex 87.6903 51.9567 5
    endloop
  endfacet
  facet normal 0 0 1
    outer loop
      vertex 89.286 50.4521 5
      vertex 88.0166 49.4781 5
      vertex 88.2322 49.2322 5
    endloop
  endfacet
  facet normal 0 0 1
    outer loop
      vertex 89.1307 51.2329 5
      vertex 87.5852 51.647 5
      vertex 89.1077 51.1175 5
    endloop
  endfacet
  facet normal 0 0 1
    outer loop
      vertex 89.2206 50.55 5
      vertex 87.8349 49.75 5
      vertex 88.0166 49.4781 5
    endloop
  endfacet
  facet normal -0 0 1
    outer loop
      vertex 87.5214 51.3263 5
      vertex 89.1077 51.1175 5
      vertex 87.5852 51.647 5
    endloop
  endfacet
  facet normal 0 0 1
    outer loop
      vertex 89.1685 50.6556 5
      vertex 87.6903 50.0433 5
      vertex 87.8349 49.75 5
    endloop
  endfacet
  facet normal 0 0 1
    outer loop
      vertex 89.1077 51.1175 5
      vertex 87.5214 51.3263 5
      vertex 89.1 51 5
    endloop
  endfacet
  facet normal 0 0 1
    outer loop
      vertex 89.1307 50.7671 5
      vertex 87.5852 50.353 5
      vertex 87.6903 50.0433 5
    endloop
  endfacet
  facet normal 0 0 1
    outer loop
      vertex 87.5 51 5
      vertex 89.1 51 5
      vertex 87.5214 51.3263 5
    endloop
  endfacet
  facet normal 0 0 1
    outer loop
      vertex 89.1077 50.8825 5
      vertex 87.5214 50.6737 5
      vertex 87.5852 50.353 5
    endloop
  endfacet
  facet normal 0 0 1
    outer loop
      vertex 89.1 51 5
      vertex 87.5 51 5
      vertex 87.5214 50.6737 5
    endloop
  endfacet
  facet normal -0.831438 0.555617 0
    outer loop
      vertex 87.8349 52.25 0
      vertex 88.0166 52.5219 5
      vertex 88.0166 52.5219 0
    endloop
  endfacet
  facet normal -0.831438 0.555617 0
    outer loop
      vertex 88.0166 52.5219 5
      vertex 87.8349 52.25 0
      vertex 87.8349 52.25 5
    endloop
  endfacet
  facet normal -0.321065 -0.947057 0
    outer loop
      vertex 90.2329 51.8693 0.599999
      vertex 90.3444 51.8315 5
      vertex 90.2329 51.8693 5
    endloop
  endfacet
  facet normal -0.321065 -0.947057 -0
    outer loop
      vertex 90.3444 51.8315 5
      vertex 90.2329 51.8693 0.599999
      vertex 90.3444 51.8315 0.599999
    endloop
  endfacet
  facet normal -0.980711 -0.195462 0
    outer loop
      vertex 90.8923 51.1175 0.599999
      vertex 90.8693 51.2329 5
      vertex 90.8693 51.2329 0.599999
    endloop
  endfacet
  facet normal -0.980711 -0.195462 0
    outer loop
      vertex 90.8693 51.2329 5
      vertex 90.8923 51.1175 0.599999
      vertex 90.8923 51.1175 5
    endloop
  endfacet
  facet normal -0.99786 -0.0653917 0
    outer loop
      vertex 90.9 51 0.599999
      vertex 90.8923 51.1175 5
      vertex 90.8923 51.1175 0.599999
    endloop
  endfacet
  facet normal -0.99786 -0.0653917 0
    outer loop
      vertex 90.8923 51.1175 5
      vertex 90.9 51 0.599999
      vertex 90.9 51 5
    endloop
  endfacet
  facet normal -0.947057 -0.321065 0
    outer loop
      vertex 90.8693 51.2329 0.599999
      vertex 90.8315 51.3444 5
      vertex 90.8315 51.3444 0.599999
    endloop
  endfacet
  facet normal -0.947057 -0.321065 0
    outer loop
      vertex 90.8315 51.3444 5
      vertex 90.8693 51.2329 0.599999
      vertex 90.8693 51.2329 5
    endloop
  endfacet
  facet normal -0.442452 -0.896792 0
    outer loop
      vertex 90.3444 51.8315 0.599999
      vertex 90.45 51.7794 5
      vertex 90.3444 51.8315 5
    endloop
  endfacet
  facet normal -0.442452 -0.896792 -0
    outer loop
      vertex 90.45 51.7794 5
      vertex 90.3444 51.8315 0.599999
      vertex 90.45 51.7794 0.599999
    endloop
  endfacet
  facet normal 0.99786 0.0653917 0
    outer loop
      vertex 89.1077 50.8825 5
      vertex 89.1 51 0.599999
      vertex 89.1 51 5
    endloop
  endfacet
  facet normal 0.99786 0.0653917 0
    outer loop
      vertex 89.1 51 0.599999
      vertex 89.1077 50.8825 5
      vertex 89.1077 50.8825 0.599999
    endloop
  endfacet
  facet normal -0.896792 -0.442452 0
    outer loop
      vertex 90.8315 51.3444 0.599999
      vertex 90.7794 51.45 5
      vertex 90.7794 51.45 0.599999
    endloop
  endfacet
  facet normal -0.896792 -0.442452 0
    outer loop
      vertex 90.7794 51.45 5
      vertex 90.8315 51.3444 0.599999
      vertex 90.8315 51.3444 5
    endloop
  endfacet
  facet normal -0.831527 -0.555484 0
    outer loop
      vertex 90.7794 51.45 0.599999
      vertex 90.714 51.5479 5
      vertex 90.714 51.5479 0.599999
    endloop
  endfacet
  facet normal -0.831527 -0.555484 0
    outer loop
      vertex 90.714 51.5479 5
      vertex 90.7794 51.45 0.599999
      vertex 90.7794 51.45 5
    endloop
  endfacet
  facet normal -0.659286 -0.751892 0
    outer loop
      vertex 90.5479 51.714 0.599999
      vertex 90.6364 51.6364 5
      vertex 90.5479 51.714 5
    endloop
  endfacet
  facet normal -0.659286 -0.751892 -0
    outer loop
      vertex 90.6364 51.6364 5
      vertex 90.5479 51.714 0.599999
      vertex 90.6364 51.6364 0.599999
    endloop
  endfacet
  facet normal 0.659286 -0.751892 0
    outer loop
      vertex 89.3636 51.6364 0.599999
      vertex 89.4521 51.714 5
      vertex 89.3636 51.6364 5
    endloop
  endfacet
  facet normal 0.659286 -0.751892 0
    outer loop
      vertex 89.4521 51.714 5
      vertex 89.3636 51.6364 0.599999
      vertex 89.4521 51.714 0.599999
    endloop
  endfacet
  facet normal -0.751892 -0.659286 0
    outer loop
      vertex 90.714 51.5479 0.599999
      vertex 90.6364 51.6364 5
      vertex 90.6364 51.6364 0.599999
    endloop
  endfacet
  facet normal -0.751892 -0.659286 0
    outer loop
      vertex 90.6364 51.6364 5
      vertex 90.714 51.5479 0.599999
      vertex 90.714 51.5479 5
    endloop
  endfacet
  facet normal 0.980711 -0.195462 0
    outer loop
      vertex 89.1077 51.1175 5
      vertex 89.1307 51.2329 0.599999
      vertex 89.1307 51.2329 5
    endloop
  endfacet
  facet normal 0.980711 -0.195462 0
    outer loop
      vertex 89.1307 51.2329 0.599999
      vertex 89.1077 51.1175 5
      vertex 89.1077 51.1175 0.599999
    endloop
  endfacet
  facet normal 0.555484 0.831527 -0
    outer loop
      vertex 89.55 50.2206 0.599999
      vertex 89.4521 50.286 5
      vertex 89.55 50.2206 5
    endloop
  endfacet
  facet normal 0.555484 0.831527 0
    outer loop
      vertex 89.4521 50.286 5
      vertex 89.55 50.2206 0.599999
      vertex 89.4521 50.286 0.599999
    endloop
  endfacet
  facet normal 0.99786 -0.0653917 0
    outer loop
      vertex 89.1 51 5
      vertex 89.1077 51.1175 0.599999
      vertex 89.1077 51.1175 5
    endloop
  endfacet
  facet normal 0.99786 -0.0653917 0
    outer loop
      vertex 89.1077 51.1175 0.599999
      vertex 89.1 51 5
      vertex 89.1 51 0.599999
    endloop
  endfacet
  facet normal 0.751892 0.659286 0
    outer loop
      vertex 89.3636 50.3636 5
      vertex 89.286 50.4521 0.599999
      vertex 89.286 50.4521 5
    endloop
  endfacet
  facet normal 0.751892 0.659286 0
    outer loop
      vertex 89.286 50.4521 0.599999
      vertex 89.3636 50.3636 5
      vertex 89.3636 50.3636 0.599999
    endloop
  endfacet
  facet normal -0.195462 0.980711 0
    outer loop
      vertex 90.2329 50.1307 0.599999
      vertex 90.1175 50.1077 5
      vertex 90.2329 50.1307 5
    endloop
  endfacet
  facet normal -0.195462 0.980711 0
    outer loop
      vertex 90.1175 50.1077 5
      vertex 90.2329 50.1307 0.599999
      vertex 90.1175 50.1077 0.599999
    endloop
  endfacet
  facet normal 0.442452 -0.896792 0
    outer loop
      vertex 89.55 51.7794 0.599999
      vertex 89.6556 51.8315 5
      vertex 89.55 51.7794 5
    endloop
  endfacet
  facet normal 0.442452 -0.896792 0
    outer loop
      vertex 89.6556 51.8315 5
      vertex 89.55 51.7794 0.599999
      vertex 89.6556 51.8315 0.599999
    endloop
  endfacet
  facet normal 0.321065 0.947057 -0
    outer loop
      vertex 89.7671 50.1307 0.599999
      vertex 89.6556 50.1685 5
      vertex 89.7671 50.1307 5
    endloop
  endfacet
  facet normal 0.321065 0.947057 0
    outer loop
      vertex 89.6556 50.1685 5
      vertex 89.7671 50.1307 0.599999
      vertex 89.6556 50.1685 0.599999
    endloop
  endfacet
  facet normal -0.980711 0.195462 0
    outer loop
      vertex 90.8693 50.7671 0.599999
      vertex 90.8923 50.8825 5
      vertex 90.8923 50.8825 0.599999
    endloop
  endfacet
  facet normal -0.980711 0.195462 0
    outer loop
      vertex 90.8923 50.8825 5
      vertex 90.8693 50.7671 0.599999
      vertex 90.8693 50.7671 5
    endloop
  endfacet
  facet normal 0.751892 -0.659286 0
    outer loop
      vertex 89.286 51.5479 5
      vertex 89.3636 51.6364 0.599999
      vertex 89.3636 51.6364 5
    endloop
  endfacet
  facet normal 0.751892 -0.659286 0
    outer loop
      vertex 89.3636 51.6364 0.599999
      vertex 89.286 51.5479 5
      vertex 89.286 51.5479 0.599999
    endloop
  endfacet
  facet normal -0.831527 0.555484 0
    outer loop
      vertex 90.714 50.4521 0.599999
      vertex 90.7794 50.55 5
      vertex 90.7794 50.55 0.599999
    endloop
  endfacet
  facet normal -0.831527 0.555484 0
    outer loop
      vertex 90.7794 50.55 5
      vertex 90.714 50.4521 0.599999
      vertex 90.714 50.4521 5
    endloop
  endfacet
  facet normal 0.321065 -0.947057 0
    outer loop
      vertex 89.6556 51.8315 0.599999
      vertex 89.7671 51.8693 5
      vertex 89.6556 51.8315 5
    endloop
  endfacet
  facet normal 0.321065 -0.947057 0
    outer loop
      vertex 89.7671 51.8693 5
      vertex 89.6556 51.8315 0.599999
      vertex 89.7671 51.8693 0.599999
    endloop
  endfacet
  facet normal 0.980711 0.195462 0
    outer loop
      vertex 89.1307 50.7671 5
      vertex 89.1077 50.8825 0.599999
      vertex 89.1077 50.8825 5
    endloop
  endfacet
  facet normal 0.980711 0.195462 0
    outer loop
      vertex 89.1077 50.8825 0.599999
      vertex 89.1307 50.7671 5
      vertex 89.1307 50.7671 0.599999
    endloop
  endfacet
  facet normal 0.195462 0.980711 -0
    outer loop
      vertex 89.8825 50.1077 0.599999
      vertex 89.7671 50.1307 5
      vertex 89.8825 50.1077 5
    endloop
  endfacet
  facet normal 0.195462 0.980711 0
    outer loop
      vertex 89.7671 50.1307 5
      vertex 89.8825 50.1077 0.599999
      vertex 89.7671 50.1307 0.599999
    endloop
  endfacet
  facet normal -0.555484 -0.831527 0
    outer loop
      vertex 90.45 51.7794 0.599999
      vertex 90.5479 51.714 5
      vertex 90.45 51.7794 5
    endloop
  endfacet
  facet normal -0.555484 -0.831527 -0
    outer loop
      vertex 90.5479 51.714 5
      vertex 90.45 51.7794 0.599999
      vertex 90.5479 51.714 0.599999
    endloop
  endfacet
  facet normal -0.947057 0.321065 0
    outer loop
      vertex 90.8315 50.6556 0.599999
      vertex 90.8693 50.7671 5
      vertex 90.8693 50.7671 0.599999
    endloop
  endfacet
  facet normal -0.947057 0.321065 0
    outer loop
      vertex 90.8693 50.7671 5
      vertex 90.8315 50.6556 0.599999
      vertex 90.8315 50.6556 5
    endloop
  endfacet
  facet normal -0.0653917 0.99786 0
    outer loop
      vertex 90.1175 50.1077 0.599999
      vertex 90 50.1 5
      vertex 90.1175 50.1077 5
    endloop
  endfacet
  facet normal -0.0653917 0.99786 0
    outer loop
      vertex 90 50.1 5
      vertex 90.1175 50.1077 0.599999
      vertex 90 50.1 0.599999
    endloop
  endfacet
  facet normal -0.751892 0.659286 0
    outer loop
      vertex 90.6364 50.3636 0.599999
      vertex 90.714 50.4521 5
      vertex 90.714 50.4521 0.599999
    endloop
  endfacet
  facet normal -0.751892 0.659286 0
    outer loop
      vertex 90.714 50.4521 5
      vertex 90.6364 50.3636 0.599999
      vertex 90.6364 50.3636 5
    endloop
  endfacet
  facet normal 0.0653917 -0.99786 0
    outer loop
      vertex 89.8825 51.8923 0.599999
      vertex 90 51.9 5
      vertex 89.8825 51.8923 5
    endloop
  endfacet
  facet normal 0.0653917 -0.99786 0
    outer loop
      vertex 90 51.9 5
      vertex 89.8825 51.8923 0.599999
      vertex 90 51.9 0.599999
    endloop
  endfacet
  facet normal -0.555484 0.831527 0
    outer loop
      vertex 90.5479 50.286 0.599999
      vertex 90.45 50.2206 5
      vertex 90.5479 50.286 5
    endloop
  endfacet
  facet normal -0.555484 0.831527 0
    outer loop
      vertex 90.45 50.2206 5
      vertex 90.5479 50.286 0.599999
      vertex 90.45 50.2206 0.599999
    endloop
  endfacet
  facet normal 0.659286 0.751892 -0
    outer loop
      vertex 89.4521 50.286 0.599999
      vertex 89.3636 50.3636 5
      vertex 89.4521 50.286 5
    endloop
  endfacet
  facet normal 0.659286 0.751892 0
    outer loop
      vertex 89.3636 50.3636 5
      vertex 89.4521 50.286 0.599999
      vertex 89.3636 50.3636 0.599999
    endloop
  endfacet
  facet normal 0.896792 -0.442452 0
    outer loop
      vertex 89.1685 51.3444 5
      vertex 89.2206 51.45 0.599999
      vertex 89.2206 51.45 5
    endloop
  endfacet
  facet normal 0.896792 -0.442452 0
    outer loop
      vertex 89.2206 51.45 0.599999
      vertex 89.1685 51.3444 5
      vertex 89.1685 51.3444 0.599999
    endloop
  endfacet
  facet normal -0.0653917 -0.99786 0
    outer loop
      vertex 90 51.9 0.599999
      vertex 90.1175 51.8923 5
      vertex 90 51.9 5
    endloop
  endfacet
  facet normal -0.0653917 -0.99786 -0
    outer loop
      vertex 90.1175 51.8923 5
      vertex 90 51.9 0.599999
      vertex 90.1175 51.8923 0.599999
    endloop
  endfacet
  facet normal -0.99786 0.0653917 0
    outer loop
      vertex 90.8923 50.8825 0.599999
      vertex 90.9 51 5
      vertex 90.9 51 0.599999
    endloop
  endfacet
  facet normal -0.99786 0.0653917 0
    outer loop
      vertex 90.9 51 5
      vertex 90.8923 50.8825 0.599999
      vertex 90.8923 50.8825 5
    endloop
  endfacet
  facet normal 0.195462 -0.980711 0
    outer loop
      vertex 89.7671 51.8693 0.599999
      vertex 89.8825 51.8923 5
      vertex 89.7671 51.8693 5
    endloop
  endfacet
  facet normal 0.195462 -0.980711 0
    outer loop
      vertex 89.8825 51.8923 5
      vertex 89.7671 51.8693 0.599999
      vertex 89.8825 51.8923 0.599999
    endloop
  endfacet
  facet normal 0.555484 -0.831527 0
    outer loop
      vertex 89.4521 51.714 0.599999
      vertex 89.55 51.7794 5
      vertex 89.4521 51.714 5
    endloop
  endfacet
  facet normal 0.555484 -0.831527 0
    outer loop
      vertex 89.55 51.7794 5
      vertex 89.4521 51.714 0.599999
      vertex 89.55 51.7794 0.599999
    endloop
  endfacet
  facet normal 0.0653917 0.99786 -0
    outer loop
      vertex 90 50.1 0.599999
      vertex 89.8825 50.1077 5
      vertex 90 50.1 5
    endloop
  endfacet
  facet normal 0.0653917 0.99786 0
    outer loop
      vertex 89.8825 50.1077 5
      vertex 90 50.1 0.599999
      vertex 89.8825 50.1077 0.599999
    endloop
  endfacet
  facet normal -0.896792 0.442452 0
    outer loop
      vertex 90.7794 50.55 0.599999
      vertex 90.8315 50.6556 5
      vertex 90.8315 50.6556 0.599999
    endloop
  endfacet
  facet normal -0.896792 0.442452 0
    outer loop
      vertex 90.8315 50.6556 5
      vertex 90.7794 50.55 0.599999
      vertex 90.7794 50.55 5
    endloop
  endfacet
  facet normal 0.947057 -0.321065 0
    outer loop
      vertex 89.1307 51.2329 5
      vertex 89.1685 51.3444 0.599999
      vertex 89.1685 51.3444 5
    endloop
  endfacet
  facet normal 0.947057 -0.321065 0
    outer loop
      vertex 89.1685 51.3444 0.599999
      vertex 89.1307 51.2329 5
      vertex 89.1307 51.2329 0.599999
    endloop
  endfacet
  facet normal 0.947057 0.321065 0
    outer loop
      vertex 89.1685 50.6556 5
      vertex 89.1307 50.7671 0.599999
      vertex 89.1307 50.7671 5
    endloop
  endfacet
  facet normal 0.947057 0.321065 0
    outer loop
      vertex 89.1307 50.7671 0.599999
      vertex 89.1685 50.6556 5
      vertex 89.1685 50.6556 0.599999
    endloop
  endfacet
  facet normal 0 0 1
    outer loop
      vertex 90.8923 51.1175 0.599999
      vertex 90.8923 50.8825 0.599999
      vertex 90.9 51 0.599999
    endloop
  endfacet
  facet normal 0 0 1
    outer loop
      vertex 90.8693 51.2329 0.599999
      vertex 90.8923 50.8825 0.599999
      vertex 90.8923 51.1175 0.599999
    endloop
  endfacet
  facet normal 0 0 1
    outer loop
      vertex 90.8693 51.2329 0.599999
      vertex 90.8693 50.7671 0.599999
      vertex 90.8923 50.8825 0.599999
    endloop
  endfacet
  facet normal 0 0 1
    outer loop
      vertex 90.8315 51.3444 0.599999
      vertex 90.8693 50.7671 0.599999
      vertex 90.8693 51.2329 0.599999
    endloop
  endfacet
  facet normal 0 0 1
    outer loop
      vertex 90.8315 51.3444 0.599999
      vertex 90.8315 50.6556 0.599999
      vertex 90.8693 50.7671 0.599999
    endloop
  endfacet
  facet normal 0 0 1
    outer loop
      vertex 90.7794 51.45 0.599999
      vertex 90.8315 50.6556 0.599999
      vertex 90.8315 51.3444 0.599999
    endloop
  endfacet
  facet normal 0 0 1
    outer loop
      vertex 90.7794 51.45 0.599999
      vertex 90.7794 50.55 0.599999
      vertex 90.8315 50.6556 0.599999
    endloop
  endfacet
  facet normal 0 0 1
    outer loop
      vertex 90.714 51.5479 0.599999
      vertex 90.7794 50.55 0.599999
      vertex 90.7794 51.45 0.599999
    endloop
  endfacet
  facet normal 0 0 1
    outer loop
      vertex 90.714 51.5479 0.599999
      vertex 90.714 50.4521 0.599999
      vertex 90.7794 50.55 0.599999
    endloop
  endfacet
  facet normal 0 0 1
    outer loop
      vertex 90.6364 51.6364 0.599999
      vertex 90.714 50.4521 0.599999
      vertex 90.714 51.5479 0.599999
    endloop
  endfacet
  facet normal 0 0 1
    outer loop
      vertex 90.6364 51.6364 0.599999
      vertex 90.6364 50.3636 0.599999
      vertex 90.714 50.4521 0.599999
    endloop
  endfacet
  facet normal 0 0 1
    outer loop
      vertex 90.5479 51.714 0.599999
      vertex 90.6364 50.3636 0.599999
      vertex 90.6364 51.6364 0.599999
    endloop
  endfacet
  facet normal 0 0 1
    outer loop
      vertex 90.5479 51.714 0.599999
      vertex 90.5479 50.286 0.599999
      vertex 90.6364 50.3636 0.599999
    endloop
  endfacet
  facet normal 0 0 1
    outer loop
      vertex 90.45 51.7794 0.599999
      vertex 90.5479 50.286 0.599999
      vertex 90.5479 51.714 0.599999
    endloop
  endfacet
  facet normal 0 0 1
    outer loop
      vertex 90.45 51.7794 0.599999
      vertex 90.45 50.2206 0.599999
      vertex 90.5479 50.286 0.599999
    endloop
  endfacet
  facet normal 0 0 1
    outer loop
      vertex 90.3444 51.8315 0.599999
      vertex 90.45 50.2206 0.599999
      vertex 90.45 51.7794 0.599999
    endloop
  endfacet
  facet normal 0 0 1
    outer loop
      vertex 90.3444 51.8315 0.599999
      vertex 90.3444 50.1685 0.599999
      vertex 90.45 50.2206 0.599999
    endloop
  endfacet
  facet normal 0 0 1
    outer loop
      vertex 90.2329 51.8693 0.599999
      vertex 90.3444 50.1685 0.599999
      vertex 90.3444 51.8315 0.599999
    endloop
  endfacet
  facet normal 0 0 1
    outer loop
      vertex 90.2329 51.8693 0.599999
      vertex 90.2329 50.1307 0.599999
      vertex 90.3444 50.1685 0.599999
    endloop
  endfacet
  facet normal 0 0 1
    outer loop
      vertex 90.1175 51.8923 0.599999
      vertex 90.2329 50.1307 0.599999
      vertex 90.2329 51.8693 0.599999
    endloop
  endfacet
  facet normal 0 0 1
    outer loop
      vertex 90.1175 51.8923 0.599999
      vertex 90.1175 50.1077 0.599999
      vertex 90.2329 50.1307 0.599999
    endloop
  endfacet
  facet normal 0 0 1
    outer loop
      vertex 90 51.9 0.599999
      vertex 90.1175 50.1077 0.599999
      vertex 90.1175 51.8923 0.599999
    endloop
  endfacet
  facet normal 0 0 1
    outer loop
      vertex 90 51.9 0.599999
      vertex 90 50.1 0.599999
      vertex 90.1175 50.1077 0.599999
    endloop
  endfacet
  facet normal -0 0 1
    outer loop
      vertex 89.8825 51.8923 0.599999
      vertex 90 50.1 0.599999
      vertex 90 51.9 0.599999
    endloop
  endfacet
  facet normal 0 0 1
    outer loop
      vertex 89.8825 51.8923 0.599999
      vertex 89.8825 50.1077 0.599999
      vertex 90 50.1 0.599999
    endloop
  endfacet
  facet normal -0 0 1
    outer loop
      vertex 89.7671 51.8693 0.599999
      vertex 89.8825 50.1077 0.599999
      vertex 89.8825 51.8923 0.599999
    endloop
  endfacet
  facet normal 0 0 1
    outer loop
      vertex 89.7671 51.8693 0.599999
      vertex 89.7671 50.1307 0.599999
      vertex 89.8825 50.1077 0.599999
    endloop
  endfacet
  facet normal -0 0 1
    outer loop
      vertex 89.6556 51.8315 0.599999
      vertex 89.7671 50.1307 0.599999
      vertex 89.7671 51.8693 0.599999
    endloop
  endfacet
  facet normal 0 0 1
    outer loop
      vertex 89.6556 51.8315 0.599999
      vertex 89.6556 50.1685 0.599999
      vertex 89.7671 50.1307 0.599999
    endloop
  endfacet
  facet normal -0 0 1
    outer loop
      vertex 89.55 51.7794 0.599999
      vertex 89.6556 50.1685 0.599999
      vertex 89.6556 51.8315 0.599999
    endloop
  endfacet
  facet normal 0 0 1
    outer loop
      vertex 89.55 51.7794 0.599999
      vertex 89.55 50.2206 0.599999
      vertex 89.6556 50.1685 0.599999
    endloop
  endfacet
  facet normal -0 0 1
    outer loop
      vertex 89.4521 51.714 0.599999
      vertex 89.55 50.2206 0.599999
      vertex 89.55 51.7794 0.599999
    endloop
  endfacet
  facet normal 0 0 1
    outer loop
      vertex 89.4521 51.714 0.599999
      vertex 89.4521 50.286 0.599999
      vertex 89.55 50.2206 0.599999
    endloop
  endfacet
  facet normal -0 0 1
    outer loop
      vertex 89.3636 51.6364 0.599999
      vertex 89.4521 50.286 0.599999
      vertex 89.4521 51.714 0.599999
    endloop
  endfacet
  facet normal 0 0 1
    outer loop
      vertex 89.3636 51.6364 0.599999
      vertex 89.3636 50.3636 0.599999
      vertex 89.4521 50.286 0.599999
    endloop
  endfacet
  facet normal -0 0 1
    outer loop
      vertex 89.286 51.5479 0.599999
      vertex 89.3636 50.3636 0.599999
      vertex 89.3636 51.6364 0.599999
    endloop
  endfacet
  facet normal 0 0 1
    outer loop
      vertex 89.286 51.5479 0.599999
      vertex 89.286 50.4521 0.599999
      vertex 89.3636 50.3636 0.599999
    endloop
  endfacet
  facet normal -0 0 1
    outer loop
      vertex 89.2206 51.45 0.599999
      vertex 89.286 50.4521 0.599999
      vertex 89.286 51.5479 0.599999
    endloop
  endfacet
  facet normal 0 0 1
    outer loop
      vertex 89.2206 51.45 0.599999
      vertex 89.2206 50.55 0.599999
      vertex 89.286 50.4521 0.599999
    endloop
  endfacet
  facet normal -0 0 1
    outer loop
      vertex 89.1685 51.3444 0.599999
      vertex 89.2206 50.55 0.599999
      vertex 89.2206 51.45 0.599999
    endloop
  endfacet
  facet normal 0 0 1
    outer loop
      vertex 89.1685 51.3444 0.599999
      vertex 89.1685 50.6556 0.599999
      vertex 89.2206 50.55 0.599999
    endloop
  endfacet
  facet normal -0 0 1
    outer loop
      vertex 89.1307 51.2329 0.599999
      vertex 89.1685 50.6556 0.599999
      vertex 89.1685 51.3444 0.599999
    endloop
  endfacet
  facet normal 0 0 1
    outer loop
      vertex 89.1307 51.2329 0.599999
      vertex 89.1307 50.7671 0.599999
      vertex 89.1685 50.6556 0.599999
    endloop
  endfacet
  facet normal -0 0 1
    outer loop
      vertex 89.1077 51.1175 0.599999
      vertex 89.1307 50.7671 0.599999
      vertex 89.1307 51.2329 0.599999
    endloop
  endfacet
  facet normal 0 0 1
    outer loop
      vertex 89.1077 51.1175 0.599999
      vertex 89.1077 50.8825 0.599999
      vertex 89.1307 50.7671 0.599999
    endloop
  endfacet
  facet normal 0 -0 1
    outer loop
      vertex 89.1077 50.8825 0.599999
      vertex 89.1077 51.1175 0.599999
      vertex 89.1 51 0.599999
    endloop
  endfacet
  facet normal 0.831527 -0.555484 0
    outer loop
      vertex 89.2206 51.45 5
      vertex 89.286 51.5479 0.599999
      vertex 89.286 51.5479 5
    endloop
  endfacet
  facet normal 0.831527 -0.555484 0
    outer loop
      vertex 89.286 51.5479 0.599999
      vertex 89.2206 51.45 5
      vertex 89.2206 51.45 0.599999
    endloop
  endfacet
  facet normal -0.442452 0.896792 0
    outer loop
      vertex 90.45 50.2206 0.599999
      vertex 90.3444 50.1685 5
      vertex 90.45 50.2206 5
    endloop
  endfacet
  facet normal -0.442452 0.896792 0
    outer loop
      vertex 90.3444 50.1685 5
      vertex 90.45 50.2206 0.599999
      vertex 90.3444 50.1685 0.599999
    endloop
  endfacet
  facet normal -0.321065 0.947057 0
    outer loop
      vertex 90.3444 50.1685 0.599999
      vertex 90.2329 50.1307 5
      vertex 90.3444 50.1685 5
    endloop
  endfacet
  facet normal -0.321065 0.947057 0
    outer loop
      vertex 90.2329 50.1307 5
      vertex 90.3444 50.1685 0.599999
      vertex 90.2329 50.1307 0.599999
    endloop
  endfacet
  facet normal -0.659286 0.751892 0
    outer loop
      vertex 90.6364 50.3636 0.599999
      vertex 90.5479 50.286 5
      vertex 90.6364 50.3636 5
    endloop
  endfacet
  facet normal -0.659286 0.751892 0
    outer loop
      vertex 90.5479 50.286 5
      vertex 90.6364 50.3636 0.599999
      vertex 90.5479 50.286 0.599999
    endloop
  endfacet
  facet normal 0.896792 0.442452 0
    outer loop
      vertex 89.2206 50.55 5
      vertex 89.1685 50.6556 0.599999
      vertex 89.1685 50.6556 5
    endloop
  endfacet
  facet normal 0.896792 0.442452 0
    outer loop
      vertex 89.1685 50.6556 0.599999
      vertex 89.2206 50.55 5
      vertex 89.2206 50.55 0.599999
    endloop
  endfacet
  facet normal -0.195462 -0.980711 0
    outer loop
      vertex 90.1175 51.8923 0.599999
      vertex 90.2329 51.8693 5
      vertex 90.1175 51.8923 5
    endloop
  endfacet
  facet normal -0.195462 -0.980711 -0
    outer loop
      vertex 90.2329 51.8693 5
      vertex 90.1175 51.8923 0.599999
      vertex 90.2329 51.8693 0.599999
    endloop
  endfacet
  facet normal 0.442452 0.896792 -0
    outer loop
      vertex 89.6556 50.1685 0.599999
      vertex 89.55 50.2206 5
      vertex 89.6556 50.1685 5
    endloop
  endfacet
  facet normal 0.442452 0.896792 0
    outer loop
      vertex 89.55 50.2206 5
      vertex 89.6556 50.1685 0.599999
      vertex 89.55 50.2206 0.599999
    endloop
  endfacet
  facet normal 0.831527 0.555484 0
    outer loop
      vertex 89.286 50.4521 5
      vertex 89.2206 50.55 0.599999
      vertex 89.2206 50.55 5
    endloop
  endfacet
  facet normal 0.831527 0.555484 0
    outer loop
      vertex 89.2206 50.55 0.599999
      vertex 89.286 50.4521 5
      vertex 89.286 50.4521 0.599999
    endloop
  endfacet
  facet normal -0.321086 0.94705 0
    outer loop
      vertex 89.353 119.415 0
      vertex 89.0433 119.31 5
      vertex 89.353 119.415 5
    endloop
  endfacet
  facet normal -0.321086 0.94705 0
    outer loop
      vertex 89.0433 119.31 5
      vertex 89.353 119.415 0
      vertex 89.0433 119.31 0
    endloop
  endfacet
  facet normal 0.980815 0.194941 0
    outer loop
      vertex 92.4786 117.326 5
      vertex 92.4148 117.647 0
      vertex 92.4148 117.647 5
    endloop
  endfacet
  facet normal 0.980815 0.194941 0
    outer loop
      vertex 92.4148 117.647 0
      vertex 92.4786 117.326 5
      vertex 92.4786 117.326 0
    endloop
  endfacet
  facet normal 0.997852 0.0655032 0
    outer loop
      vertex 92.5 117 5
      vertex 92.4786 117.326 0
      vertex 92.4786 117.326 5
    endloop
  endfacet
  facet normal 0.997852 0.0655032 0
    outer loop
      vertex 92.4786 117.326 0
      vertex 92.5 117 5
      vertex 92.5 117 0
    endloop
  endfacet
  facet normal -0.980815 0.194941 0
    outer loop
      vertex 87.5214 117.326 0
      vertex 87.5852 117.647 5
      vertex 87.5852 117.647 0
    endloop
  endfacet
  facet normal -0.980815 0.194941 0
    outer loop
      vertex 87.5852 117.647 5
      vertex 87.5214 117.326 0
      vertex 87.5214 117.326 5
    endloop
  endfacet
  facet normal 0.0642251 0.997935 -0
    outer loop
      vertex 90.3263 119.479 0
      vertex 90 119.5 5
      vertex 90.3263 119.479 5
    endloop
  endfacet
  facet normal 0.0642251 0.997935 0
    outer loop
      vertex 90 119.5 5
      vertex 90.3263 119.479 0
      vertex 90 119.5 0
    endloop
  endfacet
  facet normal -0.896741 0.442556 0
    outer loop
      vertex 87.6903 117.957 0
      vertex 87.8349 118.25 5
      vertex 87.8349 118.25 0
    endloop
  endfacet
  facet normal -0.896741 0.442556 0
    outer loop
      vertex 87.8349 118.25 5
      vertex 87.6903 117.957 0
      vertex 87.6903 117.957 5
    endloop
  endfacet
  facet normal 0.831533 0.555476 0
    outer loop
      vertex 92.1651 118.25 5
      vertex 91.9834 118.522 0
      vertex 91.9834 118.522 5
    endloop
  endfacet
  facet normal 0.831533 0.555476 0
    outer loop
      vertex 91.9834 118.522 0
      vertex 92.1651 118.25 5
      vertex 92.1651 118.25 0
    endloop
  endfacet
  facet normal 0.658223 0.752823 -0
    outer loop
      vertex 91.7678 118.768 0
      vertex 91.5219 118.983 5
      vertex 91.7678 118.768 5
    endloop
  endfacet
  facet normal 0.658223 0.752823 0
    outer loop
      vertex 91.5219 118.983 5
      vertex 91.7678 118.768 0
      vertex 91.5219 118.983 0
    endloop
  endfacet
  facet normal -0.443175 -0.896435 0
    outer loop
      vertex 88.75 114.835 0
      vertex 89.0433 114.69 5
      vertex 88.75 114.835 5
    endloop
  endfacet
  facet normal -0.443175 -0.896435 -0
    outer loop
      vertex 89.0433 114.69 5
      vertex 88.75 114.835 0
      vertex 89.0433 114.69 0
    endloop
  endfacet
  facet normal 0.997852 -0.0655032 0
    outer loop
      vertex 92.4786 116.674 5
      vertex 92.5 117 0
      vertex 92.5 117 5
    endloop
  endfacet
  facet normal 0.997852 -0.0655032 0
    outer loop
      vertex 92.5 117 0
      vertex 92.4786 116.674 5
      vertex 92.4786 116.674 0
    endloop
  endfacet
  facet normal 0.752046 0.65911 0
    outer loop
      vertex 91.9834 118.522 5
      vertex 91.7678 118.768 0
      vertex 91.7678 118.768 5
    endloop
  endfacet
  facet normal 0.752046 0.65911 0
    outer loop
      vertex 91.7678 118.768 0
      vertex 91.9834 118.522 5
      vertex 91.9834 118.522 0
    endloop
  endfacet
  facet normal 0.321086 0.94705 -0
    outer loop
      vertex 90.9567 119.31 0
      vertex 90.647 119.415 5
      vertex 90.9567 119.31 5
    endloop
  endfacet
  facet normal 0.321086 0.94705 0
    outer loop
      vertex 90.647 119.415 5
      vertex 90.9567 119.31 0
      vertex 90.647 119.415 0
    endloop
  endfacet
  facet normal -0.556251 -0.831014 0
    outer loop
      vertex 88.4781 115.017 0
      vertex 88.75 114.835 5
      vertex 88.4781 115.017 5
    endloop
  endfacet
  facet normal -0.556251 -0.831014 -0
    outer loop
      vertex 88.75 114.835 5
      vertex 88.4781 115.017 0
      vertex 88.75 114.835 0
    endloop
  endfacet
  facet normal -0.831533 -0.555476 0
    outer loop
      vertex 88.0166 115.478 0
      vertex 87.8349 115.75 5
      vertex 87.8349 115.75 0
    endloop
  endfacet
  facet normal -0.831533 -0.555476 0
    outer loop
      vertex 87.8349 115.75 5
      vertex 88.0166 115.478 0
      vertex 88.0166 115.478 5
    endloop
  endfacet
  facet normal 0.947052 0.321081 0
    outer loop
      vertex 92.4148 117.647 5
      vertex 92.3097 117.957 0
      vertex 92.3097 117.957 5
    endloop
  endfacet
  facet normal 0.947052 0.321081 0
    outer loop
      vertex 92.3097 117.957 0
      vertex 92.4148 117.647 5
      vertex 92.4148 117.647 0
    endloop
  endfacet
  facet normal 0.0642251 -0.997935 0
    outer loop
      vertex 90 114.5 0
      vertex 90.3263 114.521 5
      vertex 90 114.5 5
    endloop
  endfacet
  facet normal 0.0642251 -0.997935 0
    outer loop
      vertex 90.3263 114.521 5
      vertex 90 114.5 0
      vertex 90.3263 114.521 0
    endloop
  endfacet
  facet normal 0.321086 -0.94705 0
    outer loop
      vertex 90.647 114.585 0
      vertex 90.9567 114.69 5
      vertex 90.647 114.585 5
    endloop
  endfacet
  facet normal 0.321086 -0.94705 0
    outer loop
      vertex 90.9567 114.69 5
      vertex 90.647 114.585 0
      vertex 90.9567 114.69 0
    endloop
  endfacet
  facet normal -0.0642251 -0.997935 0
    outer loop
      vertex 89.6737 114.521 0
      vertex 90 114.5 5
      vertex 89.6737 114.521 5
    endloop
  endfacet
  facet normal -0.0642251 -0.997935 -0
    outer loop
      vertex 90 114.5 5
      vertex 89.6737 114.521 0
      vertex 90 114.5 0
    endloop
  endfacet
  facet normal 0.443175 -0.896435 0
    outer loop
      vertex 90.9567 114.69 0
      vertex 91.25 114.835 5
      vertex 90.9567 114.69 5
    endloop
  endfacet
  facet normal 0.443175 -0.896435 0
    outer loop
      vertex 91.25 114.835 5
      vertex 90.9567 114.69 0
      vertex 91.25 114.835 0
    endloop
  endfacet
  facet normal -0.752046 0.65911 0
    outer loop
      vertex 88.0166 118.522 0
      vertex 88.2322 118.768 5
      vertex 88.2322 118.768 0
    endloop
  endfacet
  facet normal -0.752046 0.65911 0
    outer loop
      vertex 88.2322 118.768 5
      vertex 88.0166 118.522 0
      vertex 88.0166 118.522 5
    endloop
  endfacet
  facet normal 0.443175 0.896435 -0
    outer loop
      vertex 91.25 119.165 0
      vertex 90.9567 119.31 5
      vertex 91.25 119.165 5
    endloop
  endfacet
  facet normal 0.443175 0.896435 0
    outer loop
      vertex 90.9567 119.31 5
      vertex 91.25 119.165 0
      vertex 90.9567 119.31 0
    endloop
  endfacet
  facet normal -0.443175 0.896435 0
    outer loop
      vertex 89.0433 119.31 0
      vertex 88.75 119.165 5
      vertex 89.0433 119.31 5
    endloop
  endfacet
  facet normal -0.443175 0.896435 0
    outer loop
      vertex 88.75 119.165 5
      vertex 89.0433 119.31 0
      vertex 88.75 119.165 0
    endloop
  endfacet
  facet normal 0.752046 -0.65911 0
    outer loop
      vertex 91.7678 115.232 5
      vertex 91.9834 115.478 0
      vertex 91.9834 115.478 5
    endloop
  endfacet
  facet normal 0.752046 -0.65911 0
    outer loop
      vertex 91.9834 115.478 0
      vertex 91.7678 115.232 5
      vertex 91.7678 115.232 0
    endloop
  endfacet
  facet normal -0.195704 -0.980663 0
    outer loop
      vertex 89.353 114.585 0
      vertex 89.6737 114.521 5
      vertex 89.353 114.585 5
    endloop
  endfacet
  facet normal -0.195704 -0.980663 -0
    outer loop
      vertex 89.6737 114.521 5
      vertex 89.353 114.585 0
      vertex 89.6737 114.521 0
    endloop
  endfacet
  facet normal 0.831533 -0.555476 0
    outer loop
      vertex 91.9834 115.478 5
      vertex 92.1651 115.75 0
      vertex 92.1651 115.75 5
    endloop
  endfacet
  facet normal 0.831533 -0.555476 0
    outer loop
      vertex 92.1651 115.75 0
      vertex 91.9834 115.478 5
      vertex 91.9834 115.478 0
    endloop
  endfacet
  facet normal -0.658223 -0.752823 0
    outer loop
      vertex 88.2322 115.232 0
      vertex 88.4781 115.017 5
      vertex 88.2322 115.232 5
    endloop
  endfacet
  facet normal -0.658223 -0.752823 -0
    outer loop
      vertex 88.4781 115.017 5
      vertex 88.2322 115.232 0
      vertex 88.4781 115.017 0
    endloop
  endfacet
  facet normal 0.195704 -0.980663 0
    outer loop
      vertex 90.3263 114.521 0
      vertex 90.647 114.585 5
      vertex 90.3263 114.521 5
    endloop
  endfacet
  facet normal 0.195704 -0.980663 0
    outer loop
      vertex 90.647 114.585 5
      vertex 90.3263 114.521 0
      vertex 90.647 114.585 0
    endloop
  endfacet
  facet normal 0.896741 -0.442556 0
    outer loop
      vertex 92.1651 115.75 5
      vertex 92.3097 116.043 0
      vertex 92.3097 116.043 5
    endloop
  endfacet
  facet normal 0.896741 -0.442556 0
    outer loop
      vertex 92.3097 116.043 0
      vertex 92.1651 115.75 5
      vertex 92.1651 115.75 0
    endloop
  endfacet
  facet normal -0.980815 -0.194941 0
    outer loop
      vertex 87.5852 116.353 0
      vertex 87.5214 116.674 5
      vertex 87.5214 116.674 0
    endloop
  endfacet
  facet normal -0.980815 -0.194941 0
    outer loop
      vertex 87.5214 116.674 5
      vertex 87.5852 116.353 0
      vertex 87.5852 116.353 5
    endloop
  endfacet
  facet normal 0.947052 -0.321081 0
    outer loop
      vertex 92.3097 116.043 5
      vertex 92.4148 116.353 0
      vertex 92.4148 116.353 5
    endloop
  endfacet
  facet normal 0.947052 -0.321081 0
    outer loop
      vertex 92.4148 116.353 0
      vertex 92.3097 116.043 5
      vertex 92.3097 116.043 0
    endloop
  endfacet
  facet normal -0.947052 0.321081 0
    outer loop
      vertex 87.5852 117.647 0
      vertex 87.6903 117.957 5
      vertex 87.6903 117.957 0
    endloop
  endfacet
  facet normal -0.947052 0.321081 0
    outer loop
      vertex 87.6903 117.957 5
      vertex 87.5852 117.647 0
      vertex 87.5852 117.647 5
    endloop
  endfacet
  facet normal -0.0642251 0.997935 0
    outer loop
      vertex 90 119.5 0
      vertex 89.6737 119.479 5
      vertex 90 119.5 5
    endloop
  endfacet
  facet normal -0.0642251 0.997935 0
    outer loop
      vertex 89.6737 119.479 5
      vertex 90 119.5 0
      vertex 89.6737 119.479 0
    endloop
  endfacet
  facet normal -0.896741 -0.442556 0
    outer loop
      vertex 87.8349 115.75 0
      vertex 87.6903 116.043 5
      vertex 87.6903 116.043 0
    endloop
  endfacet
  facet normal -0.896741 -0.442556 0
    outer loop
      vertex 87.6903 116.043 5
      vertex 87.8349 115.75 0
      vertex 87.8349 115.75 5
    endloop
  endfacet
  facet normal 0.556251 0.831014 -0
    outer loop
      vertex 91.5219 118.983 0
      vertex 91.25 119.165 5
      vertex 91.5219 118.983 5
    endloop
  endfacet
  facet normal 0.556251 0.831014 0
    outer loop
      vertex 91.25 119.165 5
      vertex 91.5219 118.983 0
      vertex 91.25 119.165 0
    endloop
  endfacet
  facet normal -0.658223 0.752823 0
    outer loop
      vertex 88.4781 118.983 0
      vertex 88.2322 118.768 5
      vertex 88.4781 118.983 5
    endloop
  endfacet
  facet normal -0.658223 0.752823 0
    outer loop
      vertex 88.2322 118.768 5
      vertex 88.4781 118.983 0
      vertex 88.2322 118.768 0
    endloop
  endfacet
  facet normal -0.556251 0.831014 0
    outer loop
      vertex 88.75 119.165 0
      vertex 88.4781 118.983 5
      vertex 88.75 119.165 5
    endloop
  endfacet
  facet normal -0.556251 0.831014 0
    outer loop
      vertex 88.4781 118.983 5
      vertex 88.75 119.165 0
      vertex 88.4781 118.983 0
    endloop
  endfacet
  facet normal 0.195704 0.980663 -0
    outer loop
      vertex 90.647 119.415 0
      vertex 90.3263 119.479 5
      vertex 90.647 119.415 5
    endloop
  endfacet
  facet normal 0.195704 0.980663 0
    outer loop
      vertex 90.3263 119.479 5
      vertex 90.647 119.415 0
      vertex 90.3263 119.479 0
    endloop
  endfacet
  facet normal 0.980815 -0.194941 0
    outer loop
      vertex 92.4148 116.353 5
      vertex 92.4786 116.674 0
      vertex 92.4786 116.674 5
    endloop
  endfacet
  facet normal 0.980815 -0.194941 0
    outer loop
      vertex 92.4786 116.674 0
      vertex 92.4148 116.353 5
      vertex 92.4148 116.353 0
    endloop
  endfacet
  facet normal 0.658223 -0.752823 0
    outer loop
      vertex 91.5219 115.017 0
      vertex 91.7678 115.232 5
      vertex 91.5219 115.017 5
    endloop
  endfacet
  facet normal 0.658223 -0.752823 0
    outer loop
      vertex 91.7678 115.232 5
      vertex 91.5219 115.017 0
      vertex 91.7678 115.232 0
    endloop
  endfacet
  facet normal -0.997852 -0.0655032 0
    outer loop
      vertex 87.5214 116.674 0
      vertex 87.5 117 5
      vertex 87.5 117 0
    endloop
  endfacet
  facet normal -0.997852 -0.0655032 0
    outer loop
      vertex 87.5 117 5
      vertex 87.5214 116.674 0
      vertex 87.5214 116.674 5
    endloop
  endfacet
  facet normal 0.896741 0.442556 0
    outer loop
      vertex 92.3097 117.957 5
      vertex 92.1651 118.25 0
      vertex 92.1651 118.25 5
    endloop
  endfacet
  facet normal 0.896741 0.442556 0
    outer loop
      vertex 92.1651 118.25 0
      vertex 92.3097 117.957 5
      vertex 92.3097 117.957 0
    endloop
  endfacet
  facet normal 0.556251 -0.831014 0
    outer loop
      vertex 91.25 114.835 0
      vertex 91.5219 115.017 5
      vertex 91.25 114.835 5
    endloop
  endfacet
  facet normal 0.556251 -0.831014 0
    outer loop
      vertex 91.5219 115.017 5
      vertex 91.25 114.835 0
      vertex 91.5219 115.017 0
    endloop
  endfacet
  facet normal -0.195704 0.980663 0
    outer loop
      vertex 89.6737 119.479 0
      vertex 89.353 119.415 5
      vertex 89.6737 119.479 5
    endloop
  endfacet
  facet normal -0.195704 0.980663 0
    outer loop
      vertex 89.353 119.415 5
      vertex 89.6737 119.479 0
      vertex 89.353 119.415 0
    endloop
  endfacet
  facet normal -0.997852 0.0655032 0
    outer loop
      vertex 87.5 117 0
      vertex 87.5214 117.326 5
      vertex 87.5214 117.326 0
    endloop
  endfacet
  facet normal -0.997852 0.0655032 0
    outer loop
      vertex 87.5214 117.326 5
      vertex 87.5 117 0
      vertex 87.5 117 5
    endloop
  endfacet
  facet normal -0.321086 -0.94705 0
    outer loop
      vertex 89.0433 114.69 0
      vertex 89.353 114.585 5
      vertex 89.0433 114.69 5
    endloop
  endfacet
  facet normal -0.321086 -0.94705 -0
    outer loop
      vertex 89.353 114.585 5
      vertex 89.0433 114.69 0
      vertex 89.353 114.585 0
    endloop
  endfacet
  facet normal -0.947052 -0.321081 0
    outer loop
      vertex 87.6903 116.043 0
      vertex 87.5852 116.353 5
      vertex 87.5852 116.353 0
    endloop
  endfacet
  facet normal -0.947052 -0.321081 0
    outer loop
      vertex 87.5852 116.353 5
      vertex 87.6903 116.043 0
      vertex 87.6903 116.043 5
    endloop
  endfacet
  facet normal -0.752046 -0.65911 0
    outer loop
      vertex 88.2322 115.232 0
      vertex 88.0166 115.478 5
      vertex 88.0166 115.478 0
    endloop
  endfacet
  facet normal -0.752046 -0.65911 0
    outer loop
      vertex 88.0166 115.478 5
      vertex 88.2322 115.232 0
      vertex 88.2322 115.232 5
    endloop
  endfacet
  facet normal 0 0 1
    outer loop
      vertex 90.9 117 5
      vertex 92.5 117 5
      vertex 92.4786 117.326 5
    endloop
  endfacet
  facet normal 0 0 1
    outer loop
      vertex 90.8923 117.117 5
      vertex 92.4786 117.326 5
      vertex 92.4148 117.647 5
    endloop
  endfacet
  facet normal 0 0 1
    outer loop
      vertex 92.5 117 5
      vertex 90.9 117 5
      vertex 92.4786 116.674 5
    endloop
  endfacet
  facet normal 0 0 1
    outer loop
      vertex 90.8693 117.233 5
      vertex 92.4148 117.647 5
      vertex 92.3097 117.957 5
    endloop
  endfacet
  facet normal -0 0 1
    outer loop
      vertex 90.8923 116.883 5
      vertex 92.4786 116.674 5
      vertex 90.9 117 5
    endloop
  endfacet
  facet normal 0 0 1
    outer loop
      vertex 90.8315 117.344 5
      vertex 92.3097 117.957 5
      vertex 92.1651 118.25 5
    endloop
  endfacet
  facet normal 0 0 1
    outer loop
      vertex 92.4786 116.674 5
      vertex 90.8923 116.883 5
      vertex 92.4148 116.353 5
    endloop
  endfacet
  facet normal 0 0 1
    outer loop
      vertex 90.7794 117.45 5
      vertex 92.1651 118.25 5
      vertex 91.9834 118.522 5
    endloop
  endfacet
  facet normal -0 0 1
    outer loop
      vertex 90.8693 116.767 5
      vertex 92.4148 116.353 5
      vertex 90.8923 116.883 5
    endloop
  endfacet
  facet normal 0 0 1
    outer loop
      vertex 90.714 117.548 5
      vertex 91.9834 118.522 5
      vertex 91.7678 118.768 5
    endloop
  endfacet
  facet normal 0 0 1
    outer loop
      vertex 92.4148 116.353 5
      vertex 90.8693 116.767 5
      vertex 92.3097 116.043 5
    endloop
  endfacet
  facet normal 0 0 1
    outer loop
      vertex 90.6364 117.636 5
      vertex 91.7678 118.768 5
      vertex 91.5219 118.983 5
    endloop
  endfacet
  facet normal -0 0 1
    outer loop
      vertex 90.8315 116.656 5
      vertex 92.3097 116.043 5
      vertex 90.8693 116.767 5
    endloop
  endfacet
  facet normal 0 0 1
    outer loop
      vertex 90.5479 117.714 5
      vertex 91.5219 118.983 5
      vertex 91.25 119.165 5
    endloop
  endfacet
  facet normal 0 0 1
    outer loop
      vertex 92.3097 116.043 5
      vertex 90.8315 116.656 5
      vertex 92.1651 115.75 5
    endloop
  endfacet
  facet normal 0 0 1
    outer loop
      vertex 90.45 117.779 5
      vertex 91.25 119.165 5
      vertex 90.9567 119.31 5
    endloop
  endfacet
  facet normal -0 0 1
    outer loop
      vertex 90.7794 116.55 5
      vertex 92.1651 115.75 5
      vertex 90.8315 116.656 5
    endloop
  endfacet
  facet normal 0 0 1
    outer loop
      vertex 92.1651 115.75 5
      vertex 90.7794 116.55 5
      vertex 91.9834 115.478 5
    endloop
  endfacet
  facet normal 0 0 1
    outer loop
      vertex 92.4786 117.326 5
      vertex 90.8923 117.117 5
      vertex 90.9 117 5
    endloop
  endfacet
  facet normal 0 0 1
    outer loop
      vertex 92.4148 117.647 5
      vertex 90.8693 117.233 5
      vertex 90.8923 117.117 5
    endloop
  endfacet
  facet normal 0 0 1
    outer loop
      vertex 92.3097 117.957 5
      vertex 90.8315 117.344 5
      vertex 90.8693 117.233 5
    endloop
  endfacet
  facet normal 0 0 1
    outer loop
      vertex 92.1651 118.25 5
      vertex 90.7794 117.45 5
      vertex 90.8315 117.344 5
    endloop
  endfacet
  facet normal 0 0 1
    outer loop
      vertex 91.9834 118.522 5
      vertex 90.714 117.548 5
      vertex 90.7794 117.45 5
    endloop
  endfacet
  facet normal 0 0 1
    outer loop
      vertex 90.3444 117.831 5
      vertex 90.9567 119.31 5
      vertex 90.647 119.415 5
    endloop
  endfacet
  facet normal 0 0 1
    outer loop
      vertex 91.7678 118.768 5
      vertex 90.6364 117.636 5
      vertex 90.714 117.548 5
    endloop
  endfacet
  facet normal 0 0 1
    outer loop
      vertex 91.5219 118.983 5
      vertex 90.5479 117.714 5
      vertex 90.6364 117.636 5
    endloop
  endfacet
  facet normal 0 0 1
    outer loop
      vertex 91.25 119.165 5
      vertex 90.45 117.779 5
      vertex 90.5479 117.714 5
    endloop
  endfacet
  facet normal 0 0 1
    outer loop
      vertex 90.9567 119.31 5
      vertex 90.3444 117.831 5
      vertex 90.45 117.779 5
    endloop
  endfacet
  facet normal 0 0 1
    outer loop
      vertex 90.2329 117.869 5
      vertex 90.647 119.415 5
      vertex 90.3263 119.479 5
    endloop
  endfacet
  facet normal 0 0 1
    outer loop
      vertex 90.647 119.415 5
      vertex 90.2329 117.869 5
      vertex 90.3444 117.831 5
    endloop
  endfacet
  facet normal 0 0 1
    outer loop
      vertex 90.3263 119.479 5
      vertex 90.1175 117.892 5
      vertex 90.2329 117.869 5
    endloop
  endfacet
  facet normal 0 0 1
    outer loop
      vertex 90 119.5 5
      vertex 90.1175 117.892 5
      vertex 90.3263 119.479 5
    endloop
  endfacet
  facet normal 0 0 1
    outer loop
      vertex 90 119.5 5
      vertex 90 117.9 5
      vertex 90.1175 117.892 5
    endloop
  endfacet
  facet normal 0 0 1
    outer loop
      vertex 90 119.5 5
      vertex 89.8825 117.892 5
      vertex 90 117.9 5
    endloop
  endfacet
  facet normal -0 0 1
    outer loop
      vertex 89.6737 119.479 5
      vertex 89.8825 117.892 5
      vertex 90 119.5 5
    endloop
  endfacet
  facet normal 0 0 1
    outer loop
      vertex 89.8825 117.892 5
      vertex 89.6737 119.479 5
      vertex 89.7671 117.869 5
    endloop
  endfacet
  facet normal -0 0 1
    outer loop
      vertex 89.353 119.415 5
      vertex 89.7671 117.869 5
      vertex 89.6737 119.479 5
    endloop
  endfacet
  facet normal 0 0 1
    outer loop
      vertex 89.7671 117.869 5
      vertex 89.353 119.415 5
      vertex 89.6556 117.831 5
    endloop
  endfacet
  facet normal -0 0 1
    outer loop
      vertex 89.0433 119.31 5
      vertex 89.6556 117.831 5
      vertex 89.353 119.415 5
    endloop
  endfacet
  facet normal 0 0 1
    outer loop
      vertex 89.6556 117.831 5
      vertex 89.0433 119.31 5
      vertex 89.55 117.779 5
    endloop
  endfacet
  facet normal -0 0 1
    outer loop
      vertex 88.75 119.165 5
      vertex 89.55 117.779 5
      vertex 89.0433 119.31 5
    endloop
  endfacet
  facet normal 0 0 1
    outer loop
      vertex 89.55 117.779 5
      vertex 88.75 119.165 5
      vertex 89.4521 117.714 5
    endloop
  endfacet
  facet normal -0 0 1
    outer loop
      vertex 88.4781 118.983 5
      vertex 89.4521 117.714 5
      vertex 88.75 119.165 5
    endloop
  endfacet
  facet normal 0 0 1
    outer loop
      vertex 89.4521 117.714 5
      vertex 88.4781 118.983 5
      vertex 89.3636 117.636 5
    endloop
  endfacet
  facet normal -0 0 1
    outer loop
      vertex 88.2322 118.768 5
      vertex 89.3636 117.636 5
      vertex 88.4781 118.983 5
    endloop
  endfacet
  facet normal 0 0 1
    outer loop
      vertex 89.3636 117.636 5
      vertex 88.2322 118.768 5
      vertex 89.286 117.548 5
    endloop
  endfacet
  facet normal 0 0 1
    outer loop
      vertex 89.286 117.548 5
      vertex 88.0166 118.522 5
      vertex 89.2206 117.45 5
    endloop
  endfacet
  facet normal -0 0 1
    outer loop
      vertex 88.0166 118.522 5
      vertex 89.286 117.548 5
      vertex 88.2322 118.768 5
    endloop
  endfacet
  facet normal -0 0 1
    outer loop
      vertex 90.714 116.452 5
      vertex 91.9834 115.478 5
      vertex 90.7794 116.55 5
    endloop
  endfacet
  facet normal 0 0 1
    outer loop
      vertex 91.9834 115.478 5
      vertex 90.714 116.452 5
      vertex 91.7678 115.232 5
    endloop
  endfacet
  facet normal -0 0 1
    outer loop
      vertex 90.6364 116.364 5
      vertex 91.7678 115.232 5
      vertex 90.714 116.452 5
    endloop
  endfacet
  facet normal 0 0 1
    outer loop
      vertex 91.7678 115.232 5
      vertex 90.6364 116.364 5
      vertex 91.5219 115.017 5
    endloop
  endfacet
  facet normal -0 0 1
    outer loop
      vertex 90.5479 116.286 5
      vertex 91.5219 115.017 5
      vertex 90.6364 116.364 5
    endloop
  endfacet
  facet normal 0 0 1
    outer loop
      vertex 91.5219 115.017 5
      vertex 90.5479 116.286 5
      vertex 91.25 114.835 5
    endloop
  endfacet
  facet normal -0 0 1
    outer loop
      vertex 90.45 116.221 5
      vertex 91.25 114.835 5
      vertex 90.5479 116.286 5
    endloop
  endfacet
  facet normal 0 0 1
    outer loop
      vertex 91.25 114.835 5
      vertex 90.45 116.221 5
      vertex 90.9567 114.69 5
    endloop
  endfacet
  facet normal -0 0 1
    outer loop
      vertex 90.3444 116.169 5
      vertex 90.9567 114.69 5
      vertex 90.45 116.221 5
    endloop
  endfacet
  facet normal 0 0 1
    outer loop
      vertex 90.9567 114.69 5
      vertex 90.3444 116.169 5
      vertex 90.647 114.585 5
    endloop
  endfacet
  facet normal -0 0 1
    outer loop
      vertex 90.2329 116.131 5
      vertex 90.647 114.585 5
      vertex 90.3444 116.169 5
    endloop
  endfacet
  facet normal 0 0 1
    outer loop
      vertex 90.647 114.585 5
      vertex 90.2329 116.131 5
      vertex 90.3263 114.521 5
    endloop
  endfacet
  facet normal -0 0 1
    outer loop
      vertex 90.1175 116.108 5
      vertex 90.3263 114.521 5
      vertex 90.2329 116.131 5
    endloop
  endfacet
  facet normal -0 0 1
    outer loop
      vertex 90 116.1 5
      vertex 90.3263 114.521 5
      vertex 90.1175 116.108 5
    endloop
  endfacet
  facet normal 0 0 1
    outer loop
      vertex 90 116.1 5
      vertex 90 114.5 5
      vertex 90.3263 114.521 5
    endloop
  endfacet
  facet normal 0 0 1
    outer loop
      vertex 89.8825 116.108 5
      vertex 90 114.5 5
      vertex 90 116.1 5
    endloop
  endfacet
  facet normal 0 0 1
    outer loop
      vertex 89.6737 114.521 5
      vertex 89.8825 116.108 5
      vertex 89.7671 116.131 5
    endloop
  endfacet
  facet normal 0 0 1
    outer loop
      vertex 89.8825 116.108 5
      vertex 89.6737 114.521 5
      vertex 90 114.5 5
    endloop
  endfacet
  facet normal 0 0 1
    outer loop
      vertex 89.353 114.585 5
      vertex 89.7671 116.131 5
      vertex 89.6556 116.169 5
    endloop
  endfacet
  facet normal 0 0 1
    outer loop
      vertex 89.0433 114.69 5
      vertex 89.6556 116.169 5
      vertex 89.55 116.221 5
    endloop
  endfacet
  facet normal 0 0 1
    outer loop
      vertex 88.75 114.835 5
      vertex 89.55 116.221 5
      vertex 89.4521 116.286 5
    endloop
  endfacet
  facet normal 0 0 1
    outer loop
      vertex 88.4781 115.017 5
      vertex 89.4521 116.286 5
      vertex 89.3636 116.364 5
    endloop
  endfacet
  facet normal 0 0 1
    outer loop
      vertex 89.7671 116.131 5
      vertex 89.353 114.585 5
      vertex 89.6737 114.521 5
    endloop
  endfacet
  facet normal 0 0 1
    outer loop
      vertex 88.2322 115.232 5
      vertex 89.3636 116.364 5
      vertex 89.286 116.452 5
    endloop
  endfacet
  facet normal 0 0 1
    outer loop
      vertex 88.0166 115.478 5
      vertex 89.286 116.452 5
      vertex 89.2206 116.55 5
    endloop
  endfacet
  facet normal 0 0 1
    outer loop
      vertex 87.8349 115.75 5
      vertex 89.2206 116.55 5
      vertex 89.1685 116.656 5
    endloop
  endfacet
  facet normal 0 0 1
    outer loop
      vertex 87.6903 116.043 5
      vertex 89.1685 116.656 5
      vertex 89.1307 116.767 5
    endloop
  endfacet
  facet normal 0 0 1
    outer loop
      vertex 87.5852 116.353 5
      vertex 89.1307 116.767 5
      vertex 89.1077 116.883 5
    endloop
  endfacet
  facet normal 0 0 1
    outer loop
      vertex 89.6556 116.169 5
      vertex 89.0433 114.69 5
      vertex 89.353 114.585 5
    endloop
  endfacet
  facet normal 0 0 1
    outer loop
      vertex 87.5214 116.674 5
      vertex 89.1077 116.883 5
      vertex 89.1 117 5
    endloop
  endfacet
  facet normal -0 0 1
    outer loop
      vertex 87.8349 118.25 5
      vertex 89.2206 117.45 5
      vertex 88.0166 118.522 5
    endloop
  endfacet
  facet normal 0 0 1
    outer loop
      vertex 89.2206 117.45 5
      vertex 87.8349 118.25 5
      vertex 89.1685 117.344 5
    endloop
  endfacet
  facet normal 0 0 1
    outer loop
      vertex 89.55 116.221 5
      vertex 88.75 114.835 5
      vertex 89.0433 114.69 5
    endloop
  endfacet
  facet normal -0 0 1
    outer loop
      vertex 87.6903 117.957 5
      vertex 89.1685 117.344 5
      vertex 87.8349 118.25 5
    endloop
  endfacet
  facet normal 0 0 1
    outer loop
      vertex 89.4521 116.286 5
      vertex 88.4781 115.017 5
      vertex 88.75 114.835 5
    endloop
  endfacet
  facet normal 0 0 1
    outer loop
      vertex 89.1685 117.344 5
      vertex 87.6903 117.957 5
      vertex 89.1307 117.233 5
    endloop
  endfacet
  facet normal 0 0 1
    outer loop
      vertex 89.3636 116.364 5
      vertex 88.2322 115.232 5
      vertex 88.4781 115.017 5
    endloop
  endfacet
  facet normal -0 0 1
    outer loop
      vertex 87.5852 117.647 5
      vertex 89.1307 117.233 5
      vertex 87.6903 117.957 5
    endloop
  endfacet
  facet normal 0 0 1
    outer loop
      vertex 89.286 116.452 5
      vertex 88.0166 115.478 5
      vertex 88.2322 115.232 5
    endloop
  endfacet
  facet normal 0 0 1
    outer loop
      vertex 89.1307 117.233 5
      vertex 87.5852 117.647 5
      vertex 89.1077 117.117 5
    endloop
  endfacet
  facet normal 0 0 1
    outer loop
      vertex 89.2206 116.55 5
      vertex 87.8349 115.75 5
      vertex 88.0166 115.478 5
    endloop
  endfacet
  facet normal -0 0 1
    outer loop
      vertex 87.5214 117.326 5
      vertex 89.1077 117.117 5
      vertex 87.5852 117.647 5
    endloop
  endfacet
  facet normal 0 0 1
    outer loop
      vertex 89.1685 116.656 5
      vertex 87.6903 116.043 5
      vertex 87.8349 115.75 5
    endloop
  endfacet
  facet normal 0 0 1
    outer loop
      vertex 89.1077 117.117 5
      vertex 87.5214 117.326 5
      vertex 89.1 117 5
    endloop
  endfacet
  facet normal 0 0 1
    outer loop
      vertex 89.1307 116.767 5
      vertex 87.5852 116.353 5
      vertex 87.6903 116.043 5
    endloop
  endfacet
  facet normal 0 0 1
    outer loop
      vertex 87.5 117 5
      vertex 89.1 117 5
      vertex 87.5214 117.326 5
    endloop
  endfacet
  facet normal 0 0 1
    outer loop
      vertex 89.1077 116.883 5
      vertex 87.5214 116.674 5
      vertex 87.5852 116.353 5
    endloop
  endfacet
  facet normal 0 0 1
    outer loop
      vertex 89.1 117 5
      vertex 87.5 117 5
      vertex 87.5214 116.674 5
    endloop
  endfacet
  facet normal -0.831533 0.555476 0
    outer loop
      vertex 87.8349 118.25 0
      vertex 88.0166 118.522 5
      vertex 88.0166 118.522 0
    endloop
  endfacet
  facet normal -0.831533 0.555476 0
    outer loop
      vertex 88.0166 118.522 5
      vertex 87.8349 118.25 0
      vertex 87.8349 118.25 5
    endloop
  endfacet
  facet normal -0.322588 -0.94654 0
    outer loop
      vertex 90.2329 117.869 0.599999
      vertex 90.3444 117.831 5
      vertex 90.2329 117.869 5
    endloop
  endfacet
  facet normal -0.322588 -0.94654 -0
    outer loop
      vertex 90.3444 117.831 5
      vertex 90.2329 117.869 0.599999
      vertex 90.3444 117.831 0.599999
    endloop
  endfacet
  facet normal -0.980905 -0.19449 0
    outer loop
      vertex 90.8923 117.117 0.599999
      vertex 90.8693 117.233 5
      vertex 90.8693 117.233 0.599999
    endloop
  endfacet
  facet normal -0.980905 -0.19449 0
    outer loop
      vertex 90.8693 117.233 5
      vertex 90.8923 117.117 0.599999
      vertex 90.8923 117.117 5
    endloop
  endfacet
  facet normal -0.997841 -0.0656699 0
    outer loop
      vertex 90.9 117 0.599999
      vertex 90.8923 117.117 5
      vertex 90.8923 117.117 0.599999
    endloop
  endfacet
  facet normal -0.997841 -0.0656699 0
    outer loop
      vertex 90.8923 117.117 5
      vertex 90.9 117 0.599999
      vertex 90.9 117 5
    endloop
  endfacet
  facet normal -0.946617 -0.322361 0
    outer loop
      vertex 90.8693 117.233 0.599999
      vertex 90.8315 117.344 5
      vertex 90.8315 117.344 0.599999
    endloop
  endfacet
  facet normal -0.946617 -0.322361 0
    outer loop
      vertex 90.8315 117.344 5
      vertex 90.8693 117.233 0.599999
      vertex 90.8693 117.233 5
    endloop
  endfacet
  facet normal -0.441768 -0.897129 0
    outer loop
      vertex 90.3444 117.831 0.599999
      vertex 90.45 117.779 5
      vertex 90.3444 117.831 5
    endloop
  endfacet
  facet normal -0.441768 -0.897129 -0
    outer loop
      vertex 90.45 117.779 5
      vertex 90.3444 117.831 0.599999
      vertex 90.45 117.779 0.599999
    endloop
  endfacet
  facet normal 0.997841 0.0656699 0
    outer loop
      vertex 89.1077 116.883 5
      vertex 89.1 117 0.599999
      vertex 89.1 117 5
    endloop
  endfacet
  facet normal 0.997841 0.0656699 0
    outer loop
      vertex 89.1 117 0.599999
      vertex 89.1077 116.883 5
      vertex 89.1077 116.883 0.599999
    endloop
  endfacet
  facet normal -0.897454 -0.441107 0
    outer loop
      vertex 90.8315 117.344 0.599999
      vertex 90.7794 117.45 5
      vertex 90.7794 117.45 0.599999
    endloop
  endfacet
  facet normal -0.897454 -0.441107 0
    outer loop
      vertex 90.7794 117.45 5
      vertex 90.8315 117.344 0.599999
      vertex 90.8315 117.344 5
    endloop
  endfacet
  facet normal -0.831789 -0.555092 0
    outer loop
      vertex 90.7794 117.45 0.599999
      vertex 90.714 117.548 5
      vertex 90.714 117.548 0.599999
    endloop
  endfacet
  facet normal -0.831789 -0.555092 0
    outer loop
      vertex 90.714 117.548 5
      vertex 90.7794 117.45 0.599999
      vertex 90.7794 117.45 5
    endloop
  endfacet
  facet normal -0.661201 -0.750209 0
    outer loop
      vertex 90.5479 117.714 0.599999
      vertex 90.6364 117.636 5
      vertex 90.5479 117.714 5
    endloop
  endfacet
  facet normal -0.661201 -0.750209 -0
    outer loop
      vertex 90.6364 117.636 5
      vertex 90.5479 117.714 0.599999
      vertex 90.6364 117.636 0.599999
    endloop
  endfacet
  facet normal 0.661201 -0.750209 0
    outer loop
      vertex 89.3636 117.636 0.599999
      vertex 89.4521 117.714 5
      vertex 89.3636 117.636 5
    endloop
  endfacet
  facet normal 0.661201 -0.750209 0
    outer loop
      vertex 89.4521 117.714 5
      vertex 89.3636 117.636 0.599999
      vertex 89.4521 117.714 0.599999
    endloop
  endfacet
  facet normal -0.750037 -0.661396 0
    outer loop
      vertex 90.714 117.548 0.599999
      vertex 90.6364 117.636 5
      vertex 90.6364 117.636 0.599999
    endloop
  endfacet
  facet normal -0.750037 -0.661396 0
    outer loop
      vertex 90.6364 117.636 5
      vertex 90.714 117.548 0.599999
      vertex 90.714 117.548 5
    endloop
  endfacet
  facet normal 0.980905 -0.19449 0
    outer loop
      vertex 89.1077 117.117 5
      vertex 89.1307 117.233 0.599999
      vertex 89.1307 117.233 5
    endloop
  endfacet
  facet normal 0.980905 -0.19449 0
    outer loop
      vertex 89.1307 117.233 0.599999
      vertex 89.1077 117.117 5
      vertex 89.1077 117.117 0.599999
    endloop
  endfacet
  facet normal 0.553128 0.833096 -0
    outer loop
      vertex 89.55 116.221 0.599999
      vertex 89.4521 116.286 5
      vertex 89.55 116.221 5
    endloop
  endfacet
  facet normal 0.553128 0.833096 0
    outer loop
      vertex 89.4521 116.286 5
      vertex 89.55 116.221 0.599999
      vertex 89.4521 116.286 0.599999
    endloop
  endfacet
  facet normal 0.997841 -0.0656699 0
    outer loop
      vertex 89.1 117 5
      vertex 89.1077 117.117 0.599999
      vertex 89.1077 117.117 5
    endloop
  endfacet
  facet normal 0.997841 -0.0656699 0
    outer loop
      vertex 89.1077 117.117 0.599999
      vertex 89.1 117 5
      vertex 89.1 117 0.599999
    endloop
  endfacet
  facet normal 0.750037 0.661396 0
    outer loop
      vertex 89.3636 116.364 5
      vertex 89.286 116.452 0.599999
      vertex 89.286 116.452 5
    endloop
  endfacet
  facet normal 0.750037 0.661396 0
    outer loop
      vertex 89.286 116.452 0.599999
      vertex 89.3636 116.364 5
      vertex 89.3636 116.364 0.599999
    endloop
  endfacet
  facet normal -0.195462 0.980711 0
    outer loop
      vertex 90.2329 116.131 0.599999
      vertex 90.1175 116.108 5
      vertex 90.2329 116.131 5
    endloop
  endfacet
  facet normal -0.195462 0.980711 0
    outer loop
      vertex 90.1175 116.108 5
      vertex 90.2329 116.131 0.599999
      vertex 90.1175 116.108 0.599999
    endloop
  endfacet
  facet normal 0.441768 -0.897129 0
    outer loop
      vertex 89.55 117.779 0.599999
      vertex 89.6556 117.831 5
      vertex 89.55 117.779 5
    endloop
  endfacet
  facet normal 0.441768 -0.897129 0
    outer loop
      vertex 89.6556 117.831 5
      vertex 89.55 117.779 0.599999
      vertex 89.6556 117.831 0.599999
    endloop
  endfacet
  facet normal 0.322588 0.94654 -0
    outer loop
      vertex 89.7671 116.131 0.599999
      vertex 89.6556 116.169 5
      vertex 89.7671 116.131 5
    endloop
  endfacet
  facet normal 0.322588 0.94654 0
    outer loop
      vertex 89.6556 116.169 5
      vertex 89.7671 116.131 0.599999
      vertex 89.6556 116.169 0.599999
    endloop
  endfacet
  facet normal -0.980905 0.19449 0
    outer loop
      vertex 90.8693 116.767 0.599999
      vertex 90.8923 116.883 5
      vertex 90.8923 116.883 0.599999
    endloop
  endfacet
  facet normal -0.980905 0.19449 0
    outer loop
      vertex 90.8923 116.883 5
      vertex 90.8693 116.767 0.599999
      vertex 90.8693 116.767 5
    endloop
  endfacet
  facet normal 0.750037 -0.661396 0
    outer loop
      vertex 89.286 117.548 5
      vertex 89.3636 117.636 0.599999
      vertex 89.3636 117.636 5
    endloop
  endfacet
  facet normal 0.750037 -0.661396 0
    outer loop
      vertex 89.3636 117.636 0.599999
      vertex 89.286 117.548 5
      vertex 89.286 117.548 0.599999
    endloop
  endfacet
  facet normal -0.831789 0.555092 0
    outer loop
      vertex 90.714 116.452 0.599999
      vertex 90.7794 116.55 5
      vertex 90.7794 116.55 0.599999
    endloop
  endfacet
  facet normal -0.831789 0.555092 0
    outer loop
      vertex 90.7794 116.55 5
      vertex 90.714 116.452 0.599999
      vertex 90.714 116.452 5
    endloop
  endfacet
  facet normal 0.322588 -0.94654 0
    outer loop
      vertex 89.6556 117.831 0.599999
      vertex 89.7671 117.869 5
      vertex 89.6556 117.831 5
    endloop
  endfacet
  facet normal 0.322588 -0.94654 0
    outer loop
      vertex 89.7671 117.869 5
      vertex 89.6556 117.831 0.599999
      vertex 89.7671 117.869 0.599999
    endloop
  endfacet
  facet normal 0.980905 0.19449 0
    outer loop
      vertex 89.1307 116.767 5
      vertex 89.1077 116.883 0.599999
      vertex 89.1077 116.883 5
    endloop
  endfacet
  facet normal 0.980905 0.19449 0
    outer loop
      vertex 89.1077 116.883 0.599999
      vertex 89.1307 116.767 5
      vertex 89.1307 116.767 0.599999
    endloop
  endfacet
  facet normal 0.195462 0.980711 -0
    outer loop
      vertex 89.8825 116.108 0.599999
      vertex 89.7671 116.131 5
      vertex 89.8825 116.108 5
    endloop
  endfacet
  facet normal 0.195462 0.980711 0
    outer loop
      vertex 89.7671 116.131 5
      vertex 89.8825 116.108 0.599999
      vertex 89.7671 116.131 0.599999
    endloop
  endfacet
  facet normal -0.553128 -0.833096 0
    outer loop
      vertex 90.45 117.779 0.599999
      vertex 90.5479 117.714 5
      vertex 90.45 117.779 5
    endloop
  endfacet
  facet normal -0.553128 -0.833096 -0
    outer loop
      vertex 90.5479 117.714 5
      vertex 90.45 117.779 0.599999
      vertex 90.5479 117.714 0.599999
    endloop
  endfacet
  facet normal -0.946617 0.322361 0
    outer loop
      vertex 90.8315 116.656 0.599999
      vertex 90.8693 116.767 5
      vertex 90.8693 116.767 0.599999
    endloop
  endfacet
  facet normal -0.946617 0.322361 0
    outer loop
      vertex 90.8693 116.767 5
      vertex 90.8315 116.656 0.599999
      vertex 90.8315 116.656 5
    endloop
  endfacet
  facet normal -0.0679278 0.99769 0
    outer loop
      vertex 90.1175 116.108 0.599999
      vertex 90 116.1 5
      vertex 90.1175 116.108 5
    endloop
  endfacet
  facet normal -0.0679278 0.99769 0
    outer loop
      vertex 90 116.1 5
      vertex 90.1175 116.108 0.599999
      vertex 90 116.1 0.599999
    endloop
  endfacet
  facet normal -0.750037 0.661396 0
    outer loop
      vertex 90.6364 116.364 0.599999
      vertex 90.714 116.452 5
      vertex 90.714 116.452 0.599999
    endloop
  endfacet
  facet normal -0.750037 0.661396 0
    outer loop
      vertex 90.714 116.452 5
      vertex 90.6364 116.364 0.599999
      vertex 90.6364 116.364 5
    endloop
  endfacet
  facet normal 0.0679278 -0.99769 0
    outer loop
      vertex 89.8825 117.892 0.599999
      vertex 90 117.9 5
      vertex 89.8825 117.892 5
    endloop
  endfacet
  facet normal 0.0679278 -0.99769 0
    outer loop
      vertex 90 117.9 5
      vertex 89.8825 117.892 0.599999
      vertex 90 117.9 0.599999
    endloop
  endfacet
  facet normal -0.553128 0.833096 0
    outer loop
      vertex 90.5479 116.286 0.599999
      vertex 90.45 116.221 5
      vertex 90.5479 116.286 5
    endloop
  endfacet
  facet normal -0.553128 0.833096 0
    outer loop
      vertex 90.45 116.221 5
      vertex 90.5479 116.286 0.599999
      vertex 90.45 116.221 0.599999
    endloop
  endfacet
  facet normal 0.661201 0.750209 -0
    outer loop
      vertex 89.4521 116.286 0.599999
      vertex 89.3636 116.364 5
      vertex 89.4521 116.286 5
    endloop
  endfacet
  facet normal 0.661201 0.750209 0
    outer loop
      vertex 89.3636 116.364 5
      vertex 89.4521 116.286 0.599999
      vertex 89.3636 116.364 0.599999
    endloop
  endfacet
  facet normal 0.897454 -0.441107 0
    outer loop
      vertex 89.1685 117.344 5
      vertex 89.2206 117.45 0.599999
      vertex 89.2206 117.45 5
    endloop
  endfacet
  facet normal 0.897454 -0.441107 0
    outer loop
      vertex 89.2206 117.45 0.599999
      vertex 89.1685 117.344 5
      vertex 89.1685 117.344 0.599999
    endloop
  endfacet
  facet normal -0.0679278 -0.99769 0
    outer loop
      vertex 90 117.9 0.599999
      vertex 90.1175 117.892 5
      vertex 90 117.9 5
    endloop
  endfacet
  facet normal -0.0679278 -0.99769 -0
    outer loop
      vertex 90.1175 117.892 5
      vertex 90 117.9 0.599999
      vertex 90.1175 117.892 0.599999
    endloop
  endfacet
  facet normal -0.997841 0.0656699 0
    outer loop
      vertex 90.8923 116.883 0.599999
      vertex 90.9 117 5
      vertex 90.9 117 0.599999
    endloop
  endfacet
  facet normal -0.997841 0.0656699 0
    outer loop
      vertex 90.9 117 5
      vertex 90.8923 116.883 0.599999
      vertex 90.8923 116.883 5
    endloop
  endfacet
  facet normal 0.195462 -0.980711 0
    outer loop
      vertex 89.7671 117.869 0.599999
      vertex 89.8825 117.892 5
      vertex 89.7671 117.869 5
    endloop
  endfacet
  facet normal 0.195462 -0.980711 0
    outer loop
      vertex 89.8825 117.892 5
      vertex 89.7671 117.869 0.599999
      vertex 89.8825 117.892 0.599999
    endloop
  endfacet
  facet normal 0.553128 -0.833096 0
    outer loop
      vertex 89.4521 117.714 0.599999
      vertex 89.55 117.779 5
      vertex 89.4521 117.714 5
    endloop
  endfacet
  facet normal 0.553128 -0.833096 0
    outer loop
      vertex 89.55 117.779 5
      vertex 89.4521 117.714 0.599999
      vertex 89.55 117.779 0.599999
    endloop
  endfacet
  facet normal 0.0679278 0.99769 -0
    outer loop
      vertex 90 116.1 0.599999
      vertex 89.8825 116.108 5
      vertex 90 116.1 5
    endloop
  endfacet
  facet normal 0.0679278 0.99769 0
    outer loop
      vertex 89.8825 116.108 5
      vertex 90 116.1 0.599999
      vertex 89.8825 116.108 0.599999
    endloop
  endfacet
  facet normal -0.897454 0.441107 0
    outer loop
      vertex 90.7794 116.55 0.599999
      vertex 90.8315 116.656 5
      vertex 90.8315 116.656 0.599999
    endloop
  endfacet
  facet normal -0.897454 0.441107 0
    outer loop
      vertex 90.8315 116.656 5
      vertex 90.7794 116.55 0.599999
      vertex 90.7794 116.55 5
    endloop
  endfacet
  facet normal 0.946617 -0.322361 0
    outer loop
      vertex 89.1307 117.233 5
      vertex 89.1685 117.344 0.599999
      vertex 89.1685 117.344 5
    endloop
  endfacet
  facet normal 0.946617 -0.322361 0
    outer loop
      vertex 89.1685 117.344 0.599999
      vertex 89.1307 117.233 5
      vertex 89.1307 117.233 0.599999
    endloop
  endfacet
  facet normal 0.946617 0.322361 0
    outer loop
      vertex 89.1685 116.656 5
      vertex 89.1307 116.767 0.599999
      vertex 89.1307 116.767 5
    endloop
  endfacet
  facet normal 0.946617 0.322361 0
    outer loop
      vertex 89.1307 116.767 0.599999
      vertex 89.1685 116.656 5
      vertex 89.1685 116.656 0.599999
    endloop
  endfacet
  facet normal 0 0 1
    outer loop
      vertex 90.8923 117.117 0.599999
      vertex 90.8923 116.883 0.599999
      vertex 90.9 117 0.599999
    endloop
  endfacet
  facet normal 0 0 1
    outer loop
      vertex 90.8693 117.233 0.599999
      vertex 90.8923 116.883 0.599999
      vertex 90.8923 117.117 0.599999
    endloop
  endfacet
  facet normal 0 0 1
    outer loop
      vertex 90.8693 117.233 0.599999
      vertex 90.8693 116.767 0.599999
      vertex 90.8923 116.883 0.599999
    endloop
  endfacet
  facet normal 0 0 1
    outer loop
      vertex 90.8315 117.344 0.599999
      vertex 90.8693 116.767 0.599999
      vertex 90.8693 117.233 0.599999
    endloop
  endfacet
  facet normal 0 0 1
    outer loop
      vertex 90.8315 117.344 0.599999
      vertex 90.8315 116.656 0.599999
      vertex 90.8693 116.767 0.599999
    endloop
  endfacet
  facet normal 0 0 1
    outer loop
      vertex 90.7794 117.45 0.599999
      vertex 90.8315 116.656 0.599999
      vertex 90.8315 117.344 0.599999
    endloop
  endfacet
  facet normal 0 0 1
    outer loop
      vertex 90.7794 117.45 0.599999
      vertex 90.7794 116.55 0.599999
      vertex 90.8315 116.656 0.599999
    endloop
  endfacet
  facet normal 0 0 1
    outer loop
      vertex 90.714 117.548 0.599999
      vertex 90.7794 116.55 0.599999
      vertex 90.7794 117.45 0.599999
    endloop
  endfacet
  facet normal 0 0 1
    outer loop
      vertex 90.714 117.548 0.599999
      vertex 90.714 116.452 0.599999
      vertex 90.7794 116.55 0.599999
    endloop
  endfacet
  facet normal 0 0 1
    outer loop
      vertex 90.6364 117.636 0.599999
      vertex 90.714 116.452 0.599999
      vertex 90.714 117.548 0.599999
    endloop
  endfacet
  facet normal 0 0 1
    outer loop
      vertex 90.6364 117.636 0.599999
      vertex 90.6364 116.364 0.599999
      vertex 90.714 116.452 0.599999
    endloop
  endfacet
  facet normal 0 0 1
    outer loop
      vertex 90.5479 117.714 0.599999
      vertex 90.6364 116.364 0.599999
      vertex 90.6364 117.636 0.599999
    endloop
  endfacet
  facet normal 0 0 1
    outer loop
      vertex 90.5479 117.714 0.599999
      vertex 90.5479 116.286 0.599999
      vertex 90.6364 116.364 0.599999
    endloop
  endfacet
  facet normal 0 0 1
    outer loop
      vertex 90.45 117.779 0.599999
      vertex 90.5479 116.286 0.599999
      vertex 90.5479 117.714 0.599999
    endloop
  endfacet
  facet normal 0 0 1
    outer loop
      vertex 90.45 117.779 0.599999
      vertex 90.45 116.221 0.599999
      vertex 90.5479 116.286 0.599999
    endloop
  endfacet
  facet normal 0 0 1
    outer loop
      vertex 90.3444 117.831 0.599999
      vertex 90.45 116.221 0.599999
      vertex 90.45 117.779 0.599999
    endloop
  endfacet
  facet normal 0 0 1
    outer loop
      vertex 90.3444 117.831 0.599999
      vertex 90.3444 116.169 0.599999
      vertex 90.45 116.221 0.599999
    endloop
  endfacet
  facet normal 0 0 1
    outer loop
      vertex 90.2329 117.869 0.599999
      vertex 90.3444 116.169 0.599999
      vertex 90.3444 117.831 0.599999
    endloop
  endfacet
  facet normal 0 0 1
    outer loop
      vertex 90.2329 117.869 0.599999
      vertex 90.2329 116.131 0.599999
      vertex 90.3444 116.169 0.599999
    endloop
  endfacet
  facet normal 0 0 1
    outer loop
      vertex 90.1175 117.892 0.599999
      vertex 90.2329 116.131 0.599999
      vertex 90.2329 117.869 0.599999
    endloop
  endfacet
  facet normal 0 0 1
    outer loop
      vertex 90.1175 117.892 0.599999
      vertex 90.1175 116.108 0.599999
      vertex 90.2329 116.131 0.599999
    endloop
  endfacet
  facet normal 0 0 1
    outer loop
      vertex 90 117.9 0.599999
      vertex 90.1175 116.108 0.599999
      vertex 90.1175 117.892 0.599999
    endloop
  endfacet
  facet normal 0 0 1
    outer loop
      vertex 90 117.9 0.599999
      vertex 90 116.1 0.599999
      vertex 90.1175 116.108 0.599999
    endloop
  endfacet
  facet normal -0 0 1
    outer loop
      vertex 89.8825 117.892 0.599999
      vertex 90 116.1 0.599999
      vertex 90 117.9 0.599999
    endloop
  endfacet
  facet normal 0 0 1
    outer loop
      vertex 89.8825 117.892 0.599999
      vertex 89.8825 116.108 0.599999
      vertex 90 116.1 0.599999
    endloop
  endfacet
  facet normal -0 0 1
    outer loop
      vertex 89.7671 117.869 0.599999
      vertex 89.8825 116.108 0.599999
      vertex 89.8825 117.892 0.599999
    endloop
  endfacet
  facet normal 0 0 1
    outer loop
      vertex 89.7671 117.869 0.599999
      vertex 89.7671 116.131 0.599999
      vertex 89.8825 116.108 0.599999
    endloop
  endfacet
  facet normal -0 0 1
    outer loop
      vertex 89.6556 117.831 0.599999
      vertex 89.7671 116.131 0.599999
      vertex 89.7671 117.869 0.599999
    endloop
  endfacet
  facet normal 0 0 1
    outer loop
      vertex 89.6556 117.831 0.599999
      vertex 89.6556 116.169 0.599999
      vertex 89.7671 116.131 0.599999
    endloop
  endfacet
  facet normal -0 0 1
    outer loop
      vertex 89.55 117.779 0.599999
      vertex 89.6556 116.169 0.599999
      vertex 89.6556 117.831 0.599999
    endloop
  endfacet
  facet normal 0 0 1
    outer loop
      vertex 89.55 117.779 0.599999
      vertex 89.55 116.221 0.599999
      vertex 89.6556 116.169 0.599999
    endloop
  endfacet
  facet normal -0 0 1
    outer loop
      vertex 89.4521 117.714 0.599999
      vertex 89.55 116.221 0.599999
      vertex 89.55 117.779 0.599999
    endloop
  endfacet
  facet normal 0 0 1
    outer loop
      vertex 89.4521 117.714 0.599999
      vertex 89.4521 116.286 0.599999
      vertex 89.55 116.221 0.599999
    endloop
  endfacet
  facet normal -0 0 1
    outer loop
      vertex 89.3636 117.636 0.599999
      vertex 89.4521 116.286 0.599999
      vertex 89.4521 117.714 0.599999
    endloop
  endfacet
  facet normal 0 0 1
    outer loop
      vertex 89.3636 117.636 0.599999
      vertex 89.3636 116.364 0.599999
      vertex 89.4521 116.286 0.599999
    endloop
  endfacet
  facet normal -0 0 1
    outer loop
      vertex 89.286 117.548 0.599999
      vertex 89.3636 116.364 0.599999
      vertex 89.3636 117.636 0.599999
    endloop
  endfacet
  facet normal 0 0 1
    outer loop
      vertex 89.286 117.548 0.599999
      vertex 89.286 116.452 0.599999
      vertex 89.3636 116.364 0.599999
    endloop
  endfacet
  facet normal -0 0 1
    outer loop
      vertex 89.2206 117.45 0.599999
      vertex 89.286 116.452 0.599999
      vertex 89.286 117.548 0.599999
    endloop
  endfacet
  facet normal 0 0 1
    outer loop
      vertex 89.2206 117.45 0.599999
      vertex 89.2206 116.55 0.599999
      vertex 89.286 116.452 0.599999
    endloop
  endfacet
  facet normal -0 0 1
    outer loop
      vertex 89.1685 117.344 0.599999
      vertex 89.2206 116.55 0.599999
      vertex 89.2206 117.45 0.599999
    endloop
  endfacet
  facet normal 0 0 1
    outer loop
      vertex 89.1685 117.344 0.599999
      vertex 89.1685 116.656 0.599999
      vertex 89.2206 116.55 0.599999
    endloop
  endfacet
  facet normal -0 0 1
    outer loop
      vertex 89.1307 117.233 0.599999
      vertex 89.1685 116.656 0.599999
      vertex 89.1685 117.344 0.599999
    endloop
  endfacet
  facet normal 0 0 1
    outer loop
      vertex 89.1307 117.233 0.599999
      vertex 89.1307 116.767 0.599999
      vertex 89.1685 116.656 0.599999
    endloop
  endfacet
  facet normal -0 0 1
    outer loop
      vertex 89.1077 117.117 0.599999
      vertex 89.1307 116.767 0.599999
      vertex 89.1307 117.233 0.599999
    endloop
  endfacet
  facet normal 0 0 1
    outer loop
      vertex 89.1077 117.117 0.599999
      vertex 89.1077 116.883 0.599999
      vertex 89.1307 116.767 0.599999
    endloop
  endfacet
  facet normal 0 -0 1
    outer loop
      vertex 89.1077 116.883 0.599999
      vertex 89.1077 117.117 0.599999
      vertex 89.1 117 0.599999
    endloop
  endfacet
  facet normal 0.831789 -0.555092 0
    outer loop
      vertex 89.2206 117.45 5
      vertex 89.286 117.548 0.599999
      vertex 89.286 117.548 5
    endloop
  endfacet
  facet normal 0.831789 -0.555092 0
    outer loop
      vertex 89.286 117.548 0.599999
      vertex 89.2206 117.45 5
      vertex 89.2206 117.45 0.599999
    endloop
  endfacet
  facet normal -0.441768 0.897129 0
    outer loop
      vertex 90.45 116.221 0.599999
      vertex 90.3444 116.169 5
      vertex 90.45 116.221 5
    endloop
  endfacet
  facet normal -0.441768 0.897129 0
    outer loop
      vertex 90.3444 116.169 5
      vertex 90.45 116.221 0.599999
      vertex 90.3444 116.169 0.599999
    endloop
  endfacet
  facet normal -0.322588 0.94654 0
    outer loop
      vertex 90.3444 116.169 0.599999
      vertex 90.2329 116.131 5
      vertex 90.3444 116.169 5
    endloop
  endfacet
  facet normal -0.322588 0.94654 0
    outer loop
      vertex 90.2329 116.131 5
      vertex 90.3444 116.169 0.599999
      vertex 90.2329 116.131 0.599999
    endloop
  endfacet
  facet normal -0.661201 0.750209 0
    outer loop
      vertex 90.6364 116.364 0.599999
      vertex 90.5479 116.286 5
      vertex 90.6364 116.364 5
    endloop
  endfacet
  facet normal -0.661201 0.750209 0
    outer loop
      vertex 90.5479 116.286 5
      vertex 90.6364 116.364 0.599999
      vertex 90.5479 116.286 0.599999
    endloop
  endfacet
  facet normal 0.897454 0.441107 0
    outer loop
      vertex 89.2206 116.55 5
      vertex 89.1685 116.656 0.599999
      vertex 89.1685 116.656 5
    endloop
  endfacet
  facet normal 0.897454 0.441107 0
    outer loop
      vertex 89.1685 116.656 0.599999
      vertex 89.2206 116.55 5
      vertex 89.2206 116.55 0.599999
    endloop
  endfacet
  facet normal -0.195462 -0.980711 0
    outer loop
      vertex 90.1175 117.892 0.599999
      vertex 90.2329 117.869 5
      vertex 90.1175 117.892 5
    endloop
  endfacet
  facet normal -0.195462 -0.980711 -0
    outer loop
      vertex 90.2329 117.869 5
      vertex 90.1175 117.892 0.599999
      vertex 90.2329 117.869 0.599999
    endloop
  endfacet
  facet normal 0.441768 0.897129 -0
    outer loop
      vertex 89.6556 116.169 0.599999
      vertex 89.55 116.221 5
      vertex 89.6556 116.169 5
    endloop
  endfacet
  facet normal 0.441768 0.897129 0
    outer loop
      vertex 89.55 116.221 5
      vertex 89.6556 116.169 0.599999
      vertex 89.55 116.221 0.599999
    endloop
  endfacet
  facet normal 0.831789 0.555092 0
    outer loop
      vertex 89.286 116.452 5
      vertex 89.2206 116.55 0.599999
      vertex 89.2206 116.55 5
    endloop
  endfacet
  facet normal 0.831789 0.555092 0
    outer loop
      vertex 89.2206 116.55 0.599999
      vertex 89.286 116.452 5
      vertex 89.286 116.452 0.599999
    endloop
  endfacet
  facet normal 1 -0 0
    outer loop
      vertex 176 120.862 5
      vertex 176 121 0
      vertex 176 121 5
    endloop
  endfacet
  facet normal 1 0 0
    outer loop
      vertex 176 121 0
      vertex 176 120.862 5
      vertex 176 120.862 0
    endloop
  endfacet
  facet normal 0 0 1
    outer loop
      vertex 176 121 5
      vertex 175.936 120.936 5
      vertex 176 120.862 5
    endloop
  endfacet
  facet normal 0 -0 1
    outer loop
      vertex 175.936 120.936 5
      vertex 176 121 5
      vertex 175.862 121 5
    endloop
  endfacet
  facet normal 0 0 1
    outer loop
      vertex 129 120 5
      vertex 95.6 119.4 5
      vertex 129 119.4 5
    endloop
  endfacet
  facet normal 0 0 1
    outer loop
      vertex 95.6 119.4 5
      vertex 94 120 5
      vertex 95.6 97.6 5
    endloop
  endfacet
  facet normal -0 0 1
    outer loop
      vertex 94 120 5
      vertex 95.6 119.4 5
      vertex 129 120 5
    endloop
  endfacet
  facet normal -0 0 1
    outer loop
      vertex 95.6 97.6 5
      vertex 129 96 5
      vertex 129 97.6 5
    endloop
  endfacet
  facet normal 0 0 1
    outer loop
      vertex 95.6 97.6 5
      vertex 94 96 5
      vertex 129 96 5
    endloop
  endfacet
  facet normal 0 0 1
    outer loop
      vertex 94 96 5
      vertex 95.6 97.6 5
      vertex 94 120 5
    endloop
  endfacet
  facet normal 0 0 1
    outer loop
      vertex 174.4 97.6 5
      vertex 175 114.676 5
      vertex 174.864 114.4 5
    endloop
  endfacet
  facet normal 0 0 1
    outer loop
      vertex 174.4 97.6 5
      vertex 174.864 114.4 5
      vertex 174.573 113.965 5
    endloop
  endfacet
  facet normal 0 0 1
    outer loop
      vertex 174.4 97.6 5
      vertex 174.573 113.965 5
      vertex 174.4 113.767 5
    endloop
  endfacet
  facet normal 0 0 1
    outer loop
      vertex 175 114.676 5
      vertex 174.4 97.6 5
      vertex 175 96 5
    endloop
  endfacet
  facet normal 0 0 1
    outer loop
      vertex 141 96 5
      vertex 174.4 97.6 5
      vertex 141 97.6 5
    endloop
  endfacet
  facet normal 0 0 1
    outer loop
      vertex 174.4 97.6 5
      vertex 141 96 5
      vertex 175 96 5
    endloop
  endfacet
  facet normal -0 0 1
    outer loop
      vertex 141 120 5
      vertex 169.4 119.864 5
      vertex 169.676 120 5
    endloop
  endfacet
  facet normal 0 0 1
    outer loop
      vertex 141 120 5
      vertex 168.965 119.573 5
      vertex 169.4 119.864 5
    endloop
  endfacet
  facet normal 0 0 1
    outer loop
      vertex 141 120 5
      vertex 168.767 119.4 5
      vertex 168.965 119.573 5
    endloop
  endfacet
  facet normal 0 0 1
    outer loop
      vertex 168.767 119.4 5
      vertex 141 120 5
      vertex 141 119.4 5
    endloop
  endfacet
  facet normal -1 0 0
    outer loop
      vertex 94 96 0
      vertex 94 120 5
      vertex 94 120 0
    endloop
  endfacet
  facet normal -1 -0 0
    outer loop
      vertex 94 120 5
      vertex 94 96 0
      vertex 94 96 5
    endloop
  endfacet
  facet normal 0 1 -0
    outer loop
      vertex 176 121 0
      vertex 175.862 121 5
      vertex 176 121 5
    endloop
  endfacet
  facet normal 0 1 0
    outer loop
      vertex 175.862 121 5
      vertex 176 121 0
      vertex 175.862 121 0
    endloop
  endfacet
  facet normal 0 -1 0
    outer loop
      vertex 94 96 5
      vertex 129 96 1.5
      vertex 129 96 5
    endloop
  endfacet
  facet normal 0 -1 -0
    outer loop
      vertex 129 96 1.5
      vertex 94 96 0
      vertex 141 96 1.5
    endloop
  endfacet
  facet normal 0 -1 0
    outer loop
      vertex 94 96 0
      vertex 129 96 1.5
      vertex 94 96 5
    endloop
  endfacet
  facet normal 0 -1 0
    outer loop
      vertex 141 96 1.5
      vertex 175 96 5
      vertex 141 96 5
    endloop
  endfacet
  facet normal 0 -1 0
    outer loop
      vertex 141 96 1.5
      vertex 175 96 0
      vertex 175 96 5
    endloop
  endfacet
  facet normal 0 -1 0
    outer loop
      vertex 175 96 0
      vertex 141 96 1.5
      vertex 94 96 0
    endloop
  endfacet
  facet normal -1 0 0
    outer loop
      vertex 174.4 97.6 0
      vertex 174.4 113.767 5
      vertex 174.4 113.767 0
    endloop
  endfacet
  facet normal -1 -0 0
    outer loop
      vertex 174.4 113.767 5
      vertex 174.4 97.6 0
      vertex 174.4 97.6 5
    endloop
  endfacet
  facet normal 1 -0 0
    outer loop
      vertex 95.6 97.6 5
      vertex 95.6 119.4 0
      vertex 95.6 119.4 5
    endloop
  endfacet
  facet normal 1 0 0
    outer loop
      vertex 95.6 119.4 0
      vertex 95.6 97.6 5
      vertex 95.6 97.6 0
    endloop
  endfacet
  facet normal 0 -1 0
    outer loop
      vertex 95.6 119.4 5
      vertex 129 119.4 1.5
      vertex 129 119.4 5
    endloop
  endfacet
  facet normal 0 -1 -0
    outer loop
      vertex 129 119.4 1.5
      vertex 95.6 119.4 0
      vertex 141 119.4 1.5
    endloop
  endfacet
  facet normal 0 -1 0
    outer loop
      vertex 95.6 119.4 0
      vertex 129 119.4 1.5
      vertex 95.6 119.4 5
    endloop
  endfacet
  facet normal 0 -1 0
    outer loop
      vertex 141 119.4 1.5
      vertex 168.767 119.4 5
      vertex 141 119.4 5
    endloop
  endfacet
  facet normal 0 -1 0
    outer loop
      vertex 141 119.4 1.5
      vertex 168.767 119.4 0
      vertex 168.767 119.4 5
    endloop
  endfacet
  facet normal 0 -1 0
    outer loop
      vertex 168.767 119.4 0
      vertex 141 119.4 1.5
      vertex 95.6 119.4 0
    endloop
  endfacet
  facet normal 0 1 0
    outer loop
      vertex 174.4 97.6 5
      vertex 141 97.6 1.5
      vertex 141 97.6 5
    endloop
  endfacet
  facet normal 0 1 0
    outer loop
      vertex 141 97.6 1.5
      vertex 174.4 97.6 0
      vertex 129 97.6 1.5
    endloop
  endfacet
  facet normal 0 1 -0
    outer loop
      vertex 174.4 97.6 0
      vertex 141 97.6 1.5
      vertex 174.4 97.6 5
    endloop
  endfacet
  facet normal 0 1 -0
    outer loop
      vertex 129 97.6 1.5
      vertex 95.6 97.6 5
      vertex 129 97.6 5
    endloop
  endfacet
  facet normal 0 1 0
    outer loop
      vertex 129 97.6 1.5
      vertex 95.6 97.6 0
      vertex 95.6 97.6 5
    endloop
  endfacet
  facet normal 0 1 0
    outer loop
      vertex 95.6 97.6 0
      vertex 129 97.6 1.5
      vertex 174.4 97.6 0
    endloop
  endfacet
  facet normal -1 0 0
    outer loop
      vertex 141 96 1.5
      vertex 141 97.6 5
      vertex 141 97.6 1.5
    endloop
  endfacet
  facet normal -1 -0 0
    outer loop
      vertex 141 97.6 5
      vertex 141 96 1.5
      vertex 141 96 5
    endloop
  endfacet
  facet normal -1 0 0
    outer loop
      vertex 141 119.4 1.5
      vertex 141 120 5
      vertex 141 120 1.5
    endloop
  endfacet
  facet normal -1 -0 0
    outer loop
      vertex 141 120 5
      vertex 141 119.4 1.5
      vertex 141 119.4 5
    endloop
  endfacet
  facet normal -0 0 1
    outer loop
      vertex 129 97.6 1.5
      vertex 141 96 1.5
      vertex 141 97.6 1.5
    endloop
  endfacet
  facet normal 0 0 1
    outer loop
      vertex 141 96 1.5
      vertex 129 97.6 1.5
      vertex 129 96 1.5
    endloop
  endfacet
  facet normal -0 0 1
    outer loop
      vertex 129 120 1.5
      vertex 141 119.4 1.5
      vertex 141 120 1.5
    endloop
  endfacet
  facet normal 0 0 1
    outer loop
      vertex 141 119.4 1.5
      vertex 129 120 1.5
      vertex 129 119.4 1.5
    endloop
  endfacet
  facet normal 1 -0 0
    outer loop
      vertex 129 96 5
      vertex 129 97.6 1.5
      vertex 129 97.6 5
    endloop
  endfacet
  facet normal 1 0 0
    outer loop
      vertex 129 97.6 1.5
      vertex 129 96 5
      vertex 129 96 1.5
    endloop
  endfacet
  facet normal 1 -0 0
    outer loop
      vertex 129 119.4 5
      vertex 129 120 1.5
      vertex 129 120 5
    endloop
  endfacet
  facet normal 1 0 0
    outer loop
      vertex 129 120 1.5
      vertex 129 119.4 5
      vertex 129 119.4 1.5
    endloop
  endfacet
  facet normal 1 -0 0
    outer loop
      vertex 176.5 68.75 2
      vertex 176.5 80.75 1.7
      vertex 176.5 80.75 2
    endloop
  endfacet
  facet normal 1 0 0
    outer loop
      vertex 176.5 80.75 1.7
      vertex 176.5 68.75 2
      vertex 176.5 68.75 1.7
    endloop
  endfacet
  facet normal 0 0 1
    outer loop
      vertex 155.5 87.5 4.5
      vertex 148.1 85.9 4.5
      vertex 155.5 85.9 4.5
    endloop
  endfacet
  facet normal 0 0 1
    outer loop
      vertex 148.1 85.9 4.5
      vertex 146.5 87.5 4.5
      vertex 148.1 63.6 4.5
    endloop
  endfacet
  facet normal -0 0 1
    outer loop
      vertex 146.5 87.5 4.5
      vertex 148.1 85.9 4.5
      vertex 155.5 87.5 4.5
    endloop
  endfacet
  facet normal -0 0 1
    outer loop
      vertex 148.1 63.6 4.5
      vertex 155.5 62 4.5
      vertex 155.5 63.6 4.5
    endloop
  endfacet
  facet normal 0 0 1
    outer loop
      vertex 148.1 63.6 4.5
      vertex 146.5 62 4.5
      vertex 155.5 62 4.5
    endloop
  endfacet
  facet normal 0 0 1
    outer loop
      vertex 146.5 62 4.5
      vertex 148.1 63.6 4.5
      vertex 146.5 87.5 4.5
    endloop
  endfacet
  facet normal 0 0 1
    outer loop
      vertex 175 87.5 4.5
      vertex 174.9 85.9 4.5
      vertex 175 85.5 4.5
    endloop
  endfacet
  facet normal -0 0 1
    outer loop
      vertex 167.5 87.5 4.5
      vertex 174.9 85.9 4.5
      vertex 175 87.5 4.5
    endloop
  endfacet
  facet normal 0 0 1
    outer loop
      vertex 174.9 85.9 4.5
      vertex 167.5 87.5 4.5
      vertex 167.5 85.9 4.5
    endloop
  endfacet
  facet normal 0 0 1
    outer loop
      vertex 175 85.5 4.5
      vertex 174.9 85.9 4.5
      vertex 174.9 85.5 4.5
    endloop
  endfacet
  facet normal 0 0 1
    outer loop
      vertex 174.9 63.6 4.5
      vertex 175 64 4.5
      vertex 174.9 64 4.5
    endloop
  endfacet
  facet normal 0 0 1
    outer loop
      vertex 175 64 4.5
      vertex 174.9 63.6 4.5
      vertex 175 62 4.5
    endloop
  endfacet
  facet normal 0 0 1
    outer loop
      vertex 167.5 62 4.5
      vertex 174.9 63.6 4.5
      vertex 167.5 63.6 4.5
    endloop
  endfacet
  facet normal 0 0 1
    outer loop
      vertex 174.9 63.6 4.5
      vertex 167.5 62 4.5
      vertex 175 62 4.5
    endloop
  endfacet
  facet normal -0 0 1
    outer loop
      vertex 148.1 85.9 2
      vertex 174.9 85.5 2
      vertex 174.9 85.9 2
    endloop
  endfacet
  facet normal 0 0 1
    outer loop
      vertex 174.9 85.5 2
      vertex 148.1 85.9 2
      vertex 174.9 64 2
    endloop
  endfacet
  facet normal 0 0 1
    outer loop
      vertex 148.1 63.6 2
      vertex 174.9 64 2
      vertex 148.1 85.9 2
    endloop
  endfacet
  facet normal 0 0 1
    outer loop
      vertex 174.9 64 2
      vertex 148.1 63.6 2
      vertex 174.9 63.6 2
    endloop
  endfacet
  facet normal -0 0 1
    outer loop
      vertex 174.9 85.5 2
      vertex 175 80.75 2
      vertex 175 85.5 2
    endloop
  endfacet
  facet normal 0 0 1
    outer loop
      vertex 175 80.75 2
      vertex 174.9 85.5 2
      vertex 175 68.75 2
    endloop
  endfacet
  facet normal 0 0 1
    outer loop
      vertex 174.9 64 2
      vertex 175 68.75 2
      vertex 174.9 85.5 2
    endloop
  endfacet
  facet normal 0 0 1
    outer loop
      vertex 175 68.75 2
      vertex 174.9 64 2
      vertex 175 64 2
    endloop
  endfacet
  facet normal -0 0 1
    outer loop
      vertex 175 80.75 2
      vertex 176.5 68.75 2
      vertex 176.5 80.75 2
    endloop
  endfacet
  facet normal 0 0 1
    outer loop
      vertex 176.5 68.75 2
      vertex 175 80.75 2
      vertex 175 68.75 2
    endloop
  endfacet
  facet normal -1 0 0
    outer loop
      vertex 146.5 62 0
      vertex 146.5 87.5 4.5
      vertex 146.5 87.5 0
    endloop
  endfacet
  facet normal -1 -0 0
    outer loop
      vertex 146.5 87.5 4.5
      vertex 146.5 62 0
      vertex 146.5 62 4.5
    endloop
  endfacet
  facet normal 0 1 0
    outer loop
      vertex 175 87.5 4.5
      vertex 167.5 87.5 3.5
      vertex 167.5 87.5 4.5
    endloop
  endfacet
  facet normal 0 1 0
    outer loop
      vertex 167.5 87.5 3.5
      vertex 175 87.5 0
      vertex 155.5 87.5 3.5
    endloop
  endfacet
  facet normal 0 1 -0
    outer loop
      vertex 175 87.5 0
      vertex 167.5 87.5 3.5
      vertex 175 87.5 4.5
    endloop
  endfacet
  facet normal 0 1 -0
    outer loop
      vertex 155.5 87.5 3.5
      vertex 146.5 87.5 4.5
      vertex 155.5 87.5 4.5
    endloop
  endfacet
  facet normal 0 1 0
    outer loop
      vertex 146.5 87.5 0
      vertex 155.5 87.5 3.5
      vertex 175 87.5 0
    endloop
  endfacet
  facet normal 0 1 0
    outer loop
      vertex 155.5 87.5 3.5
      vertex 146.5 87.5 0
      vertex 146.5 87.5 4.5
    endloop
  endfacet
  facet normal 0 -1 0
    outer loop
      vertex 146.5 62 4.5
      vertex 155.5 62 3.5
      vertex 155.5 62 4.5
    endloop
  endfacet
  facet normal 0 -1 0
    outer loop
      vertex 175 62 0
      vertex 155.5 62 3.5
      vertex 146.5 62 0
    endloop
  endfacet
  facet normal 0 -1 0
    outer loop
      vertex 146.5 62 0
      vertex 155.5 62 3.5
      vertex 146.5 62 4.5
    endloop
  endfacet
  facet normal 0 -1 0
    outer loop
      vertex 167.5 62 3.5
      vertex 175 62 4.5
      vertex 167.5 62 4.5
    endloop
  endfacet
  facet normal 0 -1 0
    outer loop
      vertex 155.5 62 3.5
      vertex 175 62 0
      vertex 167.5 62 3.5
    endloop
  endfacet
  facet normal 0 -1 0
    outer loop
      vertex 167.5 62 3.5
      vertex 175 62 0
      vertex 175 62 4.5
    endloop
  endfacet
  facet normal -1 0 0
    outer loop
      vertex 174.9 85.5 2
      vertex 174.9 85.9 4.5
      vertex 174.9 85.9 2
    endloop
  endfacet
  facet normal -1 -0 0
    outer loop
      vertex 174.9 85.9 4.5
      vertex 174.9 85.5 2
      vertex 174.9 85.5 4.5
    endloop
  endfacet
  facet normal -1 0 0
    outer loop
      vertex 174.9 63.6 2
      vertex 174.9 64 4.5
      vertex 174.9 64 2
    endloop
  endfacet
  facet normal -1 -0 0
    outer loop
      vertex 174.9 64 4.5
      vertex 174.9 63.6 2
      vertex 174.9 63.6 4.5
    endloop
  endfacet
  facet normal 1 -0 0
    outer loop
      vertex 148.1 63.6 4.5
      vertex 148.1 85.9 2
      vertex 148.1 85.9 4.5
    endloop
  endfacet
  facet normal 1 0 0
    outer loop
      vertex 148.1 85.9 2
      vertex 148.1 63.6 4.5
      vertex 148.1 63.6 2
    endloop
  endfacet
  facet normal 0 -1 0
    outer loop
      vertex 148.1 85.9 4.5
      vertex 155.5 85.9 3.5
      vertex 155.5 85.9 4.5
    endloop
  endfacet
  facet normal 0 -1 -0
    outer loop
      vertex 155.5 85.9 3.5
      vertex 148.1 85.9 2
      vertex 167.5 85.9 3.5
    endloop
  endfacet
  facet normal 0 -1 0
    outer loop
      vertex 148.1 85.9 2
      vertex 155.5 85.9 3.5
      vertex 148.1 85.9 4.5
    endloop
  endfacet
  facet normal 0 -1 0
    outer loop
      vertex 167.5 85.9 3.5
      vertex 174.9 85.9 4.5
      vertex 167.5 85.9 4.5
    endloop
  endfacet
  facet normal 0 -1 0
    outer loop
      vertex 167.5 85.9 3.5
      vertex 174.9 85.9 2
      vertex 174.9 85.9 4.5
    endloop
  endfacet
  facet normal 0 -1 0
    outer loop
      vertex 174.9 85.9 2
      vertex 167.5 85.9 3.5
      vertex 148.1 85.9 2
    endloop
  endfacet
  facet normal 0 1 0
    outer loop
      vertex 174.9 63.6 4.5
      vertex 167.5 63.6 3.5
      vertex 167.5 63.6 4.5
    endloop
  endfacet
  facet normal 0 1 0
    outer loop
      vertex 167.5 63.6 3.5
      vertex 174.9 63.6 2
      vertex 155.5 63.6 3.5
    endloop
  endfacet
  facet normal 0 1 -0
    outer loop
      vertex 174.9 63.6 2
      vertex 167.5 63.6 3.5
      vertex 174.9 63.6 4.5
    endloop
  endfacet
  facet normal 0 1 -0
    outer loop
      vertex 155.5 63.6 3.5
      vertex 148.1 63.6 4.5
      vertex 155.5 63.6 4.5
    endloop
  endfacet
  facet normal 0 1 0
    outer loop
      vertex 155.5 63.6 3.5
      vertex 148.1 63.6 2
      vertex 148.1 63.6 4.5
    endloop
  endfacet
  facet normal 0 1 0
    outer loop
      vertex 148.1 63.6 2
      vertex 155.5 63.6 3.5
      vertex 174.9 63.6 2
    endloop
  endfacet
  facet normal 0 -1 0
    outer loop
      vertex 174.9 85.5 2
      vertex 175 85.5 4.5
      vertex 174.9 85.5 4.5
    endloop
  endfacet
  facet normal 0 -1 -0
    outer loop
      vertex 175 85.5 4.5
      vertex 174.9 85.5 2
      vertex 175 85.5 2
    endloop
  endfacet
  facet normal 0 1 -0
    outer loop
      vertex 175 64 2
      vertex 174.9 64 4.5
      vertex 175 64 4.5
    endloop
  endfacet
  facet normal 0 1 0
    outer loop
      vertex 174.9 64 4.5
      vertex 175 64 2
      vertex 174.9 64 2
    endloop
  endfacet
  facet normal -1 0 0
    outer loop
      vertex 167.5 85.9 3.5
      vertex 167.5 87.5 4.5
      vertex 167.5 87.5 3.5
    endloop
  endfacet
  facet normal -1 -0 0
    outer loop
      vertex 167.5 87.5 4.5
      vertex 167.5 85.9 3.5
      vertex 167.5 85.9 4.5
    endloop
  endfacet
  facet normal -1 0 0
    outer loop
      vertex 167.5 62 3.5
      vertex 167.5 63.6 4.5
      vertex 167.5 63.6 3.5
    endloop
  endfacet
  facet normal -1 -0 0
    outer loop
      vertex 167.5 63.6 4.5
      vertex 167.5 62 3.5
      vertex 167.5 62 4.5
    endloop
  endfacet
  facet normal -0 0 1
    outer loop
      vertex 155.5 87.5 3.5
      vertex 167.5 85.9 3.5
      vertex 167.5 87.5 3.5
    endloop
  endfacet
  facet normal 0 0 1
    outer loop
      vertex 167.5 85.9 3.5
      vertex 155.5 87.5 3.5
      vertex 155.5 85.9 3.5
    endloop
  endfacet
  facet normal -0 0 1
    outer loop
      vertex 155.5 63.6 3.5
      vertex 167.5 62 3.5
      vertex 167.5 63.6 3.5
    endloop
  endfacet
  facet normal 0 0 1
    outer loop
      vertex 167.5 62 3.5
      vertex 155.5 63.6 3.5
      vertex 155.5 62 3.5
    endloop
  endfacet
  facet normal 1 -0 0
    outer loop
      vertex 155.5 85.9 4.5
      vertex 155.5 87.5 3.5
      vertex 155.5 87.5 4.5
    endloop
  endfacet
  facet normal 1 0 0
    outer loop
      vertex 155.5 87.5 3.5
      vertex 155.5 85.9 4.5
      vertex 155.5 85.9 3.5
    endloop
  endfacet
  facet normal 1 -0 0
    outer loop
      vertex 155.5 62 4.5
      vertex 155.5 63.6 3.5
      vertex 155.5 63.6 4.5
    endloop
  endfacet
  facet normal 1 0 0
    outer loop
      vertex 155.5 63.6 3.5
      vertex 155.5 62 4.5
      vertex 155.5 62 3.5
    endloop
  endfacet
endsolid OpenSCAD_Model
