solid OpenSCAD_Model
  facet normal -0.980761 -0.195212 0
    outer loop
      vertex 11.5029 94.1 3
      vertex 11.424 94.4964 7
      vertex 11.424 94.4964 3
    endloop
  endfacet
  facet normal -0.980761 -0.195212 0
    outer loop
      vertex 11.424 94.4964 7
      vertex 11.5029 94.1 3
      vertex 11.5029 94.1 7
    endloop
  endfacet
  facet normal 0.195193 0.980765 -0
    outer loop
      vertex 1.9 84.4971 3
      vertex 1.50356 84.576 7
      vertex 1.9 84.4971 7
    endloop
  endfacet
  facet normal 0.195193 0.980765 0
    outer loop
      vertex 1.50356 84.576 7
      vertex 1.9 84.4971 3
      vertex 1.50356 84.576 3
    endloop
  endfacet
  facet normal 0.442073 0.896979 -0
    outer loop
      vertex 0.500264 84.9166 3
      vertex 0.299999 85.0153 7
      vertex 0.500264 84.9166 7
    endloop
  endfacet
  facet normal 0.442073 0.896979 0
    outer loop
      vertex 0.299999 85.0153 7
      vertex 0.500264 84.9166 3
      vertex 0.299999 85.0153 3
    endloop
  endfacet
  facet normal 0.321462 0.946922 -0
    outer loop
      vertex 1.50356 84.576 3
      vertex 0.500264 84.9166 7
      vertex 1.50356 84.576 7
    endloop
  endfacet
  facet normal 0.321462 0.946922 0
    outer loop
      vertex 0.500264 84.9166 7
      vertex 1.50356 84.576 3
      vertex 0.500264 84.9166 3
    endloop
  endfacet
  facet normal -0.946923 -0.321461 0
    outer loop
      vertex 11.424 94.4964 3
      vertex 11.0834 95.4997 7
      vertex 11.0834 95.4997 3
    endloop
  endfacet
  facet normal -0.946923 -0.321461 0
    outer loop
      vertex 11.0834 95.4997 7
      vertex 11.424 94.4964 3
      vertex 11.424 94.4964 7
    endloop
  endfacet
  facet normal -0.89701 -0.442011 0
    outer loop
      vertex 11.0834 95.4997 3
      vertex 10.9847 95.7 7
      vertex 10.9847 95.7 3
    endloop
  endfacet
  facet normal -0.89701 -0.442011 0
    outer loop
      vertex 10.9847 95.7 7
      vertex 11.0834 95.4997 3
      vertex 11.0834 95.4997 7
    endloop
  endfacet
  facet normal 0.946808 -0.3218 0
    outer loop
      vertex 134.576 94.4964 7
      vertex 134.917 95.4997 3
      vertex 134.917 95.4997 7
    endloop
  endfacet
  facet normal 0.946808 -0.3218 0
    outer loop
      vertex 134.917 95.4997 3
      vertex 134.576 94.4964 7
      vertex 134.576 94.4964 3
    endloop
  endfacet
  facet normal -0.442544 0.896747 0
    outer loop
      vertex 145.7 85.0153 3
      vertex 145.5 84.9166 7
      vertex 145.7 85.0153 7
    endloop
  endfacet
  facet normal -0.442544 0.896747 0
    outer loop
      vertex 145.5 84.9166 7
      vertex 145.7 85.0153 3
      vertex 145.5 84.9166 3
    endloop
  endfacet
  facet normal -0.195402 0.980723 0
    outer loop
      vertex 144.496 84.576 3
      vertex 144.1 84.4971 7
      vertex 144.496 84.576 7
    endloop
  endfacet
  facet normal -0.195402 0.980723 0
    outer loop
      vertex 144.1 84.4971 7
      vertex 144.496 84.576 3
      vertex 144.1 84.4971 3
    endloop
  endfacet
  facet normal 0.898251 -0.439484 0
    outer loop
      vertex 134.917 95.4997 7
      vertex 135.015 95.7 3
      vertex 135.015 95.7 7
    endloop
  endfacet
  facet normal 0.898251 -0.439484 0
    outer loop
      vertex 135.015 95.7 3
      vertex 134.917 95.4997 7
      vertex 134.917 95.4997 3
    endloop
  endfacet
  facet normal -0.32126 0.946991 0
    outer loop
      vertex 145.5 84.9166 3
      vertex 144.496 84.576 7
      vertex 145.5 84.9166 7
    endloop
  endfacet
  facet normal -0.32126 0.946991 0
    outer loop
      vertex 144.496 84.576 7
      vertex 145.5 84.9166 3
      vertex 144.496 84.576 3
    endloop
  endfacet
  facet normal 0.980714 -0.19545 0
    outer loop
      vertex 134.497 94.1 7
      vertex 134.576 94.4964 3
      vertex 134.576 94.4964 7
    endloop
  endfacet
  facet normal 0.980714 -0.19545 0
    outer loop
      vertex 134.576 94.4964 3
      vertex 134.497 94.1 7
      vertex 134.497 94.1 3
    endloop
  endfacet
  facet normal -0.980764 0.195198 0
    outer loop
      vertex 11.424 1.50357 3
      vertex 11.5029 1.9 7
      vertex 11.5029 1.9 3
    endloop
  endfacet
  facet normal -0.980764 0.195198 0
    outer loop
      vertex 11.5029 1.9 7
      vertex 11.424 1.50357 3
      vertex 11.424 1.50357 7
    endloop
  endfacet
  facet normal -0.946923 0.32146 0
    outer loop
      vertex 11.0834 0.500265 3
      vertex 11.424 1.50357 7
      vertex 11.424 1.50357 3
    endloop
  endfacet
  facet normal -0.946923 0.32146 0
    outer loop
      vertex 11.424 1.50357 7
      vertex 11.0834 0.500265 3
      vertex 11.0834 0.500265 7
    endloop
  endfacet
  facet normal 0.442073 -0.896979 0
    outer loop
      vertex 0.299999 10.9847 3
      vertex 0.500264 11.0834 7
      vertex 0.299999 10.9847 7
    endloop
  endfacet
  facet normal 0.442073 -0.896979 0
    outer loop
      vertex 0.500264 11.0834 7
      vertex 0.299999 10.9847 3
      vertex 0.500264 11.0834 3
    endloop
  endfacet
  facet normal -0.896978 0.442075 0
    outer loop
      vertex 10.9847 0.300001 3
      vertex 11.0834 0.500265 7
      vertex 11.0834 0.500265 3
    endloop
  endfacet
  facet normal -0.896978 0.442075 0
    outer loop
      vertex 11.0834 0.500265 7
      vertex 10.9847 0.300001 3
      vertex 10.9847 0.300001 7
    endloop
  endfacet
  facet normal 0.321462 -0.946922 0
    outer loop
      vertex 0.500264 11.0834 3
      vertex 1.50356 11.424 7
      vertex 0.500264 11.0834 7
    endloop
  endfacet
  facet normal 0.321462 -0.946922 0
    outer loop
      vertex 1.50356 11.424 7
      vertex 0.500264 11.0834 3
      vertex 1.50356 11.424 3
    endloop
  endfacet
  facet normal 0.195193 -0.980765 0
    outer loop
      vertex 1.50356 11.424 3
      vertex 1.9 11.5029 7
      vertex 1.50356 11.424 7
    endloop
  endfacet
  facet normal 0.195193 -0.980765 0
    outer loop
      vertex 1.9 11.5029 7
      vertex 1.50356 11.424 3
      vertex 1.9 11.5029 3
    endloop
  endfacet
  facet normal -0.442544 -0.896747 0
    outer loop
      vertex 145.5 11.0834 3
      vertex 145.7 10.9847 7
      vertex 145.5 11.0834 7
    endloop
  endfacet
  facet normal -0.442544 -0.896747 -0
    outer loop
      vertex 145.7 10.9847 7
      vertex 145.5 11.0834 3
      vertex 145.7 10.9847 3
    endloop
  endfacet
  facet normal -0.32126 -0.946991 0
    outer loop
      vertex 144.496 11.424 3
      vertex 145.5 11.0834 7
      vertex 144.496 11.424 7
    endloop
  endfacet
  facet normal -0.32126 -0.946991 -0
    outer loop
      vertex 145.5 11.0834 7
      vertex 144.496 11.424 3
      vertex 145.5 11.0834 3
    endloop
  endfacet
  facet normal 0.946808 0.321798 0
    outer loop
      vertex 134.917 0.500265 7
      vertex 134.576 1.50357 3
      vertex 134.576 1.50357 7
    endloop
  endfacet
  facet normal 0.946808 0.321798 0
    outer loop
      vertex 134.576 1.50357 3
      vertex 134.917 0.500265 7
      vertex 134.917 0.500265 3
    endloop
  endfacet
  facet normal -0.195402 -0.980723 0
    outer loop
      vertex 144.1 11.5029 3
      vertex 144.496 11.424 7
      vertex 144.1 11.5029 7
    endloop
  endfacet
  facet normal -0.195402 -0.980723 -0
    outer loop
      vertex 144.496 11.424 7
      vertex 144.1 11.5029 3
      vertex 144.496 11.424 3
    endloop
  endfacet
  facet normal 0.980717 0.195436 0
    outer loop
      vertex 134.576 1.50357 7
      vertex 134.497 1.9 3
      vertex 134.497 1.9 7
    endloop
  endfacet
  facet normal 0.980717 0.195436 0
    outer loop
      vertex 134.497 1.9 3
      vertex 134.576 1.50357 7
      vertex 134.576 1.50357 3
    endloop
  endfacet
  facet normal 0.898219 0.439547 0
    outer loop
      vertex 135.015 0.300001 7
      vertex 134.917 0.500265 3
      vertex 134.917 0.500265 7
    endloop
  endfacet
  facet normal 0.898219 0.439547 0
    outer loop
      vertex 134.917 0.500265 3
      vertex 135.015 0.300001 7
      vertex 135.015 0.300001 3
    endloop
  endfacet
  facet normal 0 -1 0
    outer loop
      vertex 10.9847 0.300001 3
      vertex 135.015 0.300001 7
      vertex 10.9847 0.300001 7
    endloop
  endfacet
  facet normal 0 -1 -0
    outer loop
      vertex 135.015 0.300001 7
      vertex 10.9847 0.300001 3
      vertex 135.015 0.300001 3
    endloop
  endfacet
  facet normal 1 -0 0
    outer loop
      vertex 145.7 10.9847 7
      vertex 145.7 85.0153 3
      vertex 145.7 85.0153 7
    endloop
  endfacet
  facet normal 1 0 0
    outer loop
      vertex 145.7 85.0153 3
      vertex 145.7 10.9847 7
      vertex 145.7 10.9847 3
    endloop
  endfacet
  facet normal -1 0 0
    outer loop
      vertex 0.299999 10.9847 3
      vertex 0.299999 85.0153 7
      vertex 0.299999 85.0153 3
    endloop
  endfacet
  facet normal -1 -0 0
    outer loop
      vertex 0.299999 85.0153 7
      vertex 0.299999 10.9847 3
      vertex 0.299999 10.9847 7
    endloop
  endfacet
  facet normal 0 1 -0
    outer loop
      vertex 135.015 95.7 3
      vertex 10.9847 95.7 7
      vertex 135.015 95.7 7
    endloop
  endfacet
  facet normal 0 1 0
    outer loop
      vertex 10.9847 95.7 7
      vertex 135.015 95.7 3
      vertex 10.9847 95.7 3
    endloop
  endfacet
  facet normal 0 0 1
    outer loop
      vertex 5.17059 91.7494 3
      vertex 11.5029 94.1 3
      vertex 5.24207 91.96 3
    endloop
  endfacet
  facet normal 0 0 1
    outer loop
      vertex 11.5029 1.9 3
      vertex 5.28546 3.82189 3
      vertex 5.3 3.6 3
    endloop
  endfacet
  facet normal 0 0 1
    outer loop
      vertex 5.07224 91.55 3
      vertex 11.5029 94.1 3
      vertex 5.17059 91.7494 3
    endloop
  endfacet
  facet normal 0 0 1
    outer loop
      vertex 11.5029 1.9 3
      vertex 5.24207 4.03999 3
      vertex 5.28546 3.82189 3
    endloop
  endfacet
  facet normal 0 0 1
    outer loop
      vertex 4.9487 91.3651 3
      vertex 11.5029 94.1 3
      vertex 5.07224 91.55 3
    endloop
  endfacet
  facet normal 0 0 1
    outer loop
      vertex 11.5029 1.9 3
      vertex 5.17059 4.25056 3
      vertex 5.24207 4.03999 3
    endloop
  endfacet
  facet normal 0 0 1
    outer loop
      vertex 11.5029 94.1 3
      vertex 1.9 84.4971 3
      vertex 11.5029 1.9 3
    endloop
  endfacet
  facet normal 0 0 1
    outer loop
      vertex 11.5029 1.9 3
      vertex 5.07224 4.45 3
      vertex 5.17059 4.25056 3
    endloop
  endfacet
  facet normal 0 0 1
    outer loop
      vertex 4.80208 91.1979 3
      vertex 11.5029 94.1 3
      vertex 4.9487 91.3651 3
    endloop
  endfacet
  facet normal -0 0 1
    outer loop
      vertex 1.9 11.5029 3
      vertex 11.5029 1.9 3
      vertex 1.9 84.4971 3
    endloop
  endfacet
  facet normal 0 0 1
    outer loop
      vertex 11.5029 94.1 3
      vertex 4.80208 91.1979 3
      vertex 1.9 84.4971 3
    endloop
  endfacet
  facet normal -0 -0 1
    outer loop
      vertex 4.80208 4.80208 3
      vertex 11.5029 1.9 3
      vertex 1.9 11.5029 3
    endloop
  endfacet
  facet normal 0 0 1
    outer loop
      vertex 1.9 84.4971 3
      vertex 4.80208 91.1979 3
      vertex 4.63489 91.0513 3
    endloop
  endfacet
  facet normal 0 0 1
    outer loop
      vertex 11.5029 1.9 3
      vertex 4.9487 4.63489 3
      vertex 5.07224 4.45 3
    endloop
  endfacet
  facet normal 0 0 1
    outer loop
      vertex 1.9 84.4971 3
      vertex 4.63489 91.0513 3
      vertex 4.45 90.9278 3
    endloop
  endfacet
  facet normal 0 0 1
    outer loop
      vertex 11.5029 1.9 3
      vertex 4.80208 4.80208 3
      vertex 4.9487 4.63489 3
    endloop
  endfacet
  facet normal 0 0 1
    outer loop
      vertex 1.9 84.4971 3
      vertex 4.45 90.9278 3
      vertex 4.25056 90.8294 3
    endloop
  endfacet
  facet normal 0 0 1
    outer loop
      vertex 4.80208 4.80208 3
      vertex 1.9 11.5029 3
      vertex 4.63489 4.9487 3
    endloop
  endfacet
  facet normal 0 0 1
    outer loop
      vertex 1.9 84.4971 3
      vertex 4.25056 90.8294 3
      vertex 4.03999 90.7579 3
    endloop
  endfacet
  facet normal 0 0 1
    outer loop
      vertex 4.63489 4.9487 3
      vertex 1.9 11.5029 3
      vertex 4.45 5.07224 3
    endloop
  endfacet
  facet normal 0 0 1
    outer loop
      vertex 1.9 84.4971 3
      vertex 4.03999 90.7579 3
      vertex 3.82189 90.7145 3
    endloop
  endfacet
  facet normal 0 0 1
    outer loop
      vertex 4.45 5.07224 3
      vertex 1.9 11.5029 3
      vertex 4.25056 5.17059 3
    endloop
  endfacet
  facet normal 0 0 1
    outer loop
      vertex 1.9 84.4971 3
      vertex 3.82189 90.7145 3
      vertex 3.6 90.7 3
    endloop
  endfacet
  facet normal 0 0 1
    outer loop
      vertex 4.25056 5.17059 3
      vertex 1.9 11.5029 3
      vertex 4.03999 5.24207 3
    endloop
  endfacet
  facet normal 0 0 1
    outer loop
      vertex 1.9 84.4971 3
      vertex 3.6 90.7 3
      vertex 3.37811 90.7145 3
    endloop
  endfacet
  facet normal 0 0 1
    outer loop
      vertex 4.03999 5.24207 3
      vertex 1.9 11.5029 3
      vertex 3.82189 5.28546 3
    endloop
  endfacet
  facet normal 0 0 1
    outer loop
      vertex 1.9 84.4971 3
      vertex 3.37811 90.7145 3
      vertex 3.16001 90.7579 3
    endloop
  endfacet
  facet normal 0 0 1
    outer loop
      vertex 3.82189 5.28546 3
      vertex 1.9 11.5029 3
      vertex 3.6 5.3 3
    endloop
  endfacet
  facet normal 0 0 1
    outer loop
      vertex 1.50356 84.576 3
      vertex 3.16001 90.7579 3
      vertex 2.94944 90.8294 3
    endloop
  endfacet
  facet normal 0 0 1
    outer loop
      vertex 3.6 5.3 3
      vertex 1.9 11.5029 3
      vertex 3.37811 5.28546 3
    endloop
  endfacet
  facet normal 0 0 1
    outer loop
      vertex 0.299999 85.0153 3
      vertex 2.94944 90.8294 3
      vertex 2.75 90.9278 3
    endloop
  endfacet
  facet normal 0 0 1
    outer loop
      vertex 3.37811 5.28546 3
      vertex 1.9 11.5029 3
      vertex 3.16001 5.24207 3
    endloop
  endfacet
  facet normal 0 0 1
    outer loop
      vertex 0.299999 85.0153 3
      vertex 2.75 90.9278 3
      vertex 2.56511 91.0513 3
    endloop
  endfacet
  facet normal -0 0 1
    outer loop
      vertex 1.50356 11.424 3
      vertex 3.16001 5.24207 3
      vertex 1.9 11.5029 3
    endloop
  endfacet
  facet normal 0 0 1
    outer loop
      vertex 0.299999 85.0153 3
      vertex 2.56511 91.0513 3
      vertex 2.39792 91.1979 3
    endloop
  endfacet
  facet normal 0 0 1
    outer loop
      vertex 3.16001 5.24207 3
      vertex 1.50356 11.424 3
      vertex 2.94944 5.17059 3
    endloop
  endfacet
  facet normal 0 0 1
    outer loop
      vertex 0.299999 85.0153 3
      vertex 2.39792 91.1979 3
      vertex 2.2513 91.3651 3
    endloop
  endfacet
  facet normal -0 0 1
    outer loop
      vertex 0.500264 11.0834 3
      vertex 2.94944 5.17059 3
      vertex 1.50356 11.424 3
    endloop
  endfacet
  facet normal 0 0 1
    outer loop
      vertex 0.299999 85.0153 3
      vertex 2.2513 91.3651 3
      vertex 2.12776 91.55 3
    endloop
  endfacet
  facet normal -0 0 1
    outer loop
      vertex 0.299999 10.9847 3
      vertex 2.94944 5.17059 3
      vertex 0.500264 11.0834 3
    endloop
  endfacet
  facet normal 0 0 1
    outer loop
      vertex -2.4 93.4 3
      vertex 2.12776 91.55 3
      vertex 2.02941 91.7494 3
    endloop
  endfacet
  facet normal 0 0 1
    outer loop
      vertex 2.94944 5.17059 3
      vertex 0.299999 10.9847 3
      vertex 2.75 5.07224 3
    endloop
  endfacet
  facet normal 0 0 1
    outer loop
      vertex -2.4 93.4 3
      vertex 2.02941 91.7494 3
      vertex 1.95793 91.96 3
    endloop
  endfacet
  facet normal 0 0 1
    outer loop
      vertex 2.75 5.07224 3
      vertex 0.299999 10.9847 3
      vertex 2.56511 4.9487 3
    endloop
  endfacet
  facet normal 0 0 1
    outer loop
      vertex -2.4 93.4 3
      vertex 1.95793 91.96 3
      vertex 1.91454 92.1781 3
    endloop
  endfacet
  facet normal 0 0 1
    outer loop
      vertex 2.56511 4.9487 3
      vertex 0.299999 10.9847 3
      vertex 2.39792 4.80208 3
    endloop
  endfacet
  facet normal 0 0 1
    outer loop
      vertex -2.4 93.4 3
      vertex 1.91454 92.1781 3
      vertex 1.9 92.4 3
    endloop
  endfacet
  facet normal 0 0 1
    outer loop
      vertex 2.39792 4.80208 3
      vertex 0.299999 10.9847 3
      vertex 2.2513 4.63489 3
    endloop
  endfacet
  facet normal 0 0 1
    outer loop
      vertex 117.549 59.3963 3
      vertex 144.1 84.4971 3
      vertex 134.497 94.1 3
    endloop
  endfacet
  facet normal 0 -0 1
    outer loop
      vertex 126.5 46 3
      vertex 144.1 84.4971 3
      vertex 126.376 47.8926 3
    endloop
  endfacet
  facet normal 0 0 1
    outer loop
      vertex 134.497 94.1 3
      vertex 134.917 95.4997 3
      vertex 134.576 94.4964 3
    endloop
  endfacet
  facet normal 0 0 1
    outer loop
      vertex 144.1 11.5029 3
      vertex 134.497 1.9 3
      vertex 135.015 0.300001 3
    endloop
  endfacet
  facet normal -0 -0 1
    outer loop
      vertex 134.576 1.50357 3
      vertex 135.015 0.300001 3
      vertex 134.497 1.9 3
    endloop
  endfacet
  facet normal 0 0 1
    outer loop
      vertex 135.015 0.300001 3
      vertex 134.576 1.50357 3
      vertex 134.917 0.500265 3
    endloop
  endfacet
  facet normal -0 0 1
    outer loop
      vertex 126.376 44.1074 3
      vertex 144.1 11.5029 3
      vertex 126.5 46 3
    endloop
  endfacet
  facet normal 0 0 1
    outer loop
      vertex 144.1 84.4971 3
      vertex 126.5 46 3
      vertex 144.1 11.5029 3
    endloop
  endfacet
  facet normal 0 0 1
    outer loop
      vertex 144.1 84.4971 3
      vertex 126.006 49.7529 3
      vertex 126.376 47.8926 3
    endloop
  endfacet
  facet normal 0 0 1
    outer loop
      vertex 144.1 84.4971 3
      vertex 125.396 51.5489 3
      vertex 126.006 49.7529 3
    endloop
  endfacet
  facet normal 0 0 1
    outer loop
      vertex 144.1 84.4971 3
      vertex 124.557 53.25 3
      vertex 125.396 51.5489 3
    endloop
  endfacet
  facet normal 0 0 1
    outer loop
      vertex 144.1 84.4971 3
      vertex 123.504 54.827 3
      vertex 124.557 53.25 3
    endloop
  endfacet
  facet normal 0 0 1
    outer loop
      vertex 144.1 84.4971 3
      vertex 122.253 56.253 3
      vertex 123.504 54.827 3
    endloop
  endfacet
  facet normal 0 0 1
    outer loop
      vertex 144.1 84.4971 3
      vertex 120.827 57.5036 3
      vertex 122.253 56.253 3
    endloop
  endfacet
  facet normal 0 0 1
    outer loop
      vertex 144.1 84.4971 3
      vertex 119.25 58.5574 3
      vertex 120.827 57.5036 3
    endloop
  endfacet
  facet normal 0 0 1
    outer loop
      vertex 144.1 84.4971 3
      vertex 117.549 59.3963 3
      vertex 119.25 58.5574 3
    endloop
  endfacet
  facet normal 0 0 1
    outer loop
      vertex 134.497 94.1 3
      vertex 115.753 60.0059 3
      vertex 117.549 59.3963 3
    endloop
  endfacet
  facet normal 0 0 1
    outer loop
      vertex 134.497 94.1 3
      vertex 113.893 60.3759 3
      vertex 115.753 60.0059 3
    endloop
  endfacet
  facet normal 0 0 1
    outer loop
      vertex 134.497 94.1 3
      vertex 112 60.5 3
      vertex 113.893 60.3759 3
    endloop
  endfacet
  facet normal 0 0 1
    outer loop
      vertex 134.497 94.1 3
      vertex 110.107 60.3759 3
      vertex 112 60.5 3
    endloop
  endfacet
  facet normal 0 0 1
    outer loop
      vertex 134.497 94.1 3
      vertex 108.247 60.0059 3
      vertex 110.107 60.3759 3
    endloop
  endfacet
  facet normal 0 0 1
    outer loop
      vertex 134.497 94.1 3
      vertex 106.451 59.3963 3
      vertex 108.247 60.0059 3
    endloop
  endfacet
  facet normal 0 0 1
    outer loop
      vertex 134.497 94.1 3
      vertex 104.75 58.5574 3
      vertex 106.451 59.3963 3
    endloop
  endfacet
  facet normal -0 0 1
    outer loop
      vertex 11.5029 94.1 3
      vertex 104.75 58.5574 3
      vertex 134.497 94.1 3
    endloop
  endfacet
  facet normal 0 0 1
    outer loop
      vertex 104.75 58.5574 3
      vertex 11.5029 94.1 3
      vertex 103.173 57.5036 3
    endloop
  endfacet
  facet normal 0 0 1
    outer loop
      vertex 103.173 57.5036 3
      vertex 11.5029 94.1 3
      vertex 101.747 56.253 3
    endloop
  endfacet
  facet normal 0 0 1
    outer loop
      vertex 97.624 47.8926 3
      vertex 11.5029 94.1 3
      vertex 97.5 46 3
    endloop
  endfacet
  facet normal 0 0 1
    outer loop
      vertex 97.9941 49.7529 3
      vertex 11.5029 94.1 3
      vertex 97.624 47.8926 3
    endloop
  endfacet
  facet normal 0 0 1
    outer loop
      vertex 98.6037 51.5489 3
      vertex 11.5029 94.1 3
      vertex 97.9941 49.7529 3
    endloop
  endfacet
  facet normal 0 0 1
    outer loop
      vertex 99.4426 53.25 3
      vertex 11.5029 94.1 3
      vertex 98.6037 51.5489 3
    endloop
  endfacet
  facet normal 0 0 1
    outer loop
      vertex 100.496 54.827 3
      vertex 11.5029 94.1 3
      vertex 99.4426 53.25 3
    endloop
  endfacet
  facet normal 0 0 1
    outer loop
      vertex 101.747 56.253 3
      vertex 11.5029 94.1 3
      vertex 100.496 54.827 3
    endloop
  endfacet
  facet normal -0 0 1
    outer loop
      vertex 126.006 42.2471 3
      vertex 144.1 11.5029 3
      vertex 126.376 44.1074 3
    endloop
  endfacet
  facet normal -0 0 1
    outer loop
      vertex 125.396 40.4511 3
      vertex 144.1 11.5029 3
      vertex 126.006 42.2471 3
    endloop
  endfacet
  facet normal -0 0 1
    outer loop
      vertex 124.557 38.75 3
      vertex 144.1 11.5029 3
      vertex 125.396 40.4511 3
    endloop
  endfacet
  facet normal -0 0 1
    outer loop
      vertex 123.504 37.173 3
      vertex 144.1 11.5029 3
      vertex 124.557 38.75 3
    endloop
  endfacet
  facet normal -0 0 1
    outer loop
      vertex 122.253 35.747 3
      vertex 144.1 11.5029 3
      vertex 123.504 37.173 3
    endloop
  endfacet
  facet normal -0 0 1
    outer loop
      vertex 120.827 34.4964 3
      vertex 144.1 11.5029 3
      vertex 122.253 35.747 3
    endloop
  endfacet
  facet normal -0 0 1
    outer loop
      vertex 119.25 33.4426 3
      vertex 144.1 11.5029 3
      vertex 120.827 34.4964 3
    endloop
  endfacet
  facet normal 0 0 1
    outer loop
      vertex 144.1 11.5029 3
      vertex 119.25 33.4426 3
      vertex 134.497 1.9 3
    endloop
  endfacet
  facet normal -0 0 1
    outer loop
      vertex 117.549 32.6037 3
      vertex 134.497 1.9 3
      vertex 119.25 33.4426 3
    endloop
  endfacet
  facet normal -0 0 1
    outer loop
      vertex 115.753 31.9941 3
      vertex 134.497 1.9 3
      vertex 117.549 32.6037 3
    endloop
  endfacet
  facet normal -0 0 1
    outer loop
      vertex 113.893 31.6241 3
      vertex 134.497 1.9 3
      vertex 115.753 31.9941 3
    endloop
  endfacet
  facet normal -0 0 1
    outer loop
      vertex 112 31.5 3
      vertex 134.497 1.9 3
      vertex 113.893 31.6241 3
    endloop
  endfacet
  facet normal 0 0 1
    outer loop
      vertex 110.107 31.6241 3
      vertex 134.497 1.9 3
      vertex 112 31.5 3
    endloop
  endfacet
  facet normal 0 0 1
    outer loop
      vertex 108.247 31.9941 3
      vertex 134.497 1.9 3
      vertex 110.107 31.6241 3
    endloop
  endfacet
  facet normal 0 0 1
    outer loop
      vertex 106.451 32.6037 3
      vertex 134.497 1.9 3
      vertex 108.247 31.9941 3
    endloop
  endfacet
  facet normal 0 0 1
    outer loop
      vertex 104.75 33.4426 3
      vertex 134.497 1.9 3
      vertex 106.451 32.6037 3
    endloop
  endfacet
  facet normal 0 0 1
    outer loop
      vertex 11.5029 1.9 3
      vertex 104.75 33.4426 3
      vertex 103.173 34.4964 3
    endloop
  endfacet
  facet normal 0 0 1
    outer loop
      vertex 11.5029 1.9 3
      vertex 103.173 34.4964 3
      vertex 101.747 35.747 3
    endloop
  endfacet
  facet normal 0 0 1
    outer loop
      vertex 11.5029 1.9 3
      vertex 97.5 46 3
      vertex 11.5029 94.1 3
    endloop
  endfacet
  facet normal 0 0 1
    outer loop
      vertex 97.5 46 3
      vertex 11.5029 1.9 3
      vertex 97.624 44.1074 3
    endloop
  endfacet
  facet normal 0 0 1
    outer loop
      vertex 97.624 44.1074 3
      vertex 11.5029 1.9 3
      vertex 97.9941 42.2471 3
    endloop
  endfacet
  facet normal 0 0 1
    outer loop
      vertex 97.9941 42.2471 3
      vertex 11.5029 1.9 3
      vertex 98.6037 40.4511 3
    endloop
  endfacet
  facet normal 0 0 1
    outer loop
      vertex 98.6037 40.4511 3
      vertex 11.5029 1.9 3
      vertex 99.4426 38.75 3
    endloop
  endfacet
  facet normal 0 0 1
    outer loop
      vertex 99.4426 38.75 3
      vertex 11.5029 1.9 3
      vertex 100.496 37.173 3
    endloop
  endfacet
  facet normal 0 0 1
    outer loop
      vertex 100.496 37.173 3
      vertex 11.5029 1.9 3
      vertex 101.747 35.747 3
    endloop
  endfacet
  facet normal 0 0 1
    outer loop
      vertex 104.75 33.4426 3
      vertex 11.5029 1.9 3
      vertex 134.497 1.9 3
    endloop
  endfacet
  facet normal 0 0 1
    outer loop
      vertex 5.24207 92.84 3
      vertex 11.5029 94.1 3
      vertex 11.424 94.4964 3
    endloop
  endfacet
  facet normal 0 0 1
    outer loop
      vertex 5.28546 92.1781 3
      vertex 11.5029 94.1 3
      vertex 5.3 92.4 3
    endloop
  endfacet
  facet normal 0 0 1
    outer loop
      vertex 5.24207 92.84 3
      vertex 11.424 94.4964 3
      vertex 11.0834 95.4997 3
    endloop
  endfacet
  facet normal 0 0 1
    outer loop
      vertex 5.24207 91.96 3
      vertex 11.5029 94.1 3
      vertex 5.28546 92.1781 3
    endloop
  endfacet
  facet normal 0 0 1
    outer loop
      vertex 5.17059 93.0506 3
      vertex 11.0834 95.4997 3
      vertex 10.9847 95.7 3
    endloop
  endfacet
  facet normal -0 0 1
    outer loop
      vertex 5.28546 3.37811 3
      vertex 11.5029 1.9 3
      vertex 5.3 3.6 3
    endloop
  endfacet
  facet normal 0 0 1
    outer loop
      vertex 144.042 92.84 3
      vertex 148.4 93.4 3
      vertex 148.357 94.0526 3
    endloop
  endfacet
  facet normal 0 0 1
    outer loop
      vertex 148.4 93.4 3
      vertex 145.7 85.0153 3
      vertex 148.4 2.6 3
    endloop
  endfacet
  facet normal 0 0 1
    outer loop
      vertex 143.971 93.0506 3
      vertex 148.357 94.0526 3
      vertex 148.23 94.6941 3
    endloop
  endfacet
  facet normal -0 0 1
    outer loop
      vertex 145.7 10.9847 3
      vertex 148.4 2.6 3
      vertex 145.7 85.0153 3
    endloop
  endfacet
  facet normal 0 0 1
    outer loop
      vertex 143.872 93.25 3
      vertex 148.23 94.6941 3
      vertex 148.019 95.3134 3
    endloop
  endfacet
  facet normal -0 0 1
    outer loop
      vertex 143.872 4.45 3
      vertex 148.4 2.6 3
      vertex 145.7 10.9847 3
    endloop
  endfacet
  facet normal 0 0 1
    outer loop
      vertex 143.872 93.25 3
      vertex 148.019 95.3134 3
      vertex 147.73 95.9 3
    endloop
  endfacet
  facet normal -0 -0 1
    outer loop
      vertex 143.971 4.25056 3
      vertex 148.4 2.6 3
      vertex 143.872 4.45 3
    endloop
  endfacet
  facet normal 0 0 1
    outer loop
      vertex 143.749 93.4349 3
      vertex 147.73 95.9 3
      vertex 147.367 96.4438 3
    endloop
  endfacet
  facet normal -0 -0 1
    outer loop
      vertex 144.085 3.82189 3
      vertex 148.4 2.6 3
      vertex 144.042 4.03999 3
    endloop
  endfacet
  facet normal 0 0 1
    outer loop
      vertex 143.602 93.6021 3
      vertex 147.367 96.4438 3
      vertex 146.936 96.9355 3
    endloop
  endfacet
  facet normal -0 -0 1
    outer loop
      vertex 144.1 3.6 3
      vertex 148.4 2.6 3
      vertex 144.085 3.82189 3
    endloop
  endfacet
  facet normal 0 0 1
    outer loop
      vertex 143.602 93.6021 3
      vertex 146.936 96.9355 3
      vertex 146.444 97.3668 3
    endloop
  endfacet
  facet normal -0 0 1
    outer loop
      vertex 144.042 3.16001 3
      vertex 148.4 2.6 3
      vertex 144.085 3.37811 3
    endloop
  endfacet
  facet normal 0 0 1
    outer loop
      vertex 143.435 93.7487 3
      vertex 146.444 97.3668 3
      vertex 145.9 97.7301 3
    endloop
  endfacet
  facet normal 0 0 1
    outer loop
      vertex 148.4 2.6 3
      vertex 144.042 3.16001 3
      vertex 148.357 1.94737 3
    endloop
  endfacet
  facet normal 0 0 1
    outer loop
      vertex 148.357 1.94737 3
      vertex 143.971 2.94944 3
      vertex 148.23 1.30591 3
    endloop
  endfacet
  facet normal 0 0 1
    outer loop
      vertex 148.4 93.4 3
      vertex 144.085 92.1781 3
      vertex 144.042 91.96 3
    endloop
  endfacet
  facet normal 0 0 1
    outer loop
      vertex 143.25 93.8722 3
      vertex 145.9 97.7301 3
      vertex 145.313 98.0194 3
    endloop
  endfacet
  facet normal 0 0 1
    outer loop
      vertex 143.25 93.8722 3
      vertex 145.313 98.0194 3
      vertex 144.694 98.2296 3
    endloop
  endfacet
  facet normal 0 0 1
    outer loop
      vertex 148.4 93.4 3
      vertex 144.1 92.4 3
      vertex 144.085 92.1781 3
    endloop
  endfacet
  facet normal 0 0 1
    outer loop
      vertex 148.4 93.4 3
      vertex 144.042 91.96 3
      vertex 143.971 91.7494 3
    endloop
  endfacet
  facet normal 0 0 1
    outer loop
      vertex 148.4 93.4 3
      vertex 144.085 92.6219 3
      vertex 144.1 92.4 3
    endloop
  endfacet
  facet normal 0 0 1
    outer loop
      vertex 143.051 93.9706 3
      vertex 144.694 98.2296 3
      vertex 144.053 98.3572 3
    endloop
  endfacet
  facet normal 0 0 1
    outer loop
      vertex 148.4 93.4 3
      vertex 144.042 92.84 3
      vertex 144.085 92.6219 3
    endloop
  endfacet
  facet normal 0 0 1
    outer loop
      vertex 148.357 94.0526 3
      vertex 143.971 93.0506 3
      vertex 144.042 92.84 3
    endloop
  endfacet
  facet normal 0 0 1
    outer loop
      vertex 148.23 94.6941 3
      vertex 143.872 93.25 3
      vertex 143.971 93.0506 3
    endloop
  endfacet
  facet normal 0 0 1
    outer loop
      vertex 147.73 95.9 3
      vertex 143.749 93.4349 3
      vertex 143.872 93.25 3
    endloop
  endfacet
  facet normal 0 0 1
    outer loop
      vertex 147.367 96.4438 3
      vertex 143.602 93.6021 3
      vertex 143.749 93.4349 3
    endloop
  endfacet
  facet normal 0 0 1
    outer loop
      vertex 146.444 97.3668 3
      vertex 143.435 93.7487 3
      vertex 143.602 93.6021 3
    endloop
  endfacet
  facet normal 0 0 1
    outer loop
      vertex 142.84 94.0421 3
      vertex 144.053 98.3572 3
      vertex 143.4 98.4 3
    endloop
  endfacet
  facet normal 0 0 1
    outer loop
      vertex 145.9 97.7301 3
      vertex 143.25 93.8722 3
      vertex 143.435 93.7487 3
    endloop
  endfacet
  facet normal 0 0 1
    outer loop
      vertex 144.694 98.2296 3
      vertex 143.051 93.9706 3
      vertex 143.25 93.8722 3
    endloop
  endfacet
  facet normal 0 0 1
    outer loop
      vertex 144.053 98.3572 3
      vertex 142.84 94.0421 3
      vertex 143.051 93.9706 3
    endloop
  endfacet
  facet normal 0 0 1
    outer loop
      vertex 143.4 98.4 3
      vertex 142.622 94.0855 3
      vertex 142.84 94.0421 3
    endloop
  endfacet
  facet normal 0 0 1
    outer loop
      vertex 143.4 98.4 3
      vertex 142.4 94.1 3
      vertex 142.622 94.0855 3
    endloop
  endfacet
  facet normal 0 0 1
    outer loop
      vertex 143.4 98.4 3
      vertex 142.178 94.0855 3
      vertex 142.4 94.1 3
    endloop
  endfacet
  facet normal 0 0 1
    outer loop
      vertex 143.4 98.4 3
      vertex 141.96 94.0421 3
      vertex 142.178 94.0855 3
    endloop
  endfacet
  facet normal 0 0 1
    outer loop
      vertex 143.4 98.4 3
      vertex 141.749 93.9706 3
      vertex 141.96 94.0421 3
    endloop
  endfacet
  facet normal 0 0 1
    outer loop
      vertex 143.4 98.4 3
      vertex 141.55 93.8722 3
      vertex 141.749 93.9706 3
    endloop
  endfacet
  facet normal -0 0 1
    outer loop
      vertex 135.015 95.7 3
      vertex 141.55 93.8722 3
      vertex 143.4 98.4 3
    endloop
  endfacet
  facet normal 0 0 1
    outer loop
      vertex 141.55 93.8722 3
      vertex 135.015 95.7 3
      vertex 141.365 93.7487 3
    endloop
  endfacet
  facet normal 0 0 1
    outer loop
      vertex 141.365 93.7487 3
      vertex 135.015 95.7 3
      vertex 141.198 93.6021 3
    endloop
  endfacet
  facet normal 0 0 1
    outer loop
      vertex 141.198 93.6021 3
      vertex 135.015 95.7 3
      vertex 141.051 93.4349 3
    endloop
  endfacet
  facet normal 0 0 1
    outer loop
      vertex 141.051 93.4349 3
      vertex 135.015 95.7 3
      vertex 140.928 93.25 3
    endloop
  endfacet
  facet normal 0 0 1
    outer loop
      vertex 140.758 4.03999 3
      vertex 135.015 0.300001 3
      vertex 140.715 3.82189 3
    endloop
  endfacet
  facet normal -0 0 1
    outer loop
      vertex 134.497 94.1 3
      vertex 140.758 92.84 3
      vertex 134.917 95.4997 3
    endloop
  endfacet
  facet normal 0 0 1
    outer loop
      vertex 140.829 93.0506 3
      vertex 134.917 95.4997 3
      vertex 140.758 92.84 3
    endloop
  endfacet
  facet normal -0 0 1
    outer loop
      vertex 134.917 95.4997 3
      vertex 140.829 93.0506 3
      vertex 135.015 95.7 3
    endloop
  endfacet
  facet normal 0 0 1
    outer loop
      vertex 140.928 93.25 3
      vertex 135.015 95.7 3
      vertex 140.829 93.0506 3
    endloop
  endfacet
  facet normal 0 0 1
    outer loop
      vertex 143.4 98.4 3
      vertex 10.9847 95.7 3
      vertex 135.015 95.7 3
    endloop
  endfacet
  facet normal -0 0 1
    outer loop
      vertex 5.24207 3.16001 3
      vertex 11.5029 1.9 3
      vertex 5.28546 3.37811 3
    endloop
  endfacet
  facet normal 0 0 1
    outer loop
      vertex 11.5029 94.1 3
      vertex 5.28546 92.6219 3
      vertex 5.3 92.4 3
    endloop
  endfacet
  facet normal 0 0 1
    outer loop
      vertex 11.5029 94.1 3
      vertex 5.24207 92.84 3
      vertex 5.28546 92.6219 3
    endloop
  endfacet
  facet normal 0 0 1
    outer loop
      vertex 11.0834 95.4997 3
      vertex 5.17059 93.0506 3
      vertex 5.24207 92.84 3
    endloop
  endfacet
  facet normal 0 0 1
    outer loop
      vertex 10.9847 95.7 3
      vertex 5.07224 93.25 3
      vertex 5.17059 93.0506 3
    endloop
  endfacet
  facet normal 0 0 1
    outer loop
      vertex 10.9847 95.7 3
      vertex 4.9487 93.4349 3
      vertex 5.07224 93.25 3
    endloop
  endfacet
  facet normal 0 0 1
    outer loop
      vertex 10.9847 95.7 3
      vertex 4.80208 93.6021 3
      vertex 4.9487 93.4349 3
    endloop
  endfacet
  facet normal 0 0 1
    outer loop
      vertex 10.9847 95.7 3
      vertex 4.63489 93.7487 3
      vertex 4.80208 93.6021 3
    endloop
  endfacet
  facet normal 0 0 1
    outer loop
      vertex 10.9847 95.7 3
      vertex 4.45 93.8722 3
      vertex 4.63489 93.7487 3
    endloop
  endfacet
  facet normal 0 0 1
    outer loop
      vertex 2.6 98.4 3
      vertex 4.45 93.8722 3
      vertex 10.9847 95.7 3
    endloop
  endfacet
  facet normal 0 0 1
    outer loop
      vertex 4.45 93.8722 3
      vertex 2.6 98.4 3
      vertex 4.25056 93.9706 3
    endloop
  endfacet
  facet normal 0 0 1
    outer loop
      vertex 4.25056 93.9706 3
      vertex 2.6 98.4 3
      vertex 4.03999 94.0421 3
    endloop
  endfacet
  facet normal 0 0 1
    outer loop
      vertex 4.03999 94.0421 3
      vertex 2.6 98.4 3
      vertex 3.82189 94.0855 3
    endloop
  endfacet
  facet normal 0 0 1
    outer loop
      vertex 3.82189 94.0855 3
      vertex 2.6 98.4 3
      vertex 3.6 94.1 3
    endloop
  endfacet
  facet normal 0 0 1
    outer loop
      vertex 3.6 94.1 3
      vertex 2.6 98.4 3
      vertex 3.37811 94.0855 3
    endloop
  endfacet
  facet normal -0 0 1
    outer loop
      vertex 2.6 98.4 3
      vertex 10.9847 95.7 3
      vertex 143.4 98.4 3
    endloop
  endfacet
  facet normal 0 0 1
    outer loop
      vertex 3.37811 94.0855 3
      vertex 2.6 98.4 3
      vertex 3.16001 94.0421 3
    endloop
  endfacet
  facet normal -0 0 1
    outer loop
      vertex 1.94737 98.3572 3
      vertex 3.16001 94.0421 3
      vertex 2.6 98.4 3
    endloop
  endfacet
  facet normal 0 0 1
    outer loop
      vertex 3.16001 94.0421 3
      vertex 1.94737 98.3572 3
      vertex 2.94944 93.9706 3
    endloop
  endfacet
  facet normal -0 0 1
    outer loop
      vertex 1.3059 98.2296 3
      vertex 2.94944 93.9706 3
      vertex 1.94737 98.3572 3
    endloop
  endfacet
  facet normal 0 0 1
    outer loop
      vertex 2.94944 93.9706 3
      vertex 1.3059 98.2296 3
      vertex 2.75 93.8722 3
    endloop
  endfacet
  facet normal -0 0 1
    outer loop
      vertex 0.686582 98.0194 3
      vertex 2.75 93.8722 3
      vertex 1.3059 98.2296 3
    endloop
  endfacet
  facet normal -0 0 1
    outer loop
      vertex 0.0999994 97.7301 3
      vertex 2.75 93.8722 3
      vertex 0.686582 98.0194 3
    endloop
  endfacet
  facet normal 0 0 1
    outer loop
      vertex 2.75 93.8722 3
      vertex 0.0999994 97.7301 3
      vertex 2.56511 93.7487 3
    endloop
  endfacet
  facet normal -0 0 1
    outer loop
      vertex -0.443808 97.3668 3
      vertex 2.56511 93.7487 3
      vertex 0.0999994 97.7301 3
    endloop
  endfacet
  facet normal 0 0 1
    outer loop
      vertex 2.56511 93.7487 3
      vertex -0.443808 97.3668 3
      vertex 2.39792 93.6021 3
    endloop
  endfacet
  facet normal -0 0 1
    outer loop
      vertex -0.935534 96.9355 3
      vertex 2.39792 93.6021 3
      vertex -0.443808 97.3668 3
    endloop
  endfacet
  facet normal -0 0 1
    outer loop
      vertex -1.36677 96.4438 3
      vertex 2.39792 93.6021 3
      vertex -0.935534 96.9355 3
    endloop
  endfacet
  facet normal 0 0 1
    outer loop
      vertex 2.2513 4.63489 3
      vertex 0.299999 10.9847 3
      vertex 2.12776 4.45 3
    endloop
  endfacet
  facet normal 0 0 1
    outer loop
      vertex 3.16001 90.7579 3
      vertex 1.50356 84.576 3
      vertex 1.9 84.4971 3
    endloop
  endfacet
  facet normal 0 0 1
    outer loop
      vertex 2.39792 93.6021 3
      vertex -1.36677 96.4438 3
      vertex 2.2513 93.4349 3
    endloop
  endfacet
  facet normal -0 0 1
    outer loop
      vertex -1.73013 95.9 3
      vertex 2.2513 93.4349 3
      vertex -1.36677 96.4438 3
    endloop
  endfacet
  facet normal 0 0 1
    outer loop
      vertex 2.2513 93.4349 3
      vertex -1.73013 95.9 3
      vertex 2.12776 93.25 3
    endloop
  endfacet
  facet normal 0 0 1
    outer loop
      vertex 2.12776 91.55 3
      vertex -2.4 93.4 3
      vertex 0.299999 85.0153 3
    endloop
  endfacet
  facet normal 0 0 1
    outer loop
      vertex 2.94944 90.8294 3
      vertex 0.299999 85.0153 3
      vertex 0.500264 84.9166 3
    endloop
  endfacet
  facet normal 0 0 1
    outer loop
      vertex 2.94944 90.8294 3
      vertex 0.500264 84.9166 3
      vertex 1.50356 84.576 3
    endloop
  endfacet
  facet normal -0 0 1
    outer loop
      vertex -2.0194 95.3134 3
      vertex 2.12776 93.25 3
      vertex -1.73013 95.9 3
    endloop
  endfacet
  facet normal -0 0 1
    outer loop
      vertex 143.872 2.75 3
      vertex 148.23 1.30591 3
      vertex 143.971 2.94944 3
    endloop
  endfacet
  facet normal 0 0 1
    outer loop
      vertex 143.051 5.17059 3
      vertex 145.7 10.9847 3
      vertex 145.5 11.0834 3
    endloop
  endfacet
  facet normal 0 0 1
    outer loop
      vertex 148.23 1.30591 3
      vertex 143.872 2.75 3
      vertex 148.019 0.686584 3
    endloop
  endfacet
  facet normal -0 0 1
    outer loop
      vertex 143.749 2.56511 3
      vertex 147.73 0.100001 3
      vertex 143.872 2.75 3
    endloop
  endfacet
  facet normal 0 0 1
    outer loop
      vertex 143.051 5.17059 3
      vertex 145.5 11.0834 3
      vertex 144.496 11.424 3
    endloop
  endfacet
  facet normal 0 0 1
    outer loop
      vertex 142.84 5.24207 3
      vertex 144.496 11.424 3
      vertex 144.1 11.5029 3
    endloop
  endfacet
  facet normal 0 0 1
    outer loop
      vertex 147.73 0.100001 3
      vertex 143.749 2.56511 3
      vertex 147.367 -0.443806 3
    endloop
  endfacet
  facet normal -0 0 1
    outer loop
      vertex 143.602 2.39792 3
      vertex 147.367 -0.443806 3
      vertex 143.749 2.56511 3
    endloop
  endfacet
  facet normal 0 0 1
    outer loop
      vertex 147.367 -0.443806 3
      vertex 143.602 2.39792 3
      vertex 146.936 -0.935533 3
    endloop
  endfacet
  facet normal 0 0 1
    outer loop
      vertex 146.936 -0.935533 3
      vertex 143.602 2.39792 3
      vertex 146.444 -1.36677 3
    endloop
  endfacet
  facet normal -0 0 1
    outer loop
      vertex 143.435 2.2513 3
      vertex 146.444 -1.36677 3
      vertex 143.602 2.39792 3
    endloop
  endfacet
  facet normal 0 0 1
    outer loop
      vertex 146.444 -1.36677 3
      vertex 143.435 2.2513 3
      vertex 145.9 -1.73013 3
    endloop
  endfacet
  facet normal -0 0 1
    outer loop
      vertex 143.25 2.12776 3
      vertex 145.9 -1.73013 3
      vertex 143.435 2.2513 3
    endloop
  endfacet
  facet normal 0 0 1
    outer loop
      vertex 145.9 -1.73013 3
      vertex 143.25 2.12776 3
      vertex 145.313 -2.0194 3
    endloop
  endfacet
  facet normal 0 0 1
    outer loop
      vertex 145.313 -2.0194 3
      vertex 143.25 2.12776 3
      vertex 144.694 -2.22963 3
    endloop
  endfacet
  facet normal -0 0 1
    outer loop
      vertex 143.051 2.02941 3
      vertex 144.694 -2.22963 3
      vertex 143.25 2.12776 3
    endloop
  endfacet
  facet normal 0 0 1
    outer loop
      vertex 144.694 -2.22963 3
      vertex 143.051 2.02941 3
      vertex 144.053 -2.35722 3
    endloop
  endfacet
  facet normal -0 0 1
    outer loop
      vertex 142.84 1.95793 3
      vertex 144.053 -2.35722 3
      vertex 143.051 2.02941 3
    endloop
  endfacet
  facet normal 0 0 1
    outer loop
      vertex 144.053 -2.35722 3
      vertex 142.84 1.95793 3
      vertex 143.4 -2.4 3
    endloop
  endfacet
  facet normal -0 0 1
    outer loop
      vertex 142.622 1.91454 3
      vertex 143.4 -2.4 3
      vertex 142.84 1.95793 3
    endloop
  endfacet
  facet normal -0 0 1
    outer loop
      vertex 142.4 1.9 3
      vertex 143.4 -2.4 3
      vertex 142.622 1.91454 3
    endloop
  endfacet
  facet normal 0 0 1
    outer loop
      vertex 142.178 1.91454 3
      vertex 143.4 -2.4 3
      vertex 142.4 1.9 3
    endloop
  endfacet
  facet normal 0 0 1
    outer loop
      vertex 141.96 1.95793 3
      vertex 143.4 -2.4 3
      vertex 142.178 1.91454 3
    endloop
  endfacet
  facet normal 0 0 1
    outer loop
      vertex 141.749 2.02941 3
      vertex 143.4 -2.4 3
      vertex 141.96 1.95793 3
    endloop
  endfacet
  facet normal 0 0 1
    outer loop
      vertex 141.55 2.12776 3
      vertex 143.4 -2.4 3
      vertex 141.749 2.02941 3
    endloop
  endfacet
  facet normal 0 0 1
    outer loop
      vertex 135.015 0.300001 3
      vertex 141.55 2.12776 3
      vertex 141.365 2.2513 3
    endloop
  endfacet
  facet normal 0 0 1
    outer loop
      vertex 135.015 0.300001 3
      vertex 141.365 2.2513 3
      vertex 141.198 2.39792 3
    endloop
  endfacet
  facet normal 0 0 1
    outer loop
      vertex 135.015 0.300001 3
      vertex 141.198 2.39792 3
      vertex 141.051 2.56511 3
    endloop
  endfacet
  facet normal 0 0 1
    outer loop
      vertex 135.015 0.300001 3
      vertex 141.051 2.56511 3
      vertex 140.928 2.75 3
    endloop
  endfacet
  facet normal 0 0 1
    outer loop
      vertex 135.015 0.300001 3
      vertex 140.928 2.75 3
      vertex 140.829 2.94944 3
    endloop
  endfacet
  facet normal 0 0 1
    outer loop
      vertex 140.715 3.82189 3
      vertex 135.015 0.300001 3
      vertex 140.7 3.6 3
    endloop
  endfacet
  facet normal 0 0 1
    outer loop
      vertex 135.015 0.300001 3
      vertex 140.715 3.37811 3
      vertex 140.7 3.6 3
    endloop
  endfacet
  facet normal 0 0 1
    outer loop
      vertex 135.015 0.300001 3
      vertex 140.758 3.16001 3
      vertex 140.715 3.37811 3
    endloop
  endfacet
  facet normal 0 0 1
    outer loop
      vertex 135.015 0.300001 3
      vertex 140.829 2.94944 3
      vertex 140.758 3.16001 3
    endloop
  endfacet
  facet normal 0 0 1
    outer loop
      vertex 141.55 2.12776 3
      vertex 135.015 0.300001 3
      vertex 143.4 -2.4 3
    endloop
  endfacet
  facet normal -0 0 1
    outer loop
      vertex 10.9847 0.300001 3
      vertex 143.4 -2.4 3
      vertex 135.015 0.300001 3
    endloop
  endfacet
  facet normal 0 0 1
    outer loop
      vertex 11.5029 1.9 3
      vertex 5.24207 3.16001 3
      vertex 11.424 1.50357 3
    endloop
  endfacet
  facet normal 0 0 1
    outer loop
      vertex 11.424 1.50357 3
      vertex 5.24207 3.16001 3
      vertex 11.0834 0.500265 3
    endloop
  endfacet
  facet normal -0 0 1
    outer loop
      vertex 5.17059 2.94944 3
      vertex 11.0834 0.500265 3
      vertex 5.24207 3.16001 3
    endloop
  endfacet
  facet normal 0 0 1
    outer loop
      vertex 11.0834 0.500265 3
      vertex 5.17059 2.94944 3
      vertex 10.9847 0.300001 3
    endloop
  endfacet
  facet normal -0 0 1
    outer loop
      vertex 5.07224 2.75 3
      vertex 10.9847 0.300001 3
      vertex 5.17059 2.94944 3
    endloop
  endfacet
  facet normal -0 0 1
    outer loop
      vertex 4.9487 2.56511 3
      vertex 10.9847 0.300001 3
      vertex 5.07224 2.75 3
    endloop
  endfacet
  facet normal -0 0 1
    outer loop
      vertex 4.80208 2.39792 3
      vertex 10.9847 0.300001 3
      vertex 4.9487 2.56511 3
    endloop
  endfacet
  facet normal -0 0 1
    outer loop
      vertex 4.63489 2.2513 3
      vertex 10.9847 0.300001 3
      vertex 4.80208 2.39792 3
    endloop
  endfacet
  facet normal -0 0 1
    outer loop
      vertex 4.45 2.12776 3
      vertex 10.9847 0.300001 3
      vertex 4.63489 2.2513 3
    endloop
  endfacet
  facet normal 0 0 1
    outer loop
      vertex 2.6 -2.4 3
      vertex 4.45 2.12776 3
      vertex 4.25056 2.02941 3
    endloop
  endfacet
  facet normal 0 0 1
    outer loop
      vertex 2.6 -2.4 3
      vertex 4.25056 2.02941 3
      vertex 4.03999 1.95793 3
    endloop
  endfacet
  facet normal 0 0 1
    outer loop
      vertex 2.6 -2.4 3
      vertex 4.03999 1.95793 3
      vertex 3.82189 1.91454 3
    endloop
  endfacet
  facet normal 0 0 1
    outer loop
      vertex 2.6 -2.4 3
      vertex 3.82189 1.91454 3
      vertex 3.6 1.9 3
    endloop
  endfacet
  facet normal 0 0 1
    outer loop
      vertex 2.6 -2.4 3
      vertex 3.6 1.9 3
      vertex 3.37811 1.91454 3
    endloop
  endfacet
  facet normal 0 0 1
    outer loop
      vertex 2.6 -2.4 3
      vertex 3.37811 1.91454 3
      vertex 3.16001 1.95793 3
    endloop
  endfacet
  facet normal 0 0 1
    outer loop
      vertex 10.9847 0.300001 3
      vertex 2.6 -2.4 3
      vertex 143.4 -2.4 3
    endloop
  endfacet
  facet normal 0 0 1
    outer loop
      vertex 4.45 2.12776 3
      vertex 2.6 -2.4 3
      vertex 10.9847 0.300001 3
    endloop
  endfacet
  facet normal 0 0 1
    outer loop
      vertex 1.94737 -2.35722 3
      vertex 3.16001 1.95793 3
      vertex 2.94944 2.02941 3
    endloop
  endfacet
  facet normal 0 0 1
    outer loop
      vertex 1.3059 -2.22963 3
      vertex 2.94944 2.02941 3
      vertex 2.75 2.12776 3
    endloop
  endfacet
  facet normal 0 0 1
    outer loop
      vertex 0.0999994 -1.73013 3
      vertex 2.75 2.12776 3
      vertex 2.56511 2.2513 3
    endloop
  endfacet
  facet normal 0 0 1
    outer loop
      vertex -0.443808 -1.36677 3
      vertex 2.56511 2.2513 3
      vertex 2.39792 2.39792 3
    endloop
  endfacet
  facet normal 0 0 1
    outer loop
      vertex -1.36677 -0.443806 3
      vertex 2.39792 2.39792 3
      vertex 2.2513 2.56511 3
    endloop
  endfacet
  facet normal 0 0 1
    outer loop
      vertex -1.73013 0.100001 3
      vertex 2.2513 2.56511 3
      vertex 2.12776 2.75 3
    endloop
  endfacet
  facet normal 0 0 1
    outer loop
      vertex -2.22963 1.30591 3
      vertex 2.12776 2.75 3
      vertex 2.02941 2.94944 3
    endloop
  endfacet
  facet normal 0 0 1
    outer loop
      vertex -2.35722 1.94737 3
      vertex 2.02941 2.94944 3
      vertex 1.95793 3.16001 3
    endloop
  endfacet
  facet normal 0 0 1
    outer loop
      vertex 3.16001 1.95793 3
      vertex 1.94737 -2.35722 3
      vertex 2.6 -2.4 3
    endloop
  endfacet
  facet normal 0 0 1
    outer loop
      vertex -2.4 2.6 3
      vertex 1.95793 3.16001 3
      vertex 1.91454 3.37811 3
    endloop
  endfacet
  facet normal 0 0 1
    outer loop
      vertex -2.4 2.6 3
      vertex 1.91454 3.37811 3
      vertex 1.9 3.6 3
    endloop
  endfacet
  facet normal 0 0 1
    outer loop
      vertex -2.4 2.6 3
      vertex 2.12776 4.45 3
      vertex 0.299999 10.9847 3
    endloop
  endfacet
  facet normal 0 0 1
    outer loop
      vertex 2.12776 4.45 3
      vertex -2.4 2.6 3
      vertex 2.02941 4.25056 3
    endloop
  endfacet
  facet normal 0 0 1
    outer loop
      vertex 2.02941 4.25056 3
      vertex -2.4 2.6 3
      vertex 1.95793 4.03999 3
    endloop
  endfacet
  facet normal 0 0 1
    outer loop
      vertex 1.95793 3.16001 3
      vertex -2.4 2.6 3
      vertex -2.35722 1.94737 3
    endloop
  endfacet
  facet normal 0 0 1
    outer loop
      vertex 2.94944 2.02941 3
      vertex 1.3059 -2.22963 3
      vertex 1.94737 -2.35722 3
    endloop
  endfacet
  facet normal 0 0 1
    outer loop
      vertex 1.95793 4.03999 3
      vertex -2.4 2.6 3
      vertex 1.91454 3.82189 3
    endloop
  endfacet
  facet normal 0 0 1
    outer loop
      vertex 1.91454 3.82189 3
      vertex -2.4 2.6 3
      vertex 1.9 3.6 3
    endloop
  endfacet
  facet normal 0 0 1
    outer loop
      vertex 2.75 2.12776 3
      vertex 0.686582 -2.0194 3
      vertex 1.3059 -2.22963 3
    endloop
  endfacet
  facet normal 0 0 1
    outer loop
      vertex 0.299999 85.0153 3
      vertex -2.4 93.4 3
      vertex 0.299999 10.9847 3
    endloop
  endfacet
  facet normal -0 0 1
    outer loop
      vertex -2.22963 94.6941 3
      vertex 2.12776 93.25 3
      vertex -2.0194 95.3134 3
    endloop
  endfacet
  facet normal 0 0 1
    outer loop
      vertex -2.4 2.6 3
      vertex 0.299999 10.9847 3
      vertex -2.4 93.4 3
    endloop
  endfacet
  facet normal 0 0 1
    outer loop
      vertex 2.12776 93.25 3
      vertex -2.22963 94.6941 3
      vertex 2.02941 93.0506 3
    endloop
  endfacet
  facet normal 0 0 1
    outer loop
      vertex 2.75 2.12776 3
      vertex 0.0999994 -1.73013 3
      vertex 0.686582 -2.0194 3
    endloop
  endfacet
  facet normal -0 0 1
    outer loop
      vertex -2.35722 94.0526 3
      vertex 2.02941 93.0506 3
      vertex -2.22963 94.6941 3
    endloop
  endfacet
  facet normal 0 0 1
    outer loop
      vertex 2.56511 2.2513 3
      vertex -0.443808 -1.36677 3
      vertex 0.0999994 -1.73013 3
    endloop
  endfacet
  facet normal 0 0 1
    outer loop
      vertex 2.02941 93.0506 3
      vertex -2.35722 94.0526 3
      vertex 1.95793 92.84 3
    endloop
  endfacet
  facet normal 0 0 1
    outer loop
      vertex 2.39792 2.39792 3
      vertex -0.935534 -0.935533 3
      vertex -0.443808 -1.36677 3
    endloop
  endfacet
  facet normal -0 0 1
    outer loop
      vertex -2.4 93.4 3
      vertex 1.95793 92.84 3
      vertex -2.35722 94.0526 3
    endloop
  endfacet
  facet normal 0 0 1
    outer loop
      vertex 2.39792 2.39792 3
      vertex -1.36677 -0.443806 3
      vertex -0.935534 -0.935533 3
    endloop
  endfacet
  facet normal 0 0 1
    outer loop
      vertex 1.95793 92.84 3
      vertex -2.4 93.4 3
      vertex 1.91454 92.6219 3
    endloop
  endfacet
  facet normal 0 0 1
    outer loop
      vertex 2.2513 2.56511 3
      vertex -1.73013 0.100001 3
      vertex -1.36677 -0.443806 3
    endloop
  endfacet
  facet normal 0 0 1
    outer loop
      vertex 1.91454 92.6219 3
      vertex -2.4 93.4 3
      vertex 1.9 92.4 3
    endloop
  endfacet
  facet normal 0 0 1
    outer loop
      vertex 2.12776 2.75 3
      vertex -2.0194 0.686584 3
      vertex -1.73013 0.100001 3
    endloop
  endfacet
  facet normal 0 0 1
    outer loop
      vertex 2.12776 2.75 3
      vertex -2.22963 1.30591 3
      vertex -2.0194 0.686584 3
    endloop
  endfacet
  facet normal 0 0 1
    outer loop
      vertex 2.02941 2.94944 3
      vertex -2.35722 1.94737 3
      vertex -2.22963 1.30591 3
    endloop
  endfacet
  facet normal 0 0 1
    outer loop
      vertex 148.4 93.4 3
      vertex 143.971 91.7494 3
      vertex 143.872 91.55 3
    endloop
  endfacet
  facet normal 0 0 1
    outer loop
      vertex 148.4 93.4 3
      vertex 143.872 91.55 3
      vertex 145.7 85.0153 3
    endloop
  endfacet
  facet normal -0 0 1
    outer loop
      vertex 143.749 91.3651 3
      vertex 145.7 85.0153 3
      vertex 143.872 91.55 3
    endloop
  endfacet
  facet normal -0 0 1
    outer loop
      vertex 143.602 91.1979 3
      vertex 145.7 85.0153 3
      vertex 143.749 91.3651 3
    endloop
  endfacet
  facet normal 0 0 1
    outer loop
      vertex 148.019 0.686584 3
      vertex 143.872 2.75 3
      vertex 147.73 0.100001 3
    endloop
  endfacet
  facet normal -0 0 1
    outer loop
      vertex 143.435 91.0513 3
      vertex 145.7 85.0153 3
      vertex 143.602 91.1979 3
    endloop
  endfacet
  facet normal -0 0 1
    outer loop
      vertex 143.971 2.94944 3
      vertex 148.357 1.94737 3
      vertex 144.042 3.16001 3
    endloop
  endfacet
  facet normal -0 0 1
    outer loop
      vertex 143.25 90.9278 3
      vertex 145.7 85.0153 3
      vertex 143.435 91.0513 3
    endloop
  endfacet
  facet normal -0 0 1
    outer loop
      vertex 144.085 3.37811 3
      vertex 148.4 2.6 3
      vertex 144.1 3.6 3
    endloop
  endfacet
  facet normal -0 0 1
    outer loop
      vertex 143.051 90.8294 3
      vertex 145.7 85.0153 3
      vertex 143.25 90.9278 3
    endloop
  endfacet
  facet normal -0 -0 1
    outer loop
      vertex 144.042 4.03999 3
      vertex 148.4 2.6 3
      vertex 143.971 4.25056 3
    endloop
  endfacet
  facet normal 0 0 1
    outer loop
      vertex 145.7 85.0153 3
      vertex 143.051 90.8294 3
      vertex 145.5 84.9166 3
    endloop
  endfacet
  facet normal 0 0 1
    outer loop
      vertex 145.7 10.9847 3
      vertex 143.749 4.63489 3
      vertex 143.872 4.45 3
    endloop
  endfacet
  facet normal 0 0 1
    outer loop
      vertex 145.5 84.9166 3
      vertex 143.051 90.8294 3
      vertex 144.496 84.576 3
    endloop
  endfacet
  facet normal 0 0 1
    outer loop
      vertex 145.7 10.9847 3
      vertex 143.602 4.80208 3
      vertex 143.749 4.63489 3
    endloop
  endfacet
  facet normal -0 0 1
    outer loop
      vertex 142.84 90.7579 3
      vertex 144.496 84.576 3
      vertex 143.051 90.8294 3
    endloop
  endfacet
  facet normal 0 0 1
    outer loop
      vertex 145.7 10.9847 3
      vertex 143.435 4.9487 3
      vertex 143.602 4.80208 3
    endloop
  endfacet
  facet normal 0 0 1
    outer loop
      vertex 144.496 84.576 3
      vertex 142.84 90.7579 3
      vertex 144.1 84.4971 3
    endloop
  endfacet
  facet normal 0 0 1
    outer loop
      vertex 145.7 10.9847 3
      vertex 143.25 5.07224 3
      vertex 143.435 4.9487 3
    endloop
  endfacet
  facet normal -0 0 1
    outer loop
      vertex 142.622 90.7145 3
      vertex 144.1 84.4971 3
      vertex 142.84 90.7579 3
    endloop
  endfacet
  facet normal 0 0 1
    outer loop
      vertex 145.7 10.9847 3
      vertex 143.051 5.17059 3
      vertex 143.25 5.07224 3
    endloop
  endfacet
  facet normal -0 0 1
    outer loop
      vertex 142.4 90.7 3
      vertex 144.1 84.4971 3
      vertex 142.622 90.7145 3
    endloop
  endfacet
  facet normal 0 0 1
    outer loop
      vertex 144.496 11.424 3
      vertex 142.84 5.24207 3
      vertex 143.051 5.17059 3
    endloop
  endfacet
  facet normal 0 0 1
    outer loop
      vertex 142.178 90.7145 3
      vertex 144.1 84.4971 3
      vertex 142.4 90.7 3
    endloop
  endfacet
  facet normal 0 0 1
    outer loop
      vertex 144.1 11.5029 3
      vertex 142.622 5.28546 3
      vertex 142.84 5.24207 3
    endloop
  endfacet
  facet normal 0 0 1
    outer loop
      vertex 141.96 90.7579 3
      vertex 144.1 84.4971 3
      vertex 142.178 90.7145 3
    endloop
  endfacet
  facet normal 0 0 1
    outer loop
      vertex 144.1 11.5029 3
      vertex 142.4 5.3 3
      vertex 142.622 5.28546 3
    endloop
  endfacet
  facet normal 0 0 1
    outer loop
      vertex 141.749 90.8294 3
      vertex 144.1 84.4971 3
      vertex 141.96 90.7579 3
    endloop
  endfacet
  facet normal 0 0 1
    outer loop
      vertex 144.1 11.5029 3
      vertex 142.178 5.28546 3
      vertex 142.4 5.3 3
    endloop
  endfacet
  facet normal 0 0 1
    outer loop
      vertex 141.55 90.9278 3
      vertex 144.1 84.4971 3
      vertex 141.749 90.8294 3
    endloop
  endfacet
  facet normal 0 0 1
    outer loop
      vertex 144.1 11.5029 3
      vertex 141.96 5.24207 3
      vertex 142.178 5.28546 3
    endloop
  endfacet
  facet normal 0 0 1
    outer loop
      vertex 141.365 91.0513 3
      vertex 144.1 84.4971 3
      vertex 141.55 90.9278 3
    endloop
  endfacet
  facet normal 0 0 1
    outer loop
      vertex 144.1 11.5029 3
      vertex 141.749 5.17059 3
      vertex 141.96 5.24207 3
    endloop
  endfacet
  facet normal 0 0 1
    outer loop
      vertex 141.198 91.1979 3
      vertex 144.1 84.4971 3
      vertex 141.365 91.0513 3
    endloop
  endfacet
  facet normal 0 0 1
    outer loop
      vertex 144.1 11.5029 3
      vertex 141.55 5.07224 3
      vertex 141.749 5.17059 3
    endloop
  endfacet
  facet normal 0 0 1
    outer loop
      vertex 134.497 94.1 3
      vertex 141.198 91.1979 3
      vertex 141.051 91.3651 3
    endloop
  endfacet
  facet normal 0 0 1
    outer loop
      vertex 144.1 11.5029 3
      vertex 141.365 4.9487 3
      vertex 141.55 5.07224 3
    endloop
  endfacet
  facet normal 0 0 1
    outer loop
      vertex 140.758 91.96 3
      vertex 134.497 94.1 3
      vertex 140.829 91.7494 3
    endloop
  endfacet
  facet normal 0 0 1
    outer loop
      vertex 144.1 11.5029 3
      vertex 141.198 4.80208 3
      vertex 141.365 4.9487 3
    endloop
  endfacet
  facet normal 0 0 1
    outer loop
      vertex 140.829 91.7494 3
      vertex 134.497 94.1 3
      vertex 140.928 91.55 3
    endloop
  endfacet
  facet normal 0 0 1
    outer loop
      vertex 144.1 11.5029 3
      vertex 141.051 4.63489 3
      vertex 141.198 4.80208 3
    endloop
  endfacet
  facet normal 0 0 1
    outer loop
      vertex 140.928 91.55 3
      vertex 134.497 94.1 3
      vertex 141.051 91.3651 3
    endloop
  endfacet
  facet normal 0 0 1
    outer loop
      vertex 135.015 0.300001 3
      vertex 141.051 4.63489 3
      vertex 144.1 11.5029 3
    endloop
  endfacet
  facet normal 0 0 1
    outer loop
      vertex 140.715 92.1781 3
      vertex 134.497 94.1 3
      vertex 140.758 91.96 3
    endloop
  endfacet
  facet normal 0 0 1
    outer loop
      vertex 141.198 91.1979 3
      vertex 134.497 94.1 3
      vertex 144.1 84.4971 3
    endloop
  endfacet
  facet normal 0 0 1
    outer loop
      vertex 140.7 92.4 3
      vertex 134.497 94.1 3
      vertex 140.715 92.1781 3
    endloop
  endfacet
  facet normal 0 0 1
    outer loop
      vertex 141.051 4.63489 3
      vertex 135.015 0.300001 3
      vertex 140.928 4.45 3
    endloop
  endfacet
  facet normal 0 0 1
    outer loop
      vertex 140.715 92.6219 3
      vertex 134.497 94.1 3
      vertex 140.7 92.4 3
    endloop
  endfacet
  facet normal 0 0 1
    outer loop
      vertex 140.928 4.45 3
      vertex 135.015 0.300001 3
      vertex 140.829 4.25056 3
    endloop
  endfacet
  facet normal 0 0 1
    outer loop
      vertex 140.758 92.84 3
      vertex 134.497 94.1 3
      vertex 140.715 92.6219 3
    endloop
  endfacet
  facet normal 0 0 1
    outer loop
      vertex 140.829 4.25056 3
      vertex 135.015 0.300001 3
      vertex 140.758 4.03999 3
    endloop
  endfacet
  facet normal 0 0 1
    outer loop
      vertex 1.50356 84.576 7
      vertex 1.9 11.5029 7
      vertex 1.9 84.4971 7
    endloop
  endfacet
  facet normal 0 0 1
    outer loop
      vertex 1.50356 84.576 7
      vertex 1.50356 11.424 7
      vertex 1.9 11.5029 7
    endloop
  endfacet
  facet normal 0 0 1
    outer loop
      vertex 0.500264 84.9166 7
      vertex 1.50356 11.424 7
      vertex 1.50356 84.576 7
    endloop
  endfacet
  facet normal 0 0 1
    outer loop
      vertex 0.500264 84.9166 7
      vertex 0.500264 11.0834 7
      vertex 1.50356 11.424 7
    endloop
  endfacet
  facet normal 0 0 1
    outer loop
      vertex 0.299999 85.0153 7
      vertex 0.500264 11.0834 7
      vertex 0.500264 84.9166 7
    endloop
  endfacet
  facet normal 0 0 1
    outer loop
      vertex 0.500264 11.0834 7
      vertex 0.299999 85.0153 7
      vertex 0.299999 10.9847 7
    endloop
  endfacet
  facet normal -0 0 1
    outer loop
      vertex 11.5029 1.9 7
      vertex 134.576 1.50357 7
      vertex 134.497 1.9 7
    endloop
  endfacet
  facet normal 0 0 1
    outer loop
      vertex 11.424 1.50357 7
      vertex 134.576 1.50357 7
      vertex 11.5029 1.9 7
    endloop
  endfacet
  facet normal 0 0 1
    outer loop
      vertex 134.576 1.50357 7
      vertex 11.424 1.50357 7
      vertex 134.917 0.500265 7
    endloop
  endfacet
  facet normal 0 0 1
    outer loop
      vertex 11.0834 0.500265 7
      vertex 134.917 0.500265 7
      vertex 11.424 1.50357 7
    endloop
  endfacet
  facet normal 0 0 1
    outer loop
      vertex 134.917 0.500265 7
      vertex 11.0834 0.500265 7
      vertex 135.015 0.300001 7
    endloop
  endfacet
  facet normal 0 0 1
    outer loop
      vertex 135.015 0.300001 7
      vertex 11.0834 0.500265 7
      vertex 10.9847 0.300001 7
    endloop
  endfacet
  facet normal 0 0 1
    outer loop
      vertex 134.576 94.4964 7
      vertex 11.5029 94.1 7
      vertex 134.497 94.1 7
    endloop
  endfacet
  facet normal 0 0 1
    outer loop
      vertex 11.424 94.4964 7
      vertex 134.576 94.4964 7
      vertex 134.917 95.4997 7
    endloop
  endfacet
  facet normal 0 0 1
    outer loop
      vertex 11.0834 95.4997 7
      vertex 134.917 95.4997 7
      vertex 135.015 95.7 7
    endloop
  endfacet
  facet normal 0 0 1
    outer loop
      vertex 134.576 94.4964 7
      vertex 11.424 94.4964 7
      vertex 11.5029 94.1 7
    endloop
  endfacet
  facet normal 0 0 1
    outer loop
      vertex 134.917 95.4997 7
      vertex 11.0834 95.4997 7
      vertex 11.424 94.4964 7
    endloop
  endfacet
  facet normal 0 -0 1
    outer loop
      vertex 11.0834 95.4997 7
      vertex 135.015 95.7 7
      vertex 10.9847 95.7 7
    endloop
  endfacet
  facet normal -0 0 1
    outer loop
      vertex 145.5 84.9166 7
      vertex 145.7 10.9847 7
      vertex 145.7 85.0153 7
    endloop
  endfacet
  facet normal 0 0 1
    outer loop
      vertex 145.5 84.9166 7
      vertex 145.5 11.0834 7
      vertex 145.7 10.9847 7
    endloop
  endfacet
  facet normal -0 0 1
    outer loop
      vertex 144.496 84.576 7
      vertex 145.5 11.0834 7
      vertex 145.5 84.9166 7
    endloop
  endfacet
  facet normal 0 0 1
    outer loop
      vertex 144.496 84.576 7
      vertex 144.496 11.424 7
      vertex 145.5 11.0834 7
    endloop
  endfacet
  facet normal -0 0 1
    outer loop
      vertex 144.1 84.4971 7
      vertex 144.496 11.424 7
      vertex 144.496 84.576 7
    endloop
  endfacet
  facet normal 0 0 1
    outer loop
      vertex 144.496 11.424 7
      vertex 144.1 84.4971 7
      vertex 144.1 11.5029 7
    endloop
  endfacet
  facet normal -1 0 0
    outer loop
      vertex 144.1 11.5029 3
      vertex 144.1 84.4971 7
      vertex 144.1 84.4971 3
    endloop
  endfacet
  facet normal -1 -0 0
    outer loop
      vertex 144.1 84.4971 7
      vertex 144.1 11.5029 3
      vertex 144.1 11.5029 7
    endloop
  endfacet
  facet normal 1 -0 0
    outer loop
      vertex 1.9 11.5029 7
      vertex 1.9 84.4971 3
      vertex 1.9 84.4971 7
    endloop
  endfacet
  facet normal 1 0 0
    outer loop
      vertex 1.9 84.4971 3
      vertex 1.9 11.5029 7
      vertex 1.9 11.5029 3
    endloop
  endfacet
  facet normal 0 1 -0
    outer loop
      vertex 134.497 1.9 3
      vertex 11.5029 1.9 7
      vertex 134.497 1.9 7
    endloop
  endfacet
  facet normal 0 1 0
    outer loop
      vertex 11.5029 1.9 7
      vertex 134.497 1.9 3
      vertex 11.5029 1.9 3
    endloop
  endfacet
  facet normal 0 -1 0
    outer loop
      vertex 11.5029 94.1 3
      vertex 134.497 94.1 7
      vertex 11.5029 94.1 7
    endloop
  endfacet
  facet normal 0 -1 -0
    outer loop
      vertex 134.497 94.1 7
      vertex 11.5029 94.1 3
      vertex 134.497 94.1 3
    endloop
  endfacet
  facet normal 1 -0 0
    outer loop
      vertex 148.4 2.6 3
      vertex 148.4 93.4 0
      vertex 148.4 93.4 3
    endloop
  endfacet
  facet normal 1 0 0
    outer loop
      vertex 148.4 93.4 0
      vertex 148.4 2.6 3
      vertex 148.4 2.6 0
    endloop
  endfacet
  facet normal -0.65935 -0.751836 0
    outer loop
      vertex -0.935534 -0.935533 0
      vertex -0.443808 -1.36677 3
      vertex -0.935534 -0.935533 3
    endloop
  endfacet
  facet normal -0.65935 -0.751836 -0
    outer loop
      vertex -0.443808 -1.36677 3
      vertex -0.935534 -0.935533 0
      vertex -0.443808 -1.36677 0
    endloop
  endfacet
  facet normal 0.980961 0.194204 0
    outer loop
      vertex 148.357 94.0526 3
      vertex 148.23 94.6941 0
      vertex 148.23 94.6941 3
    endloop
  endfacet
  facet normal 0.980961 0.194204 0
    outer loop
      vertex 148.23 94.6941 0
      vertex 148.357 94.0526 3
      vertex 148.357 94.0526 0
    endloop
  endfacet
  facet normal -1 0 0
    outer loop
      vertex -2.4 2.6 0
      vertex -2.4 93.4 3
      vertex -2.4 93.4 0
    endloop
  endfacet
  facet normal -1 -0 0
    outer loop
      vertex -2.4 93.4 3
      vertex -2.4 2.6 0
      vertex -2.4 2.6 3
    endloop
  endfacet
  facet normal -0.55557 -0.83147 0
    outer loop
      vertex -0.443808 -1.36677 0
      vertex 0.0999994 -1.73013 3
      vertex -0.443808 -1.36677 3
    endloop
  endfacet
  facet normal -0.55557 -0.83147 -0
    outer loop
      vertex 0.0999994 -1.73013 3
      vertex -0.443808 -1.36677 0
      vertex 0.0999994 -1.73013 0
    endloop
  endfacet
  facet normal -0.997858 0.0654128 0
    outer loop
      vertex -2.4 93.4 0
      vertex -2.35722 94.0526 3
      vertex -2.35722 94.0526 0
    endloop
  endfacet
  facet normal -0.997858 0.0654128 0
    outer loop
      vertex -2.35722 94.0526 3
      vertex -2.4 93.4 0
      vertex -2.4 93.4 3
    endloop
  endfacet
  facet normal -0.0654098 -0.997858 0
    outer loop
      vertex 1.94737 -2.35722 0
      vertex 2.6 -2.4 3
      vertex 1.94737 -2.35722 3
    endloop
  endfacet
  facet normal -0.0654098 -0.997858 -0
    outer loop
      vertex 2.6 -2.4 3
      vertex 1.94737 -2.35722 0
      vertex 2.6 -2.4 0
    endloop
  endfacet
  facet normal 0.980959 -0.194216 0
    outer loop
      vertex 148.23 1.30591 3
      vertex 148.357 1.94737 0
      vertex 148.357 1.94737 3
    endloop
  endfacet
  facet normal 0.980959 -0.194216 0
    outer loop
      vertex 148.357 1.94737 0
      vertex 148.23 1.30591 3
      vertex 148.23 1.30591 0
    endloop
  endfacet
  facet normal 0.897042 0.441945 0
    outer loop
      vertex 148.019 95.3134 3
      vertex 147.73 95.9 0
      vertex 147.73 95.9 3
    endloop
  endfacet
  facet normal 0.897042 0.441945 0
    outer loop
      vertex 147.73 95.9 0
      vertex 148.019 95.3134 3
      vertex 148.019 95.3134 0
    endloop
  endfacet
  facet normal 0.997836 -0.0657447 0
    outer loop
      vertex 148.357 1.94737 3
      vertex 148.4 2.6 0
      vertex 148.4 2.6 3
    endloop
  endfacet
  facet normal 0.997836 -0.0657447 0
    outer loop
      vertex 148.4 2.6 0
      vertex 148.357 1.94737 3
      vertex 148.357 1.94737 0
    endloop
  endfacet
  facet normal 0 1 -0
    outer loop
      vertex 143.4 98.4 0
      vertex 2.6 98.4 3
      vertex 143.4 98.4 3
    endloop
  endfacet
  facet normal 0 1 0
    outer loop
      vertex 2.6 98.4 3
      vertex 143.4 98.4 0
      vertex 2.6 98.4 0
    endloop
  endfacet
  facet normal 0.997836 0.0657477 0
    outer loop
      vertex 148.4 93.4 3
      vertex 148.357 94.0526 0
      vertex 148.357 94.0526 3
    endloop
  endfacet
  facet normal 0.997836 0.0657477 0
    outer loop
      vertex 148.357 94.0526 0
      vertex 148.4 93.4 3
      vertex 148.4 93.4 0
    endloop
  endfacet
  facet normal 0.831724 -0.555189 0
    outer loop
      vertex 147.367 -0.443806 3
      vertex 147.73 0.100001 0
      vertex 147.73 0.100001 3
    endloop
  endfacet
  facet normal 0.831724 -0.555189 0
    outer loop
      vertex 147.73 0.100001 0
      vertex 147.367 -0.443806 3
      vertex 147.367 -0.443806 0
    endloop
  endfacet
  facet normal -0.831466 0.555575 0
    outer loop
      vertex -1.73013 95.9 0
      vertex -1.36677 96.4438 3
      vertex -1.36677 96.4438 0
    endloop
  endfacet
  facet normal -0.831466 0.555575 0
    outer loop
      vertex -1.36677 96.4438 3
      vertex -1.73013 95.9 0
      vertex -1.73013 95.9 3
    endloop
  endfacet
  facet normal -0.0654402 0.997856 0
    outer loop
      vertex 2.6 98.4 0
      vertex 1.94737 98.3572 3
      vertex 2.6 98.4 3
    endloop
  endfacet
  facet normal -0.0654402 0.997856 0
    outer loop
      vertex 1.94737 98.3572 3
      vertex 2.6 98.4 0
      vertex 1.94737 98.3572 0
    endloop
  endfacet
  facet normal -0.751838 -0.659348 0
    outer loop
      vertex -0.935534 -0.935533 0
      vertex -1.36677 -0.443806 3
      vertex -1.36677 -0.443806 0
    endloop
  endfacet
  facet normal -0.751838 -0.659348 0
    outer loop
      vertex -1.36677 -0.443806 3
      vertex -0.935534 -0.935533 0
      vertex -0.935534 -0.935533 3
    endloop
  endfacet
  facet normal 0 -1 0
    outer loop
      vertex 2.6 -2.4 0
      vertex 143.4 -2.4 3
      vertex 2.6 -2.4 3
    endloop
  endfacet
  facet normal 0 -1 -0
    outer loop
      vertex 143.4 -2.4 3
      vertex 2.6 -2.4 0
      vertex 143.4 -2.4 0
    endloop
  endfacet
  facet normal 0.555434 -0.831561 0
    outer loop
      vertex 145.9 -1.73013 0
      vertex 146.444 -1.36677 3
      vertex 145.9 -1.73013 3
    endloop
  endfacet
  facet normal 0.555434 -0.831561 0
    outer loop
      vertex 146.444 -1.36677 3
      vertex 145.9 -1.73013 0
      vertex 146.444 -1.36677 0
    endloop
  endfacet
  facet normal -0.980789 0.195072 0
    outer loop
      vertex -2.35722 94.0526 0
      vertex -2.22963 94.6941 3
      vertex -2.22963 94.6941 0
    endloop
  endfacet
  facet normal -0.980789 0.195072 0
    outer loop
      vertex -2.22963 94.6941 3
      vertex -2.35722 94.0526 0
      vertex -2.35722 94.0526 3
    endloop
  endfacet
  facet normal 0.55537 0.831603 -0
    outer loop
      vertex 146.444 97.3668 0
      vertex 145.9 97.7301 3
      vertex 146.444 97.3668 3
    endloop
  endfacet
  facet normal 0.55537 0.831603 0
    outer loop
      vertex 145.9 97.7301 3
      vertex 146.444 97.3668 0
      vertex 145.9 97.7301 0
    endloop
  endfacet
  facet normal -0.896873 -0.442288 0
    outer loop
      vertex -1.73013 0.100001 0
      vertex -2.0194 0.686584 3
      vertex -2.0194 0.686584 0
    endloop
  endfacet
  facet normal -0.896873 -0.442288 0
    outer loop
      vertex -2.0194 0.686584 3
      vertex -1.73013 0.100001 0
      vertex -1.73013 0.100001 3
    endloop
  endfacet
  facet normal -0.195096 0.980784 0
    outer loop
      vertex 1.94737 98.3572 0
      vertex 1.3059 98.2296 3
      vertex 1.94737 98.3572 3
    endloop
  endfacet
  facet normal -0.195096 0.980784 0
    outer loop
      vertex 1.3059 98.2296 3
      vertex 1.94737 98.3572 0
      vertex 1.3059 98.2296 0
    endloop
  endfacet
  facet normal 0.751998 0.659165 0
    outer loop
      vertex 147.367 96.4438 3
      vertex 146.936 96.9355 0
      vertex 146.936 96.9355 3
    endloop
  endfacet
  facet normal 0.751998 0.659165 0
    outer loop
      vertex 146.936 96.9355 0
      vertex 147.367 96.4438 3
      vertex 147.367 96.4438 0
    endloop
  endfacet
  facet normal 0.659142 -0.752018 0
    outer loop
      vertex 146.444 -1.36677 0
      vertex 146.936 -0.935533 3
      vertex 146.444 -1.36677 3
    endloop
  endfacet
  facet normal 0.659142 -0.752018 0
    outer loop
      vertex 146.936 -0.935533 3
      vertex 146.444 -1.36677 0
      vertex 146.936 -0.935533 0
    endloop
  endfacet
  facet normal 0.0653729 -0.997861 0
    outer loop
      vertex 143.4 -2.4 0
      vertex 144.053 -2.35722 3
      vertex 143.4 -2.4 3
    endloop
  endfacet
  facet normal 0.0653729 -0.997861 0
    outer loop
      vertex 144.053 -2.35722 3
      vertex 143.4 -2.4 0
      vertex 144.053 -2.35722 0
    endloop
  endfacet
  facet normal 0.321546 0.946894 -0
    outer loop
      vertex 145.313 98.0194 0
      vertex 144.694 98.2296 3
      vertex 145.313 98.0194 3
    endloop
  endfacet
  facet normal 0.321546 0.946894 0
    outer loop
      vertex 144.694 98.2296 3
      vertex 145.313 98.0194 0
      vertex 144.694 98.2296 0
    endloop
  endfacet
  facet normal 0.659197 0.75197 -0
    outer loop
      vertex 146.936 96.9355 0
      vertex 146.444 97.3668 3
      vertex 146.936 96.9355 3
    endloop
  endfacet
  facet normal 0.659197 0.75197 0
    outer loop
      vertex 146.444 97.3668 3
      vertex 146.936 96.9355 0
      vertex 146.444 97.3668 0
    endloop
  endfacet
  facet normal 0.0654033 0.997859 -0
    outer loop
      vertex 144.053 98.3572 0
      vertex 143.4 98.4 3
      vertex 144.053 98.3572 3
    endloop
  endfacet
  facet normal 0.0654033 0.997859 0
    outer loop
      vertex 143.4 98.4 3
      vertex 144.053 98.3572 0
      vertex 143.4 98.4 0
    endloop
  endfacet
  facet normal 0.195233 0.980757 -0
    outer loop
      vertex 144.694 98.2296 0
      vertex 144.053 98.3572 3
      vertex 144.694 98.2296 3
    endloop
  endfacet
  facet normal 0.195233 0.980757 0
    outer loop
      vertex 144.053 98.3572 3
      vertex 144.694 98.2296 0
      vertex 144.053 98.3572 0
    endloop
  endfacet
  facet normal 0.442035 -0.896998 0
    outer loop
      vertex 145.313 -2.0194 0
      vertex 145.9 -1.73013 3
      vertex 145.313 -2.0194 3
    endloop
  endfacet
  facet normal 0.442035 -0.896998 0
    outer loop
      vertex 145.9 -1.73013 3
      vertex 145.313 -2.0194 0
      vertex 145.9 -1.73013 0
    endloop
  endfacet
  facet normal 0.752016 -0.659144 0
    outer loop
      vertex 146.936 -0.935533 3
      vertex 147.367 -0.443806 0
      vertex 147.367 -0.443806 3
    endloop
  endfacet
  facet normal 0.752016 -0.659144 0
    outer loop
      vertex 147.367 -0.443806 0
      vertex 146.936 -0.935533 3
      vertex 146.936 -0.935533 0
    endloop
  endfacet
  facet normal -0.946931 -0.321436 0
    outer loop
      vertex -2.0194 0.686584 0
      vertex -2.22963 1.30591 3
      vertex -2.22963 1.30591 0
    endloop
  endfacet
  facet normal -0.946931 -0.321436 0
    outer loop
      vertex -2.22963 1.30591 3
      vertex -2.0194 0.686584 0
      vertex -2.0194 0.686584 3
    endloop
  endfacet
  facet normal 0.897037 -0.441956 0
    outer loop
      vertex 147.73 0.100001 3
      vertex 148.019 0.686584 0
      vertex 148.019 0.686584 3
    endloop
  endfacet
  facet normal 0.897037 -0.441956 0
    outer loop
      vertex 148.019 0.686584 0
      vertex 147.73 0.100001 3
      vertex 147.73 0.100001 0
    endloop
  endfacet
  facet normal -0.555506 0.831512 0
    outer loop
      vertex 0.0999994 97.7301 0
      vertex -0.443808 97.3668 3
      vertex 0.0999994 97.7301 3
    endloop
  endfacet
  facet normal -0.555506 0.831512 0
    outer loop
      vertex -0.443808 97.3668 3
      vertex 0.0999994 97.7301 0
      vertex -0.443808 97.3668 0
    endloop
  endfacet
  facet normal -0.659404 0.751788 0
    outer loop
      vertex -0.443808 97.3668 0
      vertex -0.935534 96.9355 3
      vertex -0.443808 97.3668 3
    endloop
  endfacet
  facet normal -0.659404 0.751788 0
    outer loop
      vertex -0.935534 96.9355 3
      vertex -0.443808 97.3668 0
      vertex -0.935534 96.9355 0
    endloop
  endfacet
  facet normal -0.896878 0.442277 0
    outer loop
      vertex -2.0194 95.3134 0
      vertex -1.73013 95.9 3
      vertex -1.73013 95.9 0
    endloop
  endfacet
  facet normal -0.896878 0.442277 0
    outer loop
      vertex -1.73013 95.9 3
      vertex -2.0194 95.3134 0
      vertex -2.0194 95.3134 3
    endloop
  endfacet
  facet normal -0.83147 -0.55557 0
    outer loop
      vertex -1.36677 -0.443806 0
      vertex -1.73013 0.100001 3
      vertex -1.73013 0.100001 0
    endloop
  endfacet
  facet normal -0.83147 -0.55557 0
    outer loop
      vertex -1.73013 0.100001 3
      vertex -1.36677 -0.443806 0
      vertex -1.36677 -0.443806 3
    endloop
  endfacet
  facet normal -0.442325 0.896855 0
    outer loop
      vertex 0.686582 98.0194 0
      vertex 0.0999994 97.7301 3
      vertex 0.686582 98.0194 3
    endloop
  endfacet
  facet normal -0.442325 0.896855 0
    outer loop
      vertex 0.0999994 97.7301 3
      vertex 0.686582 98.0194 0
      vertex 0.0999994 97.7301 0
    endloop
  endfacet
  facet normal 0.442072 0.89698 -0
    outer loop
      vertex 145.9 97.7301 0
      vertex 145.313 98.0194 3
      vertex 145.9 97.7301 3
    endloop
  endfacet
  facet normal 0.442072 0.89698 0
    outer loop
      vertex 145.313 98.0194 3
      vertex 145.9 97.7301 0
      vertex 145.313 98.0194 0
    endloop
  endfacet
  facet normal 0.946573 -0.322491 0
    outer loop
      vertex 148.019 0.686584 3
      vertex 148.23 1.30591 0
      vertex 148.23 1.30591 3
    endloop
  endfacet
  facet normal 0.946573 -0.322491 0
    outer loop
      vertex 148.23 1.30591 0
      vertex 148.019 0.686584 3
      vertex 148.019 0.686584 0
    endloop
  endfacet
  facet normal -0.980787 -0.195084 0
    outer loop
      vertex -2.22963 1.30591 0
      vertex -2.35722 1.94737 3
      vertex -2.35722 1.94737 0
    endloop
  endfacet
  facet normal -0.980787 -0.195084 0
    outer loop
      vertex -2.35722 1.94737 3
      vertex -2.22963 1.30591 0
      vertex -2.22963 1.30591 3
    endloop
  endfacet
  facet normal -0.321398 0.946944 0
    outer loop
      vertex 1.3059 98.2296 0
      vertex 0.686582 98.0194 3
      vertex 1.3059 98.2296 3
    endloop
  endfacet
  facet normal -0.321398 0.946944 0
    outer loop
      vertex 0.686582 98.0194 3
      vertex 1.3059 98.2296 0
      vertex 0.686582 98.0194 0
    endloop
  endfacet
  facet normal 0.321587 -0.94688 0
    outer loop
      vertex 144.694 -2.22963 0
      vertex 145.313 -2.0194 3
      vertex 144.694 -2.22963 3
    endloop
  endfacet
  facet normal 0.321587 -0.94688 0
    outer loop
      vertex 145.313 -2.0194 3
      vertex 144.694 -2.22963 0
      vertex 145.313 -2.0194 0
    endloop
  endfacet
  facet normal -0.442288 -0.896873 0
    outer loop
      vertex 0.0999994 -1.73013 0
      vertex 0.686582 -2.0194 3
      vertex 0.0999994 -1.73013 3
    endloop
  endfacet
  facet normal -0.442288 -0.896873 -0
    outer loop
      vertex 0.686582 -2.0194 3
      vertex 0.0999994 -1.73013 0
      vertex 0.686582 -2.0194 0
    endloop
  endfacet
  facet normal 0.831721 0.555194 0
    outer loop
      vertex 147.73 95.9 3
      vertex 147.367 96.4438 0
      vertex 147.367 96.4438 3
    endloop
  endfacet
  facet normal 0.831721 0.555194 0
    outer loop
      vertex 147.367 96.4438 0
      vertex 147.73 95.9 3
      vertex 147.73 95.9 0
    endloop
  endfacet
  facet normal -0.946927 0.321448 0
    outer loop
      vertex -2.22963 94.6941 0
      vertex -2.0194 95.3134 3
      vertex -2.0194 95.3134 0
    endloop
  endfacet
  facet normal -0.946927 0.321448 0
    outer loop
      vertex -2.0194 95.3134 3
      vertex -2.22963 94.6941 0
      vertex -2.22963 94.6941 3
    endloop
  endfacet
  facet normal -0.997858 -0.0654098 0
    outer loop
      vertex -2.35722 1.94737 0
      vertex -2.4 2.6 3
      vertex -2.4 2.6 0
    endloop
  endfacet
  facet normal -0.997858 -0.0654098 0
    outer loop
      vertex -2.4 2.6 3
      vertex -2.35722 1.94737 0
      vertex -2.35722 1.94737 3
    endloop
  endfacet
  facet normal 0.946569 0.322503 0
    outer loop
      vertex 148.23 94.6941 3
      vertex 148.019 95.3134 0
      vertex 148.019 95.3134 3
    endloop
  endfacet
  facet normal 0.946569 0.322503 0
    outer loop
      vertex 148.019 95.3134 0
      vertex 148.23 94.6941 3
      vertex 148.23 94.6941 0
    endloop
  endfacet
  facet normal 0.195219 -0.98076 0
    outer loop
      vertex 144.053 -2.35722 0
      vertex 144.694 -2.22963 3
      vertex 144.053 -2.35722 3
    endloop
  endfacet
  facet normal 0.195219 -0.98076 0
    outer loop
      vertex 144.694 -2.22963 3
      vertex 144.053 -2.35722 0
      vertex 144.694 -2.22963 0
    endloop
  endfacet
  facet normal -0.75182 0.659369 0
    outer loop
      vertex -1.36677 96.4438 0
      vertex -0.935534 96.9355 3
      vertex -0.935534 96.9355 0
    endloop
  endfacet
  facet normal -0.75182 0.659369 0
    outer loop
      vertex -0.935534 96.9355 3
      vertex -1.36677 96.4438 0
      vertex -1.36677 96.4438 3
    endloop
  endfacet
  facet normal -0.195081 -0.980787 0
    outer loop
      vertex 1.3059 -2.22963 0
      vertex 1.94737 -2.35722 3
      vertex 1.3059 -2.22963 3
    endloop
  endfacet
  facet normal -0.195081 -0.980787 -0
    outer loop
      vertex 1.94737 -2.35722 3
      vertex 1.3059 -2.22963 0
      vertex 1.94737 -2.35722 0
    endloop
  endfacet
  facet normal -0.321439 -0.94693 0
    outer loop
      vertex 0.686582 -2.0194 0
      vertex 1.3059 -2.22963 3
      vertex 0.686582 -2.0194 3
    endloop
  endfacet
  facet normal -0.321439 -0.94693 -0
    outer loop
      vertex 1.3059 -2.22963 3
      vertex 0.686582 -2.0194 0
      vertex 1.3059 -2.22963 0
    endloop
  endfacet
  facet normal 0 0 -1
    outer loop
      vertex 6.05939 5.48716 0
      vertex 36.4044 26.6567 0
      vertex 6.28468 5.15 0
    endloop
  endfacet
  facet normal 0 0 -1
    outer loop
      vertex 23.7588 73.5997 0
      vertex 6.67348 91.9954 0
      vertex 6.7 92.4 0
    endloop
  endfacet
  facet normal 0 0 -1
    outer loop
      vertex 5.79203 5.79203 0
      vertex 36.4044 26.6567 0
      vertex 6.05939 5.48716 0
    endloop
  endfacet
  facet normal 0 0 -1
    outer loop
      vertex 23.7588 73.5997 0
      vertex 6.59437 91.5977 0
      vertex 6.67348 91.9954 0
    endloop
  endfacet
  facet normal 0 0 -1
    outer loop
      vertex 5.48716 6.05939 0
      vertex 36.4044 26.6567 0
      vertex 5.79203 5.79203 0
    endloop
  endfacet
  facet normal 0 0 -1
    outer loop
      vertex 23.7588 73.5997 0
      vertex 6.46403 91.2137 0
      vertex 6.59437 91.5977 0
    endloop
  endfacet
  facet normal 0 0 -1
    outer loop
      vertex 5.15 6.28468 0
      vertex 36.4044 26.6567 0
      vertex 5.48716 6.05939 0
    endloop
  endfacet
  facet normal 0 0 -1
    outer loop
      vertex 23.7588 73.5997 0
      vertex 6.28468 90.85 0
      vertex 6.46403 91.2137 0
    endloop
  endfacet
  facet normal 0 0 -1
    outer loop
      vertex 4.78632 6.46403 0
      vertex 36.4044 26.6567 0
      vertex 5.15 6.28468 0
    endloop
  endfacet
  facet normal 0 0 -1
    outer loop
      vertex 23.7588 73.5997 0
      vertex 6.05939 90.5128 0
      vertex 6.28468 90.85 0
    endloop
  endfacet
  facet normal -0 0 -1
    outer loop
      vertex 36.4044 26.6567 0
      vertex 4.78632 6.46403 0
      vertex 36.4044 31.7523 0
    endloop
  endfacet
  facet normal 0 0 -1
    outer loop
      vertex 23.7588 73.5997 0
      vertex 5.79203 90.208 0
      vertex 6.05939 90.5128 0
    endloop
  endfacet
  facet normal 0 0 -1
    outer loop
      vertex 4.40234 6.59437 0
      vertex 36.4044 31.7523 0
      vertex 4.78632 6.46403 0
    endloop
  endfacet
  facet normal 0 0 -1
    outer loop
      vertex 23.7588 73.5997 0
      vertex 5.48716 89.9406 0
      vertex 5.79203 90.208 0
    endloop
  endfacet
  facet normal 0 0 -1
    outer loop
      vertex 4.00463 6.67348 0
      vertex 36.4044 31.7523 0
      vertex 4.40234 6.59437 0
    endloop
  endfacet
  facet normal 0 0 -1
    outer loop
      vertex 23.7588 73.5997 0
      vertex 5.15 89.7153 0
      vertex 5.48716 89.9406 0
    endloop
  endfacet
  facet normal 0 0 -1
    outer loop
      vertex 3.6 6.7 0
      vertex 36.4044 31.7523 0
      vertex 4.00463 6.67348 0
    endloop
  endfacet
  facet normal 0 0 -1
    outer loop
      vertex 23.7588 73.5997 0
      vertex 4.78632 89.536 0
      vertex 5.15 89.7153 0
    endloop
  endfacet
  facet normal -0 0 -1
    outer loop
      vertex 36.4044 31.7523 0
      vertex 3.6 6.7 0
      vertex 36.1508 49.0443 0
    endloop
  endfacet
  facet normal 0 0 -1
    outer loop
      vertex 23.7588 73.5997 0
      vertex 4.40234 89.4056 0
      vertex 4.78632 89.536 0
    endloop
  endfacet
  facet normal 0 0 -1
    outer loop
      vertex 3.19537 6.67348 0
      vertex 36.1508 49.0443 0
      vertex 3.6 6.7 0
    endloop
  endfacet
  facet normal 0 0 -1
    outer loop
      vertex 23.7588 73.5997 0
      vertex 4.00463 89.3265 0
      vertex 4.40234 89.4056 0
    endloop
  endfacet
  facet normal -0 0 -1
    outer loop
      vertex 36.1508 49.0443 0
      vertex 3.19537 6.67348 0
      vertex 23.7588 73.5997 0
    endloop
  endfacet
  facet normal 0 0 -1
    outer loop
      vertex 23.7588 73.5997 0
      vertex 3.6 89.3 0
      vertex 4.00463 89.3265 0
    endloop
  endfacet
  facet normal 0 0 -1
    outer loop
      vertex 2.79766 6.59437 0
      vertex 23.7588 73.5997 0
      vertex 3.19537 6.67348 0
    endloop
  endfacet
  facet normal 0 0 -1
    outer loop
      vertex 23.7588 73.5997 0
      vertex 3.19537 89.3265 0
      vertex 3.6 89.3 0
    endloop
  endfacet
  facet normal 0 0 -1
    outer loop
      vertex 2.41368 6.46403 0
      vertex 23.7588 73.5997 0
      vertex 2.79766 6.59437 0
    endloop
  endfacet
  facet normal 0 0 -1
    outer loop
      vertex 23.7588 73.5997 0
      vertex 2.79766 89.4056 0
      vertex 3.19537 89.3265 0
    endloop
  endfacet
  facet normal 0 0 -1
    outer loop
      vertex 2.41368 89.536 0
      vertex 23.7588 73.5997 0
      vertex 2.41368 6.46403 0
    endloop
  endfacet
  facet normal 0 0 -1
    outer loop
      vertex 23.7588 73.5997 0
      vertex 2.41368 89.536 0
      vertex 2.79766 89.4056 0
    endloop
  endfacet
  facet normal 0 0 -1
    outer loop
      vertex 2.05 6.28468 0
      vertex 2.41368 89.536 0
      vertex 2.41368 6.46403 0
    endloop
  endfacet
  facet normal 0 0 -1
    outer loop
      vertex 2.05 6.28468 0
      vertex 2.05 89.7153 0
      vertex 2.41368 89.536 0
    endloop
  endfacet
  facet normal 0 0 -1
    outer loop
      vertex 1.71284 6.05939 0
      vertex 2.05 89.7153 0
      vertex 2.05 6.28468 0
    endloop
  endfacet
  facet normal 0 0 -1
    outer loop
      vertex 1.71284 6.05939 0
      vertex 1.71284 89.9406 0
      vertex 2.05 89.7153 0
    endloop
  endfacet
  facet normal 0 0 -1
    outer loop
      vertex 1.40797 5.79203 0
      vertex 1.71284 89.9406 0
      vertex 1.71284 6.05939 0
    endloop
  endfacet
  facet normal 0 0 -1
    outer loop
      vertex 1.40797 5.79203 0
      vertex 1.40797 90.208 0
      vertex 1.71284 89.9406 0
    endloop
  endfacet
  facet normal 0 0 -1
    outer loop
      vertex -2.4 2.6 0
      vertex 1.40797 5.79203 0
      vertex 1.14061 5.48716 0
    endloop
  endfacet
  facet normal -0 0 -1
    outer loop
      vertex 1.40797 5.79203 0
      vertex -2.4 2.6 0
      vertex 1.40797 90.208 0
    endloop
  endfacet
  facet normal 0 0 -1
    outer loop
      vertex -2.4 2.6 0
      vertex 1.14061 5.48716 0
      vertex 0.915322 5.15 0
    endloop
  endfacet
  facet normal 0 0 -1
    outer loop
      vertex -2.4 93.4 0
      vertex 1.40797 90.208 0
      vertex -2.4 2.6 0
    endloop
  endfacet
  facet normal 0 0 -1
    outer loop
      vertex -2.4 2.6 0
      vertex 0.915322 5.15 0
      vertex 0.735974 4.78632 0
    endloop
  endfacet
  facet normal 0 0 -1
    outer loop
      vertex 1.40797 90.208 0
      vertex -2.4 93.4 0
      vertex 1.14061 90.5128 0
    endloop
  endfacet
  facet normal 0 0 -1
    outer loop
      vertex -2.4 2.6 0
      vertex 0.735974 4.78632 0
      vertex 0.605631 4.40234 0
    endloop
  endfacet
  facet normal 0 0 -1
    outer loop
      vertex 1.14061 90.5128 0
      vertex -2.4 93.4 0
      vertex 0.915322 90.85 0
    endloop
  endfacet
  facet normal 0 0 -1
    outer loop
      vertex -2.4 2.6 0
      vertex 0.605631 4.40234 0
      vertex 0.526521 4.00463 0
    endloop
  endfacet
  facet normal 0 0 -1
    outer loop
      vertex 0.915322 90.85 0
      vertex -2.4 93.4 0
      vertex 0.735974 91.2137 0
    endloop
  endfacet
  facet normal 0 0 -1
    outer loop
      vertex -2.4 2.6 0
      vertex 0.526521 4.00463 0
      vertex 0.500001 3.6 0
    endloop
  endfacet
  facet normal 0 0 -1
    outer loop
      vertex 0.735974 91.2137 0
      vertex -2.4 93.4 0
      vertex 0.605631 91.5977 0
    endloop
  endfacet
  facet normal 0 0 -1
    outer loop
      vertex 26.5357 74.9912 0
      vertex 23.7588 74.9912 0
      vertex 26.5357 82.1991 0
    endloop
  endfacet
  facet normal 0 0 -1
    outer loop
      vertex 33.7115 74.9912 0
      vertex 38.3011 77.1518 0
      vertex 38.6734 74.9912 0
    endloop
  endfacet
  facet normal -0 0 -1
    outer loop
      vertex 38.3011 77.1518 0
      vertex 33.7115 74.9912 0
      vertex 33.7115 77.1518 0
    endloop
  endfacet
  facet normal 0 0 -1
    outer loop
      vertex 51.0474 77.402 0
      vertex 50.4661 76.8367 0
      vertex 50.4676 76.987 0
    endloop
  endfacet
  facet normal 0 0 -1
    outer loop
      vertex 51.0474 77.402 0
      vertex 50.4617 76.6472 0
      vertex 50.4661 76.8367 0
    endloop
  endfacet
  facet normal 0 0 -1
    outer loop
      vertex 51.0474 77.402 0
      vertex 50.4542 76.4187 0
      vertex 50.4617 76.6472 0
    endloop
  endfacet
  facet normal 0 0 -1
    outer loop
      vertex 51.0474 77.402 0
      vertex 50.4437 76.151 0
      vertex 50.4542 76.4187 0
    endloop
  endfacet
  facet normal 0 0 -1
    outer loop
      vertex 51.0474 77.402 0
      vertex 50.4303 75.8442 0
      vertex 50.4437 76.151 0
    endloop
  endfacet
  facet normal 0 0 -1
    outer loop
      vertex 51.0474 77.402 0
      vertex 50.4138 75.4984 0
      vertex 50.4303 75.8442 0
    endloop
  endfacet
  facet normal 0 -0 -1
    outer loop
      vertex 50.4138 75.4984 0
      vertex 51.0474 77.402 0
      vertex 50.3944 75.1134 0
    endloop
  endfacet
  facet normal -0 0 -1
    outer loop
      vertex 58.1233 49.0443 0
      vertex 50.6763 21.3768 0
      vertex 50.6763 49.0443 0
    endloop
  endfacet
  facet normal 0 0 -1
    outer loop
      vertex 38.3011 77.1518 0
      vertex 42.6653 73.5997 0
      vertex 38.6734 74.9912 0
    endloop
  endfacet
  facet normal 0 0 -1
    outer loop
      vertex 38.3011 78.5433 0
      vertex 42.6653 73.5997 0
      vertex 38.3011 77.1518 0
    endloop
  endfacet
  facet normal 0 0 -1
    outer loop
      vertex 42.6653 73.5997 0
      vertex 38.3011 78.5433 0
      vertex 38.9236 80.8076 0
    endloop
  endfacet
  facet normal 0 0 -1
    outer loop
      vertex 33.7115 80.8076 0
      vertex 38.3011 78.5433 0
      vertex 33.7115 78.5433 0
    endloop
  endfacet
  facet normal 0 0 -1
    outer loop
      vertex 38.3011 78.5433 0
      vertex 33.7115 80.8076 0
      vertex 38.9236 80.8076 0
    endloop
  endfacet
  facet normal 0 0 -1
    outer loop
      vertex 36.4044 31.7523 0
      vertex 44.1972 49.0443 0
      vertex 44.1972 26.8872 0
    endloop
  endfacet
  facet normal -0 0 -1
    outer loop
      vertex 44.1972 49.0443 0
      vertex 36.4044 31.7523 0
      vertex 36.1508 49.0443 0
    endloop
  endfacet
  facet normal -0 0 -1
    outer loop
      vertex 56.0099 76.8353 0
      vertex 55.6488 76.6648 0
      vertex 56.0096 76.8859 0
    endloop
  endfacet
  facet normal -0 0 -1
    outer loop
      vertex 56.0103 76.7847 0
      vertex 55.6488 76.6648 0
      vertex 56.0099 76.8353 0
    endloop
  endfacet
  facet normal -0 0 -1
    outer loop
      vertex 56.0109 76.7342 0
      vertex 55.6488 76.6648 0
      vertex 56.0103 76.7847 0
    endloop
  endfacet
  facet normal -0 0 -1
    outer loop
      vertex 56.0116 76.6836 0
      vertex 55.6488 76.6648 0
      vertex 56.0109 76.7342 0
    endloop
  endfacet
  facet normal 0 0 -1
    outer loop
      vertex 56.0124 76.633 0
      vertex 55.6488 76.6648 0
      vertex 56.0116 76.6836 0
    endloop
  endfacet
  facet normal 0 0 -1
    outer loop
      vertex 56.0143 76.5587 0
      vertex 55.6488 76.6648 0
      vertex 56.0124 76.633 0
    endloop
  endfacet
  facet normal 0 0 -1
    outer loop
      vertex 55.6488 76.6648 0
      vertex 56.0143 76.5587 0
      vertex 55.7404 76.3378 0
    endloop
  endfacet
  facet normal -0 0 -1
    outer loop
      vertex 56.0183 76.4367 0
      vertex 55.7404 76.3378 0
      vertex 56.0143 76.5587 0
    endloop
  endfacet
  facet normal 0 0 -1
    outer loop
      vertex 56.0245 76.2672 0
      vertex 55.7404 76.3378 0
      vertex 56.0183 76.4367 0
    endloop
  endfacet
  facet normal 0 0 -1
    outer loop
      vertex 55.7404 76.3378 0
      vertex 56.0245 76.2672 0
      vertex 55.8411 75.9703 0
    endloop
  endfacet
  facet normal -0 0 -1
    outer loop
      vertex 56.0328 76.0501 0
      vertex 55.8411 75.9703 0
      vertex 56.0245 76.2672 0
    endloop
  endfacet
  facet normal 0 0 -1
    outer loop
      vertex 56.0432 75.7854 0
      vertex 55.8411 75.9703 0
      vertex 56.0328 76.0501 0
    endloop
  endfacet
  facet normal 0 0 -1
    outer loop
      vertex 55.8411 75.9703 0
      vertex 56.0432 75.7854 0
      vertex 55.9511 75.5621 0
    endloop
  endfacet
  facet normal 0 0 -1
    outer loop
      vertex 56.0557 75.4732 0
      vertex 55.9511 75.5621 0
      vertex 56.0432 75.7854 0
    endloop
  endfacet
  facet normal 0 0 -1
    outer loop
      vertex 55.9511 75.5621 0
      vertex 56.0557 75.4732 0
      vertex 56.0703 75.1134 0
    endloop
  endfacet
  facet normal 0 0 -1
    outer loop
      vertex 58.1233 53.8631 0
      vertex 55.2098 73.5997 0
      vertex 57.6083 73.5997 0
    endloop
  endfacet
  facet normal 0 0 -1
    outer loop
      vertex 51.2793 73.5997 0
      vertex 55.2098 73.5997 0
      vertex 58.1233 53.8631 0
    endloop
  endfacet
  facet normal 0 -0 -1
    outer loop
      vertex 52.8174 78.409 0
      vertex 55.2098 73.5997 0
      vertex 51.2793 73.5997 0
    endloop
  endfacet
  facet normal 0 0 -1
    outer loop
      vertex 53.6291 78.647 0
      vertex 52.9516 78.8728 0
      vertex 53.2446 80.0264 0
    endloop
  endfacet
  facet normal -0 0 -1
    outer loop
      vertex 53.6291 78.647 0
      vertex 52.8174 78.409 0
      vertex 52.9516 78.8728 0
    endloop
  endfacet
  facet normal 0 0 -1
    outer loop
      vertex 55.2098 73.5997 0
      vertex 52.8174 78.409 0
      vertex 53.6291 78.647 0
    endloop
  endfacet
  facet normal 0 0 -1
    outer loop
      vertex 58.1233 53.8631 0
      vertex 48.8686 73.5997 0
      vertex 51.2793 73.5997 0
    endloop
  endfacet
  facet normal 0 0 -1
    outer loop
      vertex 48.8686 73.5997 0
      vertex 47.914 82.1991 0
      vertex 48.8686 82.1991 0
    endloop
  endfacet
  facet normal 0 0 -1
    outer loop
      vertex 48.8686 73.5997 0
      vertex 44.7892 73.5997 0
      vertex 47.914 82.1991 0
    endloop
  endfacet
  facet normal 0 0 -1
    outer loop
      vertex 36.1508 53.8631 0
      vertex 48.8686 73.5997 0
      vertex 58.1233 53.8631 0
    endloop
  endfacet
  facet normal -0 0 -1
    outer loop
      vertex 48.8686 73.5997 0
      vertex 36.1508 53.8631 0
      vertex 44.7892 73.5997 0
    endloop
  endfacet
  facet normal 0 0 -1
    outer loop
      vertex 42.6653 73.5997 0
      vertex 38.9236 80.8076 0
      vertex 39.5282 82.1991 0
    endloop
  endfacet
  facet normal 0 0 -1
    outer loop
      vertex 38.6734 74.9912 0
      vertex 42.6653 73.5997 0
      vertex 38.6734 73.5997 0
    endloop
  endfacet
  facet normal -0 0 -1
    outer loop
      vertex 44.7892 73.5997 0
      vertex 36.1508 53.8631 0
      vertex 42.6653 73.5997 0
    endloop
  endfacet
  facet normal -0 0 -1
    outer loop
      vertex 42.6653 73.5997 0
      vertex 36.1508 53.8631 0
      vertex 38.6734 73.5997 0
    endloop
  endfacet
  facet normal -0 0 -1
    outer loop
      vertex 38.6734 73.5997 0
      vertex 36.1508 53.8631 0
      vertex 31.9111 73.5997 0
    endloop
  endfacet
  facet normal 0 0 -1
    outer loop
      vertex 145.264 4.78632 0
      vertex 148.4 2.6 0
      vertex 145.394 4.40234 0
    endloop
  endfacet
  facet normal 0 0 -1
    outer loop
      vertex 148.4 93.4 0
      vertex 145.473 91.9954 0
      vertex 145.5 92.4 0
    endloop
  endfacet
  facet normal 0 0 -1
    outer loop
      vertex 145.085 5.15 0
      vertex 148.4 2.6 0
      vertex 145.264 4.78632 0
    endloop
  endfacet
  facet normal 0 0 -1
    outer loop
      vertex 148.4 93.4 0
      vertex 145.394 91.5977 0
      vertex 145.473 91.9954 0
    endloop
  endfacet
  facet normal 0 0 -1
    outer loop
      vertex 144.859 5.48716 0
      vertex 148.4 2.6 0
      vertex 145.085 5.15 0
    endloop
  endfacet
  facet normal 0 0 -1
    outer loop
      vertex 148.4 93.4 0
      vertex 145.264 91.2137 0
      vertex 145.394 91.5977 0
    endloop
  endfacet
  facet normal 0 0 -1
    outer loop
      vertex 144.592 5.79203 0
      vertex 148.4 2.6 0
      vertex 144.859 5.48716 0
    endloop
  endfacet
  facet normal 0 0 -1
    outer loop
      vertex 148.4 93.4 0
      vertex 145.085 90.85 0
      vertex 145.264 91.2137 0
    endloop
  endfacet
  facet normal 0 0 -1
    outer loop
      vertex 126.5 46 0
      vertex 148.4 2.6 0
      vertex 144.592 5.79203 0
    endloop
  endfacet
  facet normal 0 0 -1
    outer loop
      vertex 148.4 93.4 0
      vertex 144.859 90.5128 0
      vertex 145.085 90.85 0
    endloop
  endfacet
  facet normal 0 0 -1
    outer loop
      vertex 148.4 2.6 0
      vertex 126.5 46 0
      vertex 148.4 93.4 0
    endloop
  endfacet
  facet normal 0 0 -1
    outer loop
      vertex 148.4 93.4 0
      vertex 144.592 90.208 0
      vertex 144.859 90.5128 0
    endloop
  endfacet
  facet normal 0 0 -1
    outer loop
      vertex 126.5 46 0
      vertex 144.592 5.79203 0
      vertex 144.287 6.05939 0
    endloop
  endfacet
  facet normal 0 0 -1
    outer loop
      vertex 148.4 93.4 0
      vertex 126.5 46 0
      vertex 144.592 90.208 0
    endloop
  endfacet
  facet normal 0 0 -1
    outer loop
      vertex 126.376 44.1074 0
      vertex 144.287 6.05939 0
      vertex 143.95 6.28468 0
    endloop
  endfacet
  facet normal 0 0 -1
    outer loop
      vertex 144.592 90.208 0
      vertex 126.5 46 0
      vertex 144.287 89.9406 0
    endloop
  endfacet
  facet normal 0 0 -1
    outer loop
      vertex 126.006 42.2471 0
      vertex 143.95 6.28468 0
      vertex 143.586 6.46403 0
    endloop
  endfacet
  facet normal 0 0 -1
    outer loop
      vertex 126.376 47.8926 0
      vertex 144.287 89.9406 0
      vertex 126.5 46 0
    endloop
  endfacet
  facet normal 0 0 -1
    outer loop
      vertex 126.006 42.2471 0
      vertex 143.586 6.46403 0
      vertex 143.202 6.59437 0
    endloop
  endfacet
  facet normal 0 0 -1
    outer loop
      vertex 144.287 89.9406 0
      vertex 126.376 47.8926 0
      vertex 143.95 89.7153 0
    endloop
  endfacet
  facet normal 0 0 -1
    outer loop
      vertex 125.396 40.4511 0
      vertex 143.202 6.59437 0
      vertex 142.805 6.67348 0
    endloop
  endfacet
  facet normal 0 0 -1
    outer loop
      vertex 126.006 49.7529 0
      vertex 143.95 89.7153 0
      vertex 126.376 47.8926 0
    endloop
  endfacet
  facet normal 0 0 -1
    outer loop
      vertex 124.557 38.75 0
      vertex 142.805 6.67348 0
      vertex 142.4 6.7 0
    endloop
  endfacet
  facet normal 0 0 -1
    outer loop
      vertex 143.95 89.7153 0
      vertex 126.006 49.7529 0
      vertex 143.586 89.536 0
    endloop
  endfacet
  facet normal 0 0 -1
    outer loop
      vertex 124.557 38.75 0
      vertex 142.4 6.7 0
      vertex 141.995 6.67348 0
    endloop
  endfacet
  facet normal 0 0 -1
    outer loop
      vertex 125.396 51.5489 0
      vertex 143.586 89.536 0
      vertex 126.006 49.7529 0
    endloop
  endfacet
  facet normal 0 0 -1
    outer loop
      vertex 123.504 37.173 0
      vertex 141.995 6.67348 0
      vertex 141.598 6.59437 0
    endloop
  endfacet
  facet normal 0 0 -1
    outer loop
      vertex 143.586 89.536 0
      vertex 125.396 51.5489 0
      vertex 143.202 89.4056 0
    endloop
  endfacet
  facet normal 0 0 -1
    outer loop
      vertex 122.253 35.747 0
      vertex 141.598 6.59437 0
      vertex 141.214 6.46403 0
    endloop
  endfacet
  facet normal 0 0 -1
    outer loop
      vertex 143.202 89.4056 0
      vertex 125.396 51.5489 0
      vertex 142.805 89.3265 0
    endloop
  endfacet
  facet normal 0 0 -1
    outer loop
      vertex 122.253 35.747 0
      vertex 141.214 6.46403 0
      vertex 140.85 6.28468 0
    endloop
  endfacet
  facet normal 0 0 -1
    outer loop
      vertex 124.557 53.25 0
      vertex 142.805 89.3265 0
      vertex 125.396 51.5489 0
    endloop
  endfacet
  facet normal 0 0 -1
    outer loop
      vertex 120.827 34.4964 0
      vertex 140.85 6.28468 0
      vertex 140.513 6.05939 0
    endloop
  endfacet
  facet normal 0 0 -1
    outer loop
      vertex 142.805 89.3265 0
      vertex 124.557 53.25 0
      vertex 142.4 89.3 0
    endloop
  endfacet
  facet normal 0 0 -1
    outer loop
      vertex 119.25 33.4426 0
      vertex 140.513 6.05939 0
      vertex 140.208 5.79203 0
    endloop
  endfacet
  facet normal 0 0 -1
    outer loop
      vertex 123.504 54.827 0
      vertex 142.4 89.3 0
      vertex 124.557 53.25 0
    endloop
  endfacet
  facet normal 0 0 -1
    outer loop
      vertex 119.25 33.4426 0
      vertex 140.208 5.79203 0
      vertex 139.941 5.48716 0
    endloop
  endfacet
  facet normal -0 0 -1
    outer loop
      vertex 142.4 89.3 0
      vertex 123.504 54.827 0
      vertex 141.995 89.3265 0
    endloop
  endfacet
  facet normal 0 0 -1
    outer loop
      vertex 117.549 32.6037 0
      vertex 139.941 5.48716 0
      vertex 139.715 5.15 0
    endloop
  endfacet
  facet normal 0 0 -1
    outer loop
      vertex 122.253 56.253 0
      vertex 141.995 89.3265 0
      vertex 123.504 54.827 0
    endloop
  endfacet
  facet normal 0 0 -1
    outer loop
      vertex 115.753 31.9941 0
      vertex 139.715 5.15 0
      vertex 139.536 4.78632 0
    endloop
  endfacet
  facet normal -0 0 -1
    outer loop
      vertex 141.995 89.3265 0
      vertex 122.253 56.253 0
      vertex 141.598 89.4056 0
    endloop
  endfacet
  facet normal 0 0 -1
    outer loop
      vertex 115.753 31.9941 0
      vertex 139.536 4.78632 0
      vertex 139.406 4.40234 0
    endloop
  endfacet
  facet normal -0 0 -1
    outer loop
      vertex 141.598 89.4056 0
      vertex 122.253 56.253 0
      vertex 141.214 89.536 0
    endloop
  endfacet
  facet normal 0 0 -1
    outer loop
      vertex 113.893 31.6241 0
      vertex 139.406 4.40234 0
      vertex 139.327 4.00463 0
    endloop
  endfacet
  facet normal 0 0 -1
    outer loop
      vertex 120.827 57.5036 0
      vertex 141.214 89.536 0
      vertex 122.253 56.253 0
    endloop
  endfacet
  facet normal 0 0 -1
    outer loop
      vertex 112 31.5 0
      vertex 139.327 4.00463 0
      vertex 139.3 3.6 0
    endloop
  endfacet
  facet normal -0 0 -1
    outer loop
      vertex 141.214 89.536 0
      vertex 120.827 57.5036 0
      vertex 140.85 89.7153 0
    endloop
  endfacet
  facet normal 0 0 -1
    outer loop
      vertex 145.394 2.79766 0
      vertex 148.4 2.6 0
      vertex 148.357 1.94737 0
    endloop
  endfacet
  facet normal 0 0 -1
    outer loop
      vertex 145.473 4.00463 0
      vertex 148.4 2.6 0
      vertex 145.5 3.6 0
    endloop
  endfacet
  facet normal 0 0 -1
    outer loop
      vertex 145.264 2.41368 0
      vertex 148.357 1.94737 0
      vertex 148.23 1.30591 0
    endloop
  endfacet
  facet normal 0 0 -1
    outer loop
      vertex 145.394 4.40234 0
      vertex 148.4 2.6 0
      vertex 145.473 4.00463 0
    endloop
  endfacet
  facet normal 0 0 -1
    outer loop
      vertex 145.264 2.41368 0
      vertex 148.23 1.30591 0
      vertex 148.019 0.686584 0
    endloop
  endfacet
  facet normal 0 0 -1
    outer loop
      vertex 145.473 92.8046 0
      vertex 148.4 93.4 0
      vertex 145.5 92.4 0
    endloop
  endfacet
  facet normal 0 0 -1
    outer loop
      vertex 145.085 2.05 0
      vertex 148.019 0.686584 0
      vertex 147.73 0.100001 0
    endloop
  endfacet
  facet normal 0 0 -1
    outer loop
      vertex 145.394 93.2023 0
      vertex 148.4 93.4 0
      vertex 145.473 92.8046 0
    endloop
  endfacet
  facet normal 0 0 -1
    outer loop
      vertex 144.859 1.71284 0
      vertex 147.73 0.100001 0
      vertex 147.367 -0.443806 0
    endloop
  endfacet
  facet normal -0 0 -1
    outer loop
      vertex 148.4 93.4 0
      vertex 145.394 93.2023 0
      vertex 148.357 94.0526 0
    endloop
  endfacet
  facet normal 0 0 -1
    outer loop
      vertex 144.592 1.40797 0
      vertex 147.367 -0.443806 0
      vertex 146.936 -0.935533 0
    endloop
  endfacet
  facet normal 0 0 -1
    outer loop
      vertex 145.264 93.5863 0
      vertex 148.357 94.0526 0
      vertex 145.394 93.2023 0
    endloop
  endfacet
  facet normal 0 0 -1
    outer loop
      vertex 144.592 1.40797 0
      vertex 146.936 -0.935533 0
      vertex 146.444 -1.36677 0
    endloop
  endfacet
  facet normal -0 0 -1
    outer loop
      vertex 148.357 94.0526 0
      vertex 145.264 93.5863 0
      vertex 148.23 94.6941 0
    endloop
  endfacet
  facet normal 0 0 -1
    outer loop
      vertex 144.287 1.14061 0
      vertex 146.444 -1.36677 0
      vertex 145.9 -1.73013 0
    endloop
  endfacet
  facet normal -0 0 -1
    outer loop
      vertex 148.23 94.6941 0
      vertex 145.264 93.5863 0
      vertex 148.019 95.3134 0
    endloop
  endfacet
  facet normal 0 0 -1
    outer loop
      vertex 145.085 93.95 0
      vertex 148.019 95.3134 0
      vertex 145.264 93.5863 0
    endloop
  endfacet
  facet normal 0 0 -1
    outer loop
      vertex 148.4 2.6 0
      vertex 145.473 3.19537 0
      vertex 145.5 3.6 0
    endloop
  endfacet
  facet normal 0 0 -1
    outer loop
      vertex 148.4 2.6 0
      vertex 145.394 2.79766 0
      vertex 145.473 3.19537 0
    endloop
  endfacet
  facet normal 0 0 -1
    outer loop
      vertex 143.95 0.915322 0
      vertex 145.9 -1.73013 0
      vertex 145.313 -2.0194 0
    endloop
  endfacet
  facet normal 0 0 -1
    outer loop
      vertex 148.357 1.94737 0
      vertex 145.264 2.41368 0
      vertex 145.394 2.79766 0
    endloop
  endfacet
  facet normal 0 0 -1
    outer loop
      vertex 148.019 0.686584 0
      vertex 145.085 2.05 0
      vertex 145.264 2.41368 0
    endloop
  endfacet
  facet normal 0 0 -1
    outer loop
      vertex 147.73 0.100001 0
      vertex 144.859 1.71284 0
      vertex 145.085 2.05 0
    endloop
  endfacet
  facet normal 0 0 -1
    outer loop
      vertex 143.95 0.915322 0
      vertex 145.313 -2.0194 0
      vertex 144.694 -2.22963 0
    endloop
  endfacet
  facet normal 0 0 -1
    outer loop
      vertex 147.367 -0.443806 0
      vertex 144.592 1.40797 0
      vertex 144.859 1.71284 0
    endloop
  endfacet
  facet normal 0 0 -1
    outer loop
      vertex 146.444 -1.36677 0
      vertex 144.287 1.14061 0
      vertex 144.592 1.40797 0
    endloop
  endfacet
  facet normal 0 0 -1
    outer loop
      vertex 143.586 0.735974 0
      vertex 144.694 -2.22963 0
      vertex 144.053 -2.35722 0
    endloop
  endfacet
  facet normal 0 0 -1
    outer loop
      vertex 145.9 -1.73013 0
      vertex 143.95 0.915322 0
      vertex 144.287 1.14061 0
    endloop
  endfacet
  facet normal 0 0 -1
    outer loop
      vertex 144.694 -2.22963 0
      vertex 143.586 0.735974 0
      vertex 143.95 0.915322 0
    endloop
  endfacet
  facet normal 0 0 -1
    outer loop
      vertex 143.202 0.605631 0
      vertex 144.053 -2.35722 0
      vertex 143.4 -2.4 0
    endloop
  endfacet
  facet normal 0 0 -1
    outer loop
      vertex 144.053 -2.35722 0
      vertex 143.202 0.605631 0
      vertex 143.586 0.735974 0
    endloop
  endfacet
  facet normal 0 0 -1
    outer loop
      vertex 143.4 -2.4 0
      vertex 142.805 0.526521 0
      vertex 143.202 0.605631 0
    endloop
  endfacet
  facet normal 0 0 -1
    outer loop
      vertex 143.4 -2.4 0
      vertex 142.4 0.500001 0
      vertex 142.805 0.526521 0
    endloop
  endfacet
  facet normal 0 0 -1
    outer loop
      vertex 143.4 -2.4 0
      vertex 141.995 0.526521 0
      vertex 142.4 0.500001 0
    endloop
  endfacet
  facet normal 0 0 -1
    outer loop
      vertex 143.4 -2.4 0
      vertex 141.598 0.605631 0
      vertex 141.995 0.526521 0
    endloop
  endfacet
  facet normal 0 0 -1
    outer loop
      vertex 143.4 -2.4 0
      vertex 141.214 0.735974 0
      vertex 141.598 0.605631 0
    endloop
  endfacet
  facet normal 0 0 -1
    outer loop
      vertex 143.4 -2.4 0
      vertex 140.85 0.915322 0
      vertex 141.214 0.735974 0
    endloop
  endfacet
  facet normal 0 0 -1
    outer loop
      vertex 143.4 -2.4 0
      vertex 140.513 1.14061 0
      vertex 140.85 0.915322 0
    endloop
  endfacet
  facet normal 0 0 -1
    outer loop
      vertex 143.4 -2.4 0
      vertex 140.208 1.40797 0
      vertex 140.513 1.14061 0
    endloop
  endfacet
  facet normal 0 0 -1
    outer loop
      vertex 50.6763 21.3768 0
      vertex 140.208 1.40797 0
      vertex 143.4 -2.4 0
    endloop
  endfacet
  facet normal 0 0 -1
    outer loop
      vertex 119.25 58.5574 0
      vertex 140.85 89.7153 0
      vertex 120.827 57.5036 0
    endloop
  endfacet
  facet normal 0 0 -1
    outer loop
      vertex 112 31.5 0
      vertex 139.3 3.6 0
      vertex 139.327 3.19537 0
    endloop
  endfacet
  facet normal 0 0 -1
    outer loop
      vertex 110.107 31.6241 0
      vertex 139.327 3.19537 0
      vertex 139.406 2.79766 0
    endloop
  endfacet
  facet normal 0 0 -1
    outer loop
      vertex 144.287 6.05939 0
      vertex 126.376 44.1074 0
      vertex 126.5 46 0
    endloop
  endfacet
  facet normal 0 0 -1
    outer loop
      vertex 143.95 6.28468 0
      vertex 126.006 42.2471 0
      vertex 126.376 44.1074 0
    endloop
  endfacet
  facet normal 0 0 -1
    outer loop
      vertex 108.247 31.9941 0
      vertex 139.406 2.79766 0
      vertex 139.536 2.41368 0
    endloop
  endfacet
  facet normal 0 0 -1
    outer loop
      vertex 143.202 6.59437 0
      vertex 125.396 40.4511 0
      vertex 126.006 42.2471 0
    endloop
  endfacet
  facet normal 0 0 -1
    outer loop
      vertex 142.805 6.67348 0
      vertex 124.557 38.75 0
      vertex 125.396 40.4511 0
    endloop
  endfacet
  facet normal 0 0 -1
    outer loop
      vertex 141.995 6.67348 0
      vertex 123.504 37.173 0
      vertex 124.557 38.75 0
    endloop
  endfacet
  facet normal 0 0 -1
    outer loop
      vertex 141.598 6.59437 0
      vertex 122.253 35.747 0
      vertex 123.504 37.173 0
    endloop
  endfacet
  facet normal 0 0 -1
    outer loop
      vertex 50.6763 21.3768 0
      vertex 139.536 2.41368 0
      vertex 139.715 2.05 0
    endloop
  endfacet
  facet normal 0 0 -1
    outer loop
      vertex 140.85 6.28468 0
      vertex 120.827 34.4964 0
      vertex 122.253 35.747 0
    endloop
  endfacet
  facet normal 0 0 -1
    outer loop
      vertex 140.513 6.05939 0
      vertex 119.25 33.4426 0
      vertex 120.827 34.4964 0
    endloop
  endfacet
  facet normal 0 0 -1
    outer loop
      vertex 139.941 5.48716 0
      vertex 117.549 32.6037 0
      vertex 119.25 33.4426 0
    endloop
  endfacet
  facet normal 0 0 -1
    outer loop
      vertex 50.6763 21.3768 0
      vertex 139.715 2.05 0
      vertex 139.941 1.71284 0
    endloop
  endfacet
  facet normal 0 0 -1
    outer loop
      vertex 139.715 5.15 0
      vertex 115.753 31.9941 0
      vertex 117.549 32.6037 0
    endloop
  endfacet
  facet normal 0 0 -1
    outer loop
      vertex 139.406 4.40234 0
      vertex 113.893 31.6241 0
      vertex 115.753 31.9941 0
    endloop
  endfacet
  facet normal 0 0 -1
    outer loop
      vertex 140.208 1.40797 0
      vertex 50.6763 21.3768 0
      vertex 139.941 1.71284 0
    endloop
  endfacet
  facet normal 0 0 -1
    outer loop
      vertex 139.327 4.00463 0
      vertex 112 31.5 0
      vertex 113.893 31.6241 0
    endloop
  endfacet
  facet normal 0 0 -1
    outer loop
      vertex 139.327 3.19537 0
      vertex 110.107 31.6241 0
      vertex 112 31.5 0
    endloop
  endfacet
  facet normal 0 0 -1
    outer loop
      vertex 139.406 2.79766 0
      vertex 108.247 31.9941 0
      vertex 110.107 31.6241 0
    endloop
  endfacet
  facet normal 0 0 -1
    outer loop
      vertex 139.536 2.41368 0
      vertex 106.451 32.6037 0
      vertex 108.247 31.9941 0
    endloop
  endfacet
  facet normal 0 0 -1
    outer loop
      vertex 139.536 2.41368 0
      vertex 50.6763 21.3768 0
      vertex 106.451 32.6037 0
    endloop
  endfacet
  facet normal -0 0 -1
    outer loop
      vertex 106.451 32.6037 0
      vertex 50.6763 21.3768 0
      vertex 104.75 33.4426 0
    endloop
  endfacet
  facet normal -0 0 -1
    outer loop
      vertex 104.75 33.4426 0
      vertex 50.6763 21.3768 0
      vertex 103.173 34.4964 0
    endloop
  endfacet
  facet normal 0 0 -1
    outer loop
      vertex 58.1233 49.0443 0
      vertex 97.5 46 0
      vertex 97.624 44.1074 0
    endloop
  endfacet
  facet normal 0 0 -1
    outer loop
      vertex 58.1233 49.0443 0
      vertex 97.624 44.1074 0
      vertex 97.9941 42.2471 0
    endloop
  endfacet
  facet normal 0 0 -1
    outer loop
      vertex 58.1233 49.0443 0
      vertex 97.9941 42.2471 0
      vertex 98.6037 40.4511 0
    endloop
  endfacet
  facet normal 0 0 -1
    outer loop
      vertex 50.6763 21.3768 0
      vertex 98.6037 40.4511 0
      vertex 99.4426 38.75 0
    endloop
  endfacet
  facet normal 0 0 -1
    outer loop
      vertex 50.6763 21.3768 0
      vertex 99.4426 38.75 0
      vertex 100.496 37.173 0
    endloop
  endfacet
  facet normal 0 0 -1
    outer loop
      vertex 97.5 46 0
      vertex 66.2249 73.5997 0
      vertex 68.1962 80.9235 0
    endloop
  endfacet
  facet normal 0 0 -1
    outer loop
      vertex 50.6763 21.3768 0
      vertex 100.496 37.173 0
      vertex 101.747 35.747 0
    endloop
  endfacet
  facet normal 0 0 -1
    outer loop
      vertex 97.5 46 0
      vertex 58.1233 53.8631 0
      vertex 66.2249 73.5997 0
    endloop
  endfacet
  facet normal -0 0 -1
    outer loop
      vertex 66.2249 73.5997 0
      vertex 58.1233 53.8631 0
      vertex 64.6015 73.5997 0
    endloop
  endfacet
  facet normal 0 0 -1
    outer loop
      vertex 57.6083 73.5997 0
      vertex 62.4471 76.3462 0
      vertex 62.4471 74.9974 0
    endloop
  endfacet
  facet normal 0 0 -1
    outer loop
      vertex 64.6015 73.5997 0
      vertex 57.6083 73.5997 0
      vertex 62.4471 74.9974 0
    endloop
  endfacet
  facet normal 0 0 -1
    outer loop
      vertex 57.6083 73.5997 0
      vertex 64.6015 73.5997 0
      vertex 58.1233 53.8631 0
    endloop
  endfacet
  facet normal 0 0 -1
    outer loop
      vertex 97.5 46 0
      vertex 58.1233 49.0443 0
      vertex 58.1233 53.8631 0
    endloop
  endfacet
  facet normal -0 0 -1
    outer loop
      vertex 103.173 34.4964 0
      vertex 50.6763 21.3768 0
      vertex 101.747 35.747 0
    endloop
  endfacet
  facet normal -0 0 -1
    outer loop
      vertex 98.6037 40.4511 0
      vertex 50.6763 21.3768 0
      vertex 58.1233 49.0443 0
    endloop
  endfacet
  facet normal 0 0 -1
    outer loop
      vertex 2.6 -2.4 0
      vertex 50.6763 21.3768 0
      vertex 143.4 -2.4 0
    endloop
  endfacet
  facet normal -0 0 -1
    outer loop
      vertex 44.5434 21.3768 0
      vertex 6.67348 4.00463 0
      vertex 36.4044 26.6567 0
    endloop
  endfacet
  facet normal 0 0 -1
    outer loop
      vertex 23.7588 73.5997 0
      vertex 36.1508 53.8631 0
      vertex 36.1508 49.0443 0
    endloop
  endfacet
  facet normal 0 0 -1
    outer loop
      vertex 6.59437 4.40234 0
      vertex 36.4044 26.6567 0
      vertex 6.67348 4.00463 0
    endloop
  endfacet
  facet normal 0 0 -1
    outer loop
      vertex 31.1192 74.9912 0
      vertex 31.9111 73.5997 0
      vertex 31.1192 73.5997 0
    endloop
  endfacet
  facet normal 0 0 -1
    outer loop
      vertex 36.1508 53.8631 0
      vertex 31.1192 73.5997 0
      vertex 31.9111 73.5997 0
    endloop
  endfacet
  facet normal 0 0 -1
    outer loop
      vertex 36.1508 53.8631 0
      vertex 23.7588 73.5997 0
      vertex 31.1192 73.5997 0
    endloop
  endfacet
  facet normal 0 0 -1
    outer loop
      vertex 6.28468 5.15 0
      vertex 36.4044 26.6567 0
      vertex 6.46403 4.78632 0
    endloop
  endfacet
  facet normal 0 0 -1
    outer loop
      vertex 6.46403 4.78632 0
      vertex 36.4044 26.6567 0
      vertex 6.59437 4.40234 0
    endloop
  endfacet
  facet normal 0 0 -1
    outer loop
      vertex 6.67348 4.00463 0
      vertex 44.5434 21.3768 0
      vertex 6.7 3.6 0
    endloop
  endfacet
  facet normal 0 -0 -1
    outer loop
      vertex 5.79203 1.40797 0
      vertex 50.6763 21.3768 0
      vertex 2.6 -2.4 0
    endloop
  endfacet
  facet normal 0 0 -1
    outer loop
      vertex 44.5434 21.3768 0
      vertex 6.67348 3.19537 0
      vertex 6.7 3.6 0
    endloop
  endfacet
  facet normal 0 0 -1
    outer loop
      vertex 44.5434 21.3768 0
      vertex 6.59437 2.79766 0
      vertex 6.67348 3.19537 0
    endloop
  endfacet
  facet normal 0 0 -1
    outer loop
      vertex 44.5434 21.3768 0
      vertex 6.46403 2.41368 0
      vertex 6.59437 2.79766 0
    endloop
  endfacet
  facet normal 0 0 -1
    outer loop
      vertex 44.5434 21.3768 0
      vertex 6.28468 2.05 0
      vertex 6.46403 2.41368 0
    endloop
  endfacet
  facet normal 0 0 -1
    outer loop
      vertex 44.5434 21.3768 0
      vertex 6.05939 1.71284 0
      vertex 6.28468 2.05 0
    endloop
  endfacet
  facet normal -0 0 -1
    outer loop
      vertex 50.6763 21.3768 0
      vertex 6.05939 1.71284 0
      vertex 44.5434 21.3768 0
    endloop
  endfacet
  facet normal 0 -0 -1
    outer loop
      vertex 6.05939 1.71284 0
      vertex 50.6763 21.3768 0
      vertex 5.79203 1.40797 0
    endloop
  endfacet
  facet normal 0 0 -1
    outer loop
      vertex 5.79203 1.40797 0
      vertex 2.6 -2.4 0
      vertex 5.48716 1.14061 0
    endloop
  endfacet
  facet normal 0 0 -1
    outer loop
      vertex 5.48716 1.14061 0
      vertex 2.6 -2.4 0
      vertex 5.15 0.915322 0
    endloop
  endfacet
  facet normal 0 0 -1
    outer loop
      vertex 5.15 0.915322 0
      vertex 2.6 -2.4 0
      vertex 4.78632 0.735974 0
    endloop
  endfacet
  facet normal 0 0 -1
    outer loop
      vertex 4.78632 0.735974 0
      vertex 2.6 -2.4 0
      vertex 4.40234 0.605631 0
    endloop
  endfacet
  facet normal 0 0 -1
    outer loop
      vertex 4.40234 0.605631 0
      vertex 2.6 -2.4 0
      vertex 4.00463 0.526521 0
    endloop
  endfacet
  facet normal 0 0 -1
    outer loop
      vertex 4.00463 0.526521 0
      vertex 2.6 -2.4 0
      vertex 3.6 0.500001 0
    endloop
  endfacet
  facet normal 0 0 -1
    outer loop
      vertex 2.6 -2.4 0
      vertex 3.19537 0.526521 0
      vertex 3.6 0.500001 0
    endloop
  endfacet
  facet normal 0 0 -1
    outer loop
      vertex 2.6 -2.4 0
      vertex 2.79766 0.605631 0
      vertex 3.19537 0.526521 0
    endloop
  endfacet
  facet normal 0 0 -1
    outer loop
      vertex 1.94737 -2.35722 0
      vertex 2.79766 0.605631 0
      vertex 2.6 -2.4 0
    endloop
  endfacet
  facet normal -0 0 -1
    outer loop
      vertex 2.79766 0.605631 0
      vertex 1.94737 -2.35722 0
      vertex 2.41368 0.735974 0
    endloop
  endfacet
  facet normal 0 0 -1
    outer loop
      vertex 1.3059 -2.22963 0
      vertex 2.41368 0.735974 0
      vertex 1.94737 -2.35722 0
    endloop
  endfacet
  facet normal -0 0 -1
    outer loop
      vertex 2.41368 0.735974 0
      vertex 1.3059 -2.22963 0
      vertex 2.05 0.915322 0
    endloop
  endfacet
  facet normal 0 0 -1
    outer loop
      vertex 0.686582 -2.0194 0
      vertex 2.05 0.915322 0
      vertex 1.3059 -2.22963 0
    endloop
  endfacet
  facet normal 0 0 -1
    outer loop
      vertex 0.0999994 -1.73013 0
      vertex 2.05 0.915322 0
      vertex 0.686582 -2.0194 0
    endloop
  endfacet
  facet normal -0 0 -1
    outer loop
      vertex 2.05 0.915322 0
      vertex 0.0999994 -1.73013 0
      vertex 1.71284 1.14061 0
    endloop
  endfacet
  facet normal 0 0 -1
    outer loop
      vertex -0.443808 -1.36677 0
      vertex 1.71284 1.14061 0
      vertex 0.0999994 -1.73013 0
    endloop
  endfacet
  facet normal -0 0 -1
    outer loop
      vertex 1.71284 1.14061 0
      vertex -0.443808 -1.36677 0
      vertex 1.40797 1.40797 0
    endloop
  endfacet
  facet normal 0 0 -1
    outer loop
      vertex -0.935534 -0.935533 0
      vertex 1.40797 1.40797 0
      vertex -0.443808 -1.36677 0
    endloop
  endfacet
  facet normal 0 0 -1
    outer loop
      vertex -1.36677 -0.443806 0
      vertex 1.40797 1.40797 0
      vertex -0.935534 -0.935533 0
    endloop
  endfacet
  facet normal -0 0 -1
    outer loop
      vertex 1.40797 1.40797 0
      vertex -1.36677 -0.443806 0
      vertex 1.14061 1.71284 0
    endloop
  endfacet
  facet normal 0 0 -1
    outer loop
      vertex -1.73013 0.100001 0
      vertex 1.14061 1.71284 0
      vertex -1.36677 -0.443806 0
    endloop
  endfacet
  facet normal 0 0 -1
    outer loop
      vertex -2.0194 0.686584 0
      vertex 0.915322 2.05 0
      vertex -1.73013 0.100001 0
    endloop
  endfacet
  facet normal -0 0 -1
    outer loop
      vertex 1.14061 1.71284 0
      vertex -1.73013 0.100001 0
      vertex 0.915322 2.05 0
    endloop
  endfacet
  facet normal -0 0 -1
    outer loop
      vertex 148.019 95.3134 0
      vertex 145.085 93.95 0
      vertex 147.73 95.9 0
    endloop
  endfacet
  facet normal 0 0 -1
    outer loop
      vertex 144.859 94.2872 0
      vertex 147.73 95.9 0
      vertex 145.085 93.95 0
    endloop
  endfacet
  facet normal -0 0 -1
    outer loop
      vertex 147.73 95.9 0
      vertex 144.859 94.2872 0
      vertex 147.367 96.4438 0
    endloop
  endfacet
  facet normal 0 0 -1
    outer loop
      vertex 144.592 94.592 0
      vertex 147.367 96.4438 0
      vertex 144.859 94.2872 0
    endloop
  endfacet
  facet normal -0 0 -1
    outer loop
      vertex 147.367 96.4438 0
      vertex 144.592 94.592 0
      vertex 146.936 96.9355 0
    endloop
  endfacet
  facet normal -0 0 -1
    outer loop
      vertex 146.936 96.9355 0
      vertex 144.592 94.592 0
      vertex 146.444 97.3668 0
    endloop
  endfacet
  facet normal 0 0 -1
    outer loop
      vertex 144.287 94.8594 0
      vertex 146.444 97.3668 0
      vertex 144.592 94.592 0
    endloop
  endfacet
  facet normal -0 0 -1
    outer loop
      vertex 146.444 97.3668 0
      vertex 144.287 94.8594 0
      vertex 145.9 97.7301 0
    endloop
  endfacet
  facet normal 0 0 -1
    outer loop
      vertex 143.95 95.0847 0
      vertex 145.9 97.7301 0
      vertex 144.287 94.8594 0
    endloop
  endfacet
  facet normal -0 0 -1
    outer loop
      vertex 145.9 97.7301 0
      vertex 143.95 95.0847 0
      vertex 145.313 98.0194 0
    endloop
  endfacet
  facet normal -0 0 -1
    outer loop
      vertex 145.313 98.0194 0
      vertex 143.95 95.0847 0
      vertex 144.694 98.2296 0
    endloop
  endfacet
  facet normal 0 0 -1
    outer loop
      vertex 143.586 95.264 0
      vertex 144.694 98.2296 0
      vertex 143.95 95.0847 0
    endloop
  endfacet
  facet normal -0 0 -1
    outer loop
      vertex 144.694 98.2296 0
      vertex 143.586 95.264 0
      vertex 144.053 98.3572 0
    endloop
  endfacet
  facet normal 0 0 -1
    outer loop
      vertex 143.202 95.3944 0
      vertex 144.053 98.3572 0
      vertex 143.586 95.264 0
    endloop
  endfacet
  facet normal -0 0 -1
    outer loop
      vertex 144.053 98.3572 0
      vertex 143.202 95.3944 0
      vertex 143.4 98.4 0
    endloop
  endfacet
  facet normal 0 0 -1
    outer loop
      vertex 142.805 95.4735 0
      vertex 143.4 98.4 0
      vertex 143.202 95.3944 0
    endloop
  endfacet
  facet normal 0 0 -1
    outer loop
      vertex 142.4 95.5 0
      vertex 143.4 98.4 0
      vertex 142.805 95.4735 0
    endloop
  endfacet
  facet normal 0 0 -1
    outer loop
      vertex 141.995 95.4735 0
      vertex 143.4 98.4 0
      vertex 142.4 95.5 0
    endloop
  endfacet
  facet normal 0 0 -1
    outer loop
      vertex 141.598 95.3944 0
      vertex 143.4 98.4 0
      vertex 141.995 95.4735 0
    endloop
  endfacet
  facet normal 0 0 -1
    outer loop
      vertex 141.214 95.264 0
      vertex 143.4 98.4 0
      vertex 141.598 95.3944 0
    endloop
  endfacet
  facet normal 0 0 -1
    outer loop
      vertex 140.85 95.0847 0
      vertex 143.4 98.4 0
      vertex 141.214 95.264 0
    endloop
  endfacet
  facet normal 0 0 -1
    outer loop
      vertex 140.513 94.8594 0
      vertex 143.4 98.4 0
      vertex 140.85 95.0847 0
    endloop
  endfacet
  facet normal 0 0 -1
    outer loop
      vertex 140.208 94.592 0
      vertex 143.4 98.4 0
      vertex 140.513 94.8594 0
    endloop
  endfacet
  facet normal 0 0 -1
    outer loop
      vertex 68.1962 82.1991 0
      vertex 140.208 94.592 0
      vertex 139.941 94.2872 0
    endloop
  endfacet
  facet normal -0 0 -1
    outer loop
      vertex 140.85 89.7153 0
      vertex 119.25 58.5574 0
      vertex 140.513 89.9406 0
    endloop
  endfacet
  facet normal -0 0 -1
    outer loop
      vertex 140.513 89.9406 0
      vertex 119.25 58.5574 0
      vertex 140.208 90.208 0
    endloop
  endfacet
  facet normal 0 0 -1
    outer loop
      vertex 117.549 59.3963 0
      vertex 140.208 90.208 0
      vertex 119.25 58.5574 0
    endloop
  endfacet
  facet normal -0 0 -1
    outer loop
      vertex 140.208 90.208 0
      vertex 117.549 59.3963 0
      vertex 139.941 90.5128 0
    endloop
  endfacet
  facet normal 0 0 -1
    outer loop
      vertex 115.753 60.0059 0
      vertex 139.941 90.5128 0
      vertex 117.549 59.3963 0
    endloop
  endfacet
  facet normal -0 0 -1
    outer loop
      vertex 139.941 90.5128 0
      vertex 115.753 60.0059 0
      vertex 139.715 90.85 0
    endloop
  endfacet
  facet normal -0 0 -1
    outer loop
      vertex 139.715 90.85 0
      vertex 115.753 60.0059 0
      vertex 139.536 91.2137 0
    endloop
  endfacet
  facet normal 0 0 -1
    outer loop
      vertex 113.893 60.3759 0
      vertex 139.536 91.2137 0
      vertex 115.753 60.0059 0
    endloop
  endfacet
  facet normal -0 0 -1
    outer loop
      vertex 139.536 91.2137 0
      vertex 113.893 60.3759 0
      vertex 139.406 91.5977 0
    endloop
  endfacet
  facet normal 0 0 -1
    outer loop
      vertex 112 60.5 0
      vertex 139.406 91.5977 0
      vertex 113.893 60.3759 0
    endloop
  endfacet
  facet normal -0 0 -1
    outer loop
      vertex 139.406 91.5977 0
      vertex 112 60.5 0
      vertex 139.327 91.9954 0
    endloop
  endfacet
  facet normal -0 0 -1
    outer loop
      vertex 139.327 91.9954 0
      vertex 112 60.5 0
      vertex 139.3 92.4 0
    endloop
  endfacet
  facet normal 0 0 -1
    outer loop
      vertex 110.107 60.3759 0
      vertex 139.3 92.4 0
      vertex 112 60.5 0
    endloop
  endfacet
  facet normal -0 0 -1
    outer loop
      vertex 139.3 92.4 0
      vertex 110.107 60.3759 0
      vertex 139.327 92.8046 0
    endloop
  endfacet
  facet normal 0 0 -1
    outer loop
      vertex 68.1962 82.1991 0
      vertex 139.327 92.8046 0
      vertex 110.107 60.3759 0
    endloop
  endfacet
  facet normal -0 0 -1
    outer loop
      vertex 139.327 92.8046 0
      vertex 68.1962 82.1991 0
      vertex 139.406 93.2023 0
    endloop
  endfacet
  facet normal -0 0 -1
    outer loop
      vertex 139.406 93.2023 0
      vertex 68.1962 82.1991 0
      vertex 139.536 93.5863 0
    endloop
  endfacet
  facet normal -0 0 -1
    outer loop
      vertex 139.536 93.5863 0
      vertex 68.1962 82.1991 0
      vertex 139.715 93.95 0
    endloop
  endfacet
  facet normal -0 0 -1
    outer loop
      vertex 139.715 93.95 0
      vertex 68.1962 82.1991 0
      vertex 139.941 94.2872 0
    endloop
  endfacet
  facet normal 0 0 -1
    outer loop
      vertex 68.1962 82.1991 0
      vertex 110.107 60.3759 0
      vertex 108.247 60.0059 0
    endloop
  endfacet
  facet normal 0 0 -1
    outer loop
      vertex 68.1962 82.1991 0
      vertex 108.247 60.0059 0
      vertex 106.451 59.3963 0
    endloop
  endfacet
  facet normal 0 0 -1
    outer loop
      vertex 68.1962 82.1991 0
      vertex 106.451 59.3963 0
      vertex 104.75 58.5574 0
    endloop
  endfacet
  facet normal 0 0 -1
    outer loop
      vertex 68.1962 80.9235 0
      vertex 104.75 58.5574 0
      vertex 103.173 57.5036 0
    endloop
  endfacet
  facet normal 0 0 -1
    outer loop
      vertex 68.1962 80.9235 0
      vertex 103.173 57.5036 0
      vertex 101.747 56.253 0
    endloop
  endfacet
  facet normal 0 0 -1
    outer loop
      vertex 68.1962 80.9235 0
      vertex 97.624 47.8926 0
      vertex 97.5 46 0
    endloop
  endfacet
  facet normal 0 0 -1
    outer loop
      vertex 68.1962 80.9235 0
      vertex 97.9941 49.7529 0
      vertex 97.624 47.8926 0
    endloop
  endfacet
  facet normal 0 0 -1
    outer loop
      vertex 68.1962 80.9235 0
      vertex 98.6037 51.5489 0
      vertex 97.9941 49.7529 0
    endloop
  endfacet
  facet normal 0 0 -1
    outer loop
      vertex 68.1962 80.9235 0
      vertex 99.4426 53.25 0
      vertex 98.6037 51.5489 0
    endloop
  endfacet
  facet normal 0 0 -1
    outer loop
      vertex 68.1962 80.9235 0
      vertex 100.496 54.827 0
      vertex 99.4426 53.25 0
    endloop
  endfacet
  facet normal 0 0 -1
    outer loop
      vertex 68.1962 80.9235 0
      vertex 101.747 56.253 0
      vertex 100.496 54.827 0
    endloop
  endfacet
  facet normal 0 0 -1
    outer loop
      vertex 104.75 58.5574 0
      vertex 68.1962 80.9235 0
      vertex 68.1962 82.1991 0
    endloop
  endfacet
  facet normal -0 0 -1
    outer loop
      vertex 140.208 94.592 0
      vertex 68.1962 82.1991 0
      vertex 143.4 98.4 0
    endloop
  endfacet
  facet normal 0 0 -1
    outer loop
      vertex 2.6 98.4 0
      vertex 68.1962 82.1991 0
      vertex 62.3799 82.1991 0
    endloop
  endfacet
  facet normal 0 0 -1
    outer loop
      vertex 57.6083 82.1991 0
      vertex 62.4471 76.3462 0
      vertex 57.6083 73.5997 0
    endloop
  endfacet
  facet normal 0 0 -1
    outer loop
      vertex 62.4471 76.3462 0
      vertex 57.6083 82.1991 0
      vertex 62.3799 80.9235 0
    endloop
  endfacet
  facet normal 0 0 -1
    outer loop
      vertex 62.3799 80.9235 0
      vertex 57.6083 82.1991 0
      vertex 62.3799 82.1991 0
    endloop
  endfacet
  facet normal 0 0 -1
    outer loop
      vertex 2.6 98.4 0
      vertex 62.3799 82.1991 0
      vertex 57.6083 82.1991 0
    endloop
  endfacet
  facet normal 0 0 -1
    outer loop
      vertex 2.6 98.4 0
      vertex 57.6083 82.1991 0
      vertex 56.0093 82.1991 0
    endloop
  endfacet
  facet normal 0 0 -1
    outer loop
      vertex 55.5665 76.9511 0
      vertex 56.0096 76.8859 0
      vertex 55.6488 76.6648 0
    endloop
  endfacet
  facet normal 0 0 -1
    outer loop
      vertex 56.0096 76.8859 0
      vertex 55.5665 76.9511 0
      vertex 56.0094 76.9364 0
    endloop
  endfacet
  facet normal 0 0 -1
    outer loop
      vertex 56.0094 76.9364 0
      vertex 55.5665 76.9511 0
      vertex 56.0093 76.987 0
    endloop
  endfacet
  facet normal 0 0 -1
    outer loop
      vertex 55.4934 77.1968 0
      vertex 56.0093 76.987 0
      vertex 55.5665 76.9511 0
    endloop
  endfacet
  facet normal 0 0 -1
    outer loop
      vertex 55.4295 77.402 0
      vertex 56.0093 76.987 0
      vertex 55.4934 77.1968 0
    endloop
  endfacet
  facet normal 0 0 -1
    outer loop
      vertex 56.0093 76.987 0
      vertex 55.4295 77.402 0
      vertex 56.0093 82.1991 0
    endloop
  endfacet
  facet normal 0 0 -1
    outer loop
      vertex 53.8793 82.1991 0
      vertex 56.0093 82.1991 0
      vertex 55.4295 77.402 0
    endloop
  endfacet
  facet normal 0 0 -1
    outer loop
      vertex 2.6 98.4 0
      vertex 56.0093 82.1991 0
      vertex 53.8793 82.1991 0
    endloop
  endfacet
  facet normal 0 0 -1
    outer loop
      vertex 2.6 98.4 0
      vertex 53.8793 82.1991 0
      vertex 52.5977 82.1991 0
    endloop
  endfacet
  facet normal 0 0 -1
    outer loop
      vertex 50.4676 82.1991 0
      vertex 51.0474 77.402 0
      vertex 50.4676 76.987 0
    endloop
  endfacet
  facet normal 0 0 -1
    outer loop
      vertex 51.0474 77.402 0
      vertex 50.4676 82.1991 0
      vertex 52.5977 82.1991 0
    endloop
  endfacet
  facet normal 0 0 -1
    outer loop
      vertex 2.6 98.4 0
      vertex 52.5977 82.1991 0
      vertex 50.4676 82.1991 0
    endloop
  endfacet
  facet normal 0 0 -1
    outer loop
      vertex 2.6 98.4 0
      vertex 50.4676 82.1991 0
      vertex 48.8686 82.1991 0
    endloop
  endfacet
  facet normal 0 0 -1
    outer loop
      vertex 2.6 98.4 0
      vertex 48.8686 82.1991 0
      vertex 47.914 82.1991 0
    endloop
  endfacet
  facet normal 0 0 -1
    outer loop
      vertex 2.6 98.4 0
      vertex 47.914 82.1991 0
      vertex 46.1319 82.1991 0
    endloop
  endfacet
  facet normal 0 0 -1
    outer loop
      vertex 42.0916 80.0019 0
      vertex 46.1319 82.1991 0
      vertex 45.369 80.0019 0
    endloop
  endfacet
  facet normal 0 0 -1
    outer loop
      vertex 41.3287 82.1991 0
      vertex 46.1319 82.1991 0
      vertex 42.0916 80.0019 0
    endloop
  endfacet
  facet normal 0 0 -1
    outer loop
      vertex 2.6 98.4 0
      vertex 46.1319 82.1991 0
      vertex 41.3287 82.1991 0
    endloop
  endfacet
  facet normal 0 0 -1
    outer loop
      vertex 2.6 98.4 0
      vertex 41.3287 82.1991 0
      vertex 39.5282 82.1991 0
    endloop
  endfacet
  facet normal 0 0 -1
    outer loop
      vertex 38.9236 82.1991 0
      vertex 39.5282 82.1991 0
      vertex 38.9236 80.8076 0
    endloop
  endfacet
  facet normal 0 0 -1
    outer loop
      vertex 2.6 98.4 0
      vertex 39.5282 82.1991 0
      vertex 38.9236 82.1991 0
    endloop
  endfacet
  facet normal 0 0 -1
    outer loop
      vertex 2.6 98.4 0
      vertex 38.9236 82.1991 0
      vertex 31.9111 82.1991 0
    endloop
  endfacet
  facet normal 0 0 -1
    outer loop
      vertex 31.9111 73.5997 0
      vertex 31.1192 74.9912 0
      vertex 31.9111 82.1991 0
    endloop
  endfacet
  facet normal 0 0 -1
    outer loop
      vertex 28.3362 82.1991 0
      vertex 31.1192 74.9912 0
      vertex 28.3362 74.9912 0
    endloop
  endfacet
  facet normal 0 0 -1
    outer loop
      vertex 31.1192 74.9912 0
      vertex 28.3362 82.1991 0
      vertex 31.9111 82.1991 0
    endloop
  endfacet
  facet normal 0 0 -1
    outer loop
      vertex 6.05939 94.2872 0
      vertex 31.9111 82.1991 0
      vertex 28.3362 82.1991 0
    endloop
  endfacet
  facet normal 0 0 -1
    outer loop
      vertex 6.28468 93.95 0
      vertex 28.3362 82.1991 0
      vertex 26.5357 82.1991 0
    endloop
  endfacet
  facet normal 0 0 -1
    outer loop
      vertex 23.7588 73.5997 0
      vertex 6.7 92.4 0
      vertex 23.7588 74.9912 0
    endloop
  endfacet
  facet normal 0 0 -1
    outer loop
      vertex 6.7 92.4 0
      vertex 26.5357 82.1991 0
      vertex 23.7588 74.9912 0
    endloop
  endfacet
  facet normal 0 0 -1
    outer loop
      vertex 6.67348 92.8046 0
      vertex 26.5357 82.1991 0
      vertex 6.7 92.4 0
    endloop
  endfacet
  facet normal 0 0 -1
    outer loop
      vertex 6.59437 93.2023 0
      vertex 26.5357 82.1991 0
      vertex 6.67348 92.8046 0
    endloop
  endfacet
  facet normal 0 0 -1
    outer loop
      vertex 6.46403 93.5863 0
      vertex 26.5357 82.1991 0
      vertex 6.59437 93.2023 0
    endloop
  endfacet
  facet normal 0 0 -1
    outer loop
      vertex 6.28468 93.95 0
      vertex 26.5357 82.1991 0
      vertex 6.46403 93.5863 0
    endloop
  endfacet
  facet normal 0 0 -1
    outer loop
      vertex 28.3362 82.1991 0
      vertex 6.28468 93.95 0
      vertex 6.05939 94.2872 0
    endloop
  endfacet
  facet normal 0 0 -1
    outer loop
      vertex 31.9111 82.1991 0
      vertex 6.05939 94.2872 0
      vertex 5.79203 94.592 0
    endloop
  endfacet
  facet normal 0 0 -1
    outer loop
      vertex 31.9111 82.1991 0
      vertex 5.79203 94.592 0
      vertex 2.6 98.4 0
    endloop
  endfacet
  facet normal 0 0 -1
    outer loop
      vertex 2.6 98.4 0
      vertex 5.79203 94.592 0
      vertex 5.48716 94.8594 0
    endloop
  endfacet
  facet normal 0 0 -1
    outer loop
      vertex 2.6 98.4 0
      vertex 5.48716 94.8594 0
      vertex 5.15 95.0847 0
    endloop
  endfacet
  facet normal 0 0 -1
    outer loop
      vertex 2.6 98.4 0
      vertex 5.15 95.0847 0
      vertex 4.78632 95.264 0
    endloop
  endfacet
  facet normal 0 0 -1
    outer loop
      vertex 2.6 98.4 0
      vertex 4.78632 95.264 0
      vertex 4.40234 95.3944 0
    endloop
  endfacet
  facet normal 0 0 -1
    outer loop
      vertex 2.6 98.4 0
      vertex 4.40234 95.3944 0
      vertex 4.00463 95.4735 0
    endloop
  endfacet
  facet normal 0 0 -1
    outer loop
      vertex 2.6 98.4 0
      vertex 4.00463 95.4735 0
      vertex 3.6 95.5 0
    endloop
  endfacet
  facet normal 0 0 -1
    outer loop
      vertex 68.1962 82.1991 0
      vertex 2.6 98.4 0
      vertex 143.4 98.4 0
    endloop
  endfacet
  facet normal 0 0 -1
    outer loop
      vertex 3.19537 95.4735 0
      vertex 2.6 98.4 0
      vertex 3.6 95.5 0
    endloop
  endfacet
  facet normal 0 0 -1
    outer loop
      vertex 2.79766 95.3944 0
      vertex 2.6 98.4 0
      vertex 3.19537 95.4735 0
    endloop
  endfacet
  facet normal 0 0 -1
    outer loop
      vertex 1.94737 98.3572 0
      vertex 2.79766 95.3944 0
      vertex 2.41368 95.264 0
    endloop
  endfacet
  facet normal 0 0 -1
    outer loop
      vertex 1.3059 98.2296 0
      vertex 2.41368 95.264 0
      vertex 2.05 95.0847 0
    endloop
  endfacet
  facet normal 0 0 -1
    outer loop
      vertex 2.79766 95.3944 0
      vertex 1.94737 98.3572 0
      vertex 2.6 98.4 0
    endloop
  endfacet
  facet normal 0 0 -1
    outer loop
      vertex 0.0999994 97.7301 0
      vertex 2.05 95.0847 0
      vertex 1.71284 94.8594 0
    endloop
  endfacet
  facet normal 0 0 -1
    outer loop
      vertex -0.443808 97.3668 0
      vertex 1.71284 94.8594 0
      vertex 1.40797 94.592 0
    endloop
  endfacet
  facet normal 0 0 -1
    outer loop
      vertex 2.41368 95.264 0
      vertex 1.3059 98.2296 0
      vertex 1.94737 98.3572 0
    endloop
  endfacet
  facet normal 0 0 -1
    outer loop
      vertex -1.36677 96.4438 0
      vertex 1.40797 94.592 0
      vertex 1.14061 94.2872 0
    endloop
  endfacet
  facet normal 0 0 -1
    outer loop
      vertex -1.73013 95.9 0
      vertex 1.14061 94.2872 0
      vertex 0.915322 93.95 0
    endloop
  endfacet
  facet normal 0 0 -1
    outer loop
      vertex -2.0194 95.3134 0
      vertex 0.915322 93.95 0
      vertex 0.735974 93.5863 0
    endloop
  endfacet
  facet normal 0 0 -1
    outer loop
      vertex 2.05 95.0847 0
      vertex 0.686582 98.0194 0
      vertex 1.3059 98.2296 0
    endloop
  endfacet
  facet normal 0 0 -1
    outer loop
      vertex -2.35722 94.0526 0
      vertex 0.735974 93.5863 0
      vertex 0.605631 93.2023 0
    endloop
  endfacet
  facet normal 0 0 -1
    outer loop
      vertex -2.4 93.4 0
      vertex 0.605631 93.2023 0
      vertex 0.526521 92.8046 0
    endloop
  endfacet
  facet normal 0 0 -1
    outer loop
      vertex -2.4 93.4 0
      vertex 0.526521 92.8046 0
      vertex 0.500001 92.4 0
    endloop
  endfacet
  facet normal 0 0 -1
    outer loop
      vertex 2.05 95.0847 0
      vertex 0.0999994 97.7301 0
      vertex 0.686582 98.0194 0
    endloop
  endfacet
  facet normal 0 0 -1
    outer loop
      vertex 0.605631 91.5977 0
      vertex -2.4 93.4 0
      vertex 0.526521 91.9954 0
    endloop
  endfacet
  facet normal -0 0 -1
    outer loop
      vertex 0.915322 2.05 0
      vertex -2.0194 0.686584 0
      vertex 0.735974 2.41368 0
    endloop
  endfacet
  facet normal 0 0 -1
    outer loop
      vertex 0.526521 91.9954 0
      vertex -2.4 93.4 0
      vertex 0.500001 92.4 0
    endloop
  endfacet
  facet normal 0 0 -1
    outer loop
      vertex -2.22963 1.30591 0
      vertex 0.735974 2.41368 0
      vertex -2.0194 0.686584 0
    endloop
  endfacet
  facet normal 0 0 -1
    outer loop
      vertex 0.605631 93.2023 0
      vertex -2.4 93.4 0
      vertex -2.35722 94.0526 0
    endloop
  endfacet
  facet normal 0 0 -1
    outer loop
      vertex -2.35722 1.94737 0
      vertex 0.735974 2.41368 0
      vertex -2.22963 1.30591 0
    endloop
  endfacet
  facet normal 0 0 -1
    outer loop
      vertex 1.71284 94.8594 0
      vertex -0.443808 97.3668 0
      vertex 0.0999994 97.7301 0
    endloop
  endfacet
  facet normal -0 0 -1
    outer loop
      vertex 0.735974 2.41368 0
      vertex -2.35722 1.94737 0
      vertex 0.605631 2.79766 0
    endloop
  endfacet
  facet normal 0 0 -1
    outer loop
      vertex 1.40797 94.592 0
      vertex -0.935534 96.9355 0
      vertex -0.443808 97.3668 0
    endloop
  endfacet
  facet normal 0 0 -1
    outer loop
      vertex -2.4 2.6 0
      vertex 0.605631 2.79766 0
      vertex -2.35722 1.94737 0
    endloop
  endfacet
  facet normal 0 0 -1
    outer loop
      vertex 1.40797 94.592 0
      vertex -1.36677 96.4438 0
      vertex -0.935534 96.9355 0
    endloop
  endfacet
  facet normal -0 0 -1
    outer loop
      vertex 0.605631 2.79766 0
      vertex -2.4 2.6 0
      vertex 0.526521 3.19537 0
    endloop
  endfacet
  facet normal 0 0 -1
    outer loop
      vertex 1.14061 94.2872 0
      vertex -1.73013 95.9 0
      vertex -1.36677 96.4438 0
    endloop
  endfacet
  facet normal -0 0 -1
    outer loop
      vertex 0.526521 3.19537 0
      vertex -2.4 2.6 0
      vertex 0.500001 3.6 0
    endloop
  endfacet
  facet normal 0 0 -1
    outer loop
      vertex 0.915322 93.95 0
      vertex -2.0194 95.3134 0
      vertex -1.73013 95.9 0
    endloop
  endfacet
  facet normal 0 0 -1
    outer loop
      vertex 0.735974 93.5863 0
      vertex -2.22963 94.6941 0
      vertex -2.0194 95.3134 0
    endloop
  endfacet
  facet normal 0 0 -1
    outer loop
      vertex 0.735974 93.5863 0
      vertex -2.35722 94.0526 0
      vertex -2.22963 94.6941 0
    endloop
  endfacet
  facet normal -0 0 -1
    outer loop
      vertex 68.1962 80.9235 0
      vertex 66.2249 73.5997 0
      vertex 66.2249 80.9235 0
    endloop
  endfacet
  facet normal 0 0 -1
    outer loop
      vertex 62.4471 76.3462 0
      vertex 64.5099 80.9235 0
      vertex 64.5099 75.0584 0
    endloop
  endfacet
  facet normal -0 0 -1
    outer loop
      vertex 64.5099 80.9235 0
      vertex 62.4471 76.3462 0
      vertex 62.3799 80.9235 0
    endloop
  endfacet
  facet normal 0 0 -1
    outer loop
      vertex 43.6906 75.0584 0
      vertex 43.8554 75.3453 0
      vertex 43.7272 74.9241 0
    endloop
  endfacet
  facet normal 0 0 -1
    outer loop
      vertex 43.6727 75.1224 0
      vertex 43.8554 75.3453 0
      vertex 43.6906 75.0584 0
    endloop
  endfacet
  facet normal 0 0 -1
    outer loop
      vertex 43.6537 75.1889 0
      vertex 43.8554 75.3453 0
      vertex 43.6727 75.1224 0
    endloop
  endfacet
  facet normal 0 0 -1
    outer loop
      vertex 43.6338 75.2579 0
      vertex 43.8554 75.3453 0
      vertex 43.6537 75.1889 0
    endloop
  endfacet
  facet normal 0 0 -1
    outer loop
      vertex 43.6129 75.3295 0
      vertex 43.8554 75.3453 0
      vertex 43.6338 75.2579 0
    endloop
  endfacet
  facet normal 0 0 -1
    outer loop
      vertex 43.5909 75.4034 0
      vertex 43.8554 75.3453 0
      vertex 43.6129 75.3295 0
    endloop
  endfacet
  facet normal 0 0 -1
    outer loop
      vertex 43.568 75.4799 0
      vertex 43.8554 75.3453 0
      vertex 43.5909 75.4034 0
    endloop
  endfacet
  facet normal 0 0 -1
    outer loop
      vertex 43.5441 75.5589 0
      vertex 43.8554 75.3453 0
      vertex 43.568 75.4799 0
    endloop
  endfacet
  facet normal 0 0 -1
    outer loop
      vertex 43.5018 75.6906 0
      vertex 43.8554 75.3453 0
      vertex 43.5441 75.5589 0
    endloop
  endfacet
  facet normal 0 0 -1
    outer loop
      vertex 43.8554 75.3453 0
      vertex 43.5018 75.6906 0
      vertex 44.1178 76.1753 0
    endloop
  endfacet
  facet normal 0 0 -1
    outer loop
      vertex 43.4236 75.9255 0
      vertex 44.1178 76.1753 0
      vertex 43.5018 75.6906 0
    endloop
  endfacet
  facet normal 0 0 -1
    outer loop
      vertex 43.3095 76.2636 0
      vertex 44.1178 76.1753 0
      vertex 43.4236 75.9255 0
    endloop
  endfacet
  facet normal 0 0 -1
    outer loop
      vertex 43.1595 76.7047 0
      vertex 44.1178 76.1753 0
      vertex 43.3095 76.2636 0
    endloop
  endfacet
  facet normal 0 0 -1
    outer loop
      vertex 42.9737 77.249 0
      vertex 44.1178 76.1753 0
      vertex 43.1595 76.7047 0
    endloop
  endfacet
  facet normal 0 0 -1
    outer loop
      vertex 44.1178 76.1753 0
      vertex 42.9737 77.249 0
      vertex 44.9661 78.647 0
    endloop
  endfacet
  facet normal 0 0 -1
    outer loop
      vertex 42.752 77.8965 0
      vertex 44.9661 78.647 0
      vertex 42.9737 77.249 0
    endloop
  endfacet
  facet normal -0 0 -1
    outer loop
      vertex 44.9661 78.647 0
      vertex 42.752 77.8965 0
      vertex 42.4944 78.647 0
    endloop
  endfacet
  facet normal -0.980779 0.195122 0
    outer loop
      vertex 5.24207 91.96 1.6
      vertex 5.28546 92.1781 3
      vertex 5.28546 92.1781 1.6
    endloop
  endfacet
  facet normal -0.980779 0.195122 0
    outer loop
      vertex 5.28546 92.1781 3
      vertex 5.24207 91.96 1.6
      vertex 5.24207 91.96 3
    endloop
  endfacet
  facet normal -0.99786 0.0653848 0
    outer loop
      vertex 5.28546 92.1781 1.6
      vertex 5.3 92.4 3
      vertex 5.3 92.4 1.6
    endloop
  endfacet
  facet normal -0.99786 0.0653848 0
    outer loop
      vertex 5.3 92.4 3
      vertex 5.28546 92.1781 1.6
      vertex 5.28546 92.1781 3
    endloop
  endfacet
  facet normal -0.0652086 -0.997872 0
    outer loop
      vertex 3.6 94.1 1.6
      vertex 3.82189 94.0855 3
      vertex 3.6 94.1 3
    endloop
  endfacet
  facet normal -0.0652086 -0.997872 -0
    outer loop
      vertex 3.82189 94.0855 3
      vertex 3.6 94.1 1.6
      vertex 3.82189 94.0855 1.6
    endloop
  endfacet
  facet normal 0.659291 0.751888 -0
    outer loop
      vertex 2.56511 91.0513 1.6
      vertex 2.39792 91.1979 3
      vertex 2.56511 91.0513 3
    endloop
  endfacet
  facet normal 0.659291 0.751888 0
    outer loop
      vertex 2.39792 91.1979 3
      vertex 2.56511 91.0513 1.6
      vertex 2.39792 91.1979 1.6
    endloop
  endfacet
  facet normal 0.831483 -0.555551 0
    outer loop
      vertex 2.12776 93.25 3
      vertex 2.2513 93.4349 1.6
      vertex 2.2513 93.4349 3
    endloop
  endfacet
  facet normal 0.831483 -0.555551 0
    outer loop
      vertex 2.2513 93.4349 1.6
      vertex 2.12776 93.25 3
      vertex 2.12776 93.25 1.6
    endloop
  endfacet
  facet normal 0.195165 -0.98077 0
    outer loop
      vertex 3.16001 94.0421 1.6
      vertex 3.37811 94.0855 3
      vertex 3.16001 94.0421 3
    endloop
  endfacet
  facet normal 0.195165 -0.98077 0
    outer loop
      vertex 3.37811 94.0855 3
      vertex 3.16001 94.0421 1.6
      vertex 3.37811 94.0855 1.6
    endloop
  endfacet
  facet normal -0.659291 0.751888 0
    outer loop
      vertex 4.80208 91.1979 1.6
      vertex 4.63489 91.0513 3
      vertex 4.80208 91.1979 3
    endloop
  endfacet
  facet normal -0.659291 0.751888 0
    outer loop
      vertex 4.63489 91.0513 3
      vertex 4.80208 91.1979 1.6
      vertex 4.63489 91.0513 1.6
    endloop
  endfacet
  facet normal -0.946943 -0.321403 0
    outer loop
      vertex 5.24207 92.84 1.6
      vertex 5.17059 93.0506 3
      vertex 5.17059 93.0506 1.6
    endloop
  endfacet
  facet normal -0.946943 -0.321403 0
    outer loop
      vertex 5.17059 93.0506 3
      vertex 5.24207 92.84 1.6
      vertex 5.24207 92.84 3
    endloop
  endfacet
  facet normal -0.751863 -0.659319 0
    outer loop
      vertex 4.9487 93.4349 1.6
      vertex 4.80208 93.6021 3
      vertex 4.80208 93.6021 1.6
    endloop
  endfacet
  facet normal -0.751863 -0.659319 0
    outer loop
      vertex 4.80208 93.6021 3
      vertex 4.9487 93.4349 1.6
      vertex 4.9487 93.4349 3
    endloop
  endfacet
  facet normal -0.751863 0.659319 0
    outer loop
      vertex 4.80208 91.1979 1.6
      vertex 4.9487 91.3651 3
      vertex 4.9487 91.3651 1.6
    endloop
  endfacet
  facet normal -0.751863 0.659319 0
    outer loop
      vertex 4.9487 91.3651 3
      vertex 4.80208 91.1979 1.6
      vertex 4.80208 91.1979 3
    endloop
  endfacet
  facet normal 0.946943 -0.321403 0
    outer loop
      vertex 1.95793 92.84 3
      vertex 2.02941 93.0506 1.6
      vertex 2.02941 93.0506 3
    endloop
  endfacet
  facet normal 0.946943 -0.321403 0
    outer loop
      vertex 2.02941 93.0506 1.6
      vertex 1.95793 92.84 3
      vertex 1.95793 92.84 1.6
    endloop
  endfacet
  facet normal -0.321525 -0.946901 0
    outer loop
      vertex 4.03999 94.0421 1.6
      vertex 4.25056 93.9706 3
      vertex 4.03999 94.0421 3
    endloop
  endfacet
  facet normal -0.321525 -0.946901 -0
    outer loop
      vertex 4.25056 93.9706 3
      vertex 4.03999 94.0421 1.6
      vertex 4.25056 93.9706 1.6
    endloop
  endfacet
  facet normal 0.0652086 -0.997872 0
    outer loop
      vertex 3.37811 94.0855 1.6
      vertex 3.6 94.1 3
      vertex 3.37811 94.0855 3
    endloop
  endfacet
  facet normal 0.0652086 -0.997872 0
    outer loop
      vertex 3.6 94.1 3
      vertex 3.37811 94.0855 1.6
      vertex 3.6 94.1 1.6
    endloop
  endfacet
  facet normal 0.321525 0.946901 -0
    outer loop
      vertex 3.16001 90.7579 1.6
      vertex 2.94944 90.8294 3
      vertex 3.16001 90.7579 3
    endloop
  endfacet
  facet normal 0.321525 0.946901 0
    outer loop
      vertex 2.94944 90.8294 3
      vertex 3.16001 90.7579 1.6
      vertex 2.94944 90.8294 1.6
    endloop
  endfacet
  facet normal -0.946943 0.321403 0
    outer loop
      vertex 5.17059 91.7494 1.6
      vertex 5.24207 91.96 3
      vertex 5.24207 91.96 1.6
    endloop
  endfacet
  facet normal -0.946943 0.321403 0
    outer loop
      vertex 5.24207 91.96 3
      vertex 5.17059 91.7494 1.6
      vertex 5.17059 91.7494 3
    endloop
  endfacet
  facet normal 0.751863 0.659319 0
    outer loop
      vertex 2.39792 91.1979 3
      vertex 2.2513 91.3651 1.6
      vertex 2.2513 91.3651 3
    endloop
  endfacet
  facet normal 0.751863 0.659319 0
    outer loop
      vertex 2.2513 91.3651 1.6
      vertex 2.39792 91.1979 3
      vertex 2.39792 91.1979 1.6
    endloop
  endfacet
  facet normal 0.442459 -0.896789 0
    outer loop
      vertex 2.75 93.8722 1.6
      vertex 2.94944 93.9706 3
      vertex 2.75 93.8722 3
    endloop
  endfacet
  facet normal 0.442459 -0.896789 0
    outer loop
      vertex 2.94944 93.9706 3
      vertex 2.75 93.8722 1.6
      vertex 2.94944 93.9706 1.6
    endloop
  endfacet
  facet normal 0.0652086 0.997872 -0
    outer loop
      vertex 3.6 90.7 1.6
      vertex 3.37811 90.7145 3
      vertex 3.6 90.7 3
    endloop
  endfacet
  facet normal 0.0652086 0.997872 0
    outer loop
      vertex 3.37811 90.7145 3
      vertex 3.6 90.7 1.6
      vertex 3.37811 90.7145 1.6
    endloop
  endfacet
  facet normal -0.896843 -0.442349 0
    outer loop
      vertex 5.17059 93.0506 1.6
      vertex 5.07224 93.25 3
      vertex 5.07224 93.25 1.6
    endloop
  endfacet
  facet normal -0.896843 -0.442349 0
    outer loop
      vertex 5.07224 93.25 3
      vertex 5.17059 93.0506 1.6
      vertex 5.17059 93.0506 3
    endloop
  endfacet
  facet normal -0.555447 -0.831552 0
    outer loop
      vertex 4.45 93.8722 1.6
      vertex 4.63489 93.7487 3
      vertex 4.45 93.8722 3
    endloop
  endfacet
  facet normal -0.555447 -0.831552 -0
    outer loop
      vertex 4.63489 93.7487 3
      vertex 4.45 93.8722 1.6
      vertex 4.63489 93.7487 1.6
    endloop
  endfacet
  facet normal 0.980779 -0.195122 0
    outer loop
      vertex 1.91454 92.6219 3
      vertex 1.95793 92.84 1.6
      vertex 1.95793 92.84 3
    endloop
  endfacet
  facet normal 0.980779 -0.195122 0
    outer loop
      vertex 1.95793 92.84 1.6
      vertex 1.91454 92.6219 3
      vertex 1.91454 92.6219 1.6
    endloop
  endfacet
  facet normal -0.195165 0.98077 0
    outer loop
      vertex 4.03999 90.7579 1.6
      vertex 3.82189 90.7145 3
      vertex 4.03999 90.7579 3
    endloop
  endfacet
  facet normal -0.195165 0.98077 0
    outer loop
      vertex 3.82189 90.7145 3
      vertex 4.03999 90.7579 1.6
      vertex 3.82189 90.7145 1.6
    endloop
  endfacet
  facet normal -0.831483 0.555551 0
    outer loop
      vertex 4.9487 91.3651 1.6
      vertex 5.07224 91.55 3
      vertex 5.07224 91.55 1.6
    endloop
  endfacet
  facet normal -0.831483 0.555551 0
    outer loop
      vertex 5.07224 91.55 3
      vertex 4.9487 91.3651 1.6
      vertex 4.9487 91.3651 3
    endloop
  endfacet
  facet normal -0.99786 -0.0653848 0
    outer loop
      vertex 5.3 92.4 1.6
      vertex 5.28546 92.6219 3
      vertex 5.28546 92.6219 1.6
    endloop
  endfacet
  facet normal -0.99786 -0.0653848 0
    outer loop
      vertex 5.28546 92.6219 3
      vertex 5.3 92.4 1.6
      vertex 5.3 92.4 3
    endloop
  endfacet
  facet normal -0.321525 0.946901 0
    outer loop
      vertex 4.25056 90.8294 1.6
      vertex 4.03999 90.7579 3
      vertex 4.25056 90.8294 3
    endloop
  endfacet
  facet normal -0.321525 0.946901 0
    outer loop
      vertex 4.03999 90.7579 3
      vertex 4.25056 90.8294 1.6
      vertex 4.03999 90.7579 1.6
    endloop
  endfacet
  facet normal -0.555447 0.831552 0
    outer loop
      vertex 4.63489 91.0513 1.6
      vertex 4.45 90.9278 3
      vertex 4.63489 91.0513 3
    endloop
  endfacet
  facet normal -0.555447 0.831552 0
    outer loop
      vertex 4.45 90.9278 3
      vertex 4.63489 91.0513 1.6
      vertex 4.45 90.9278 1.6
    endloop
  endfacet
  facet normal 0.195165 0.98077 -0
    outer loop
      vertex 3.37811 90.7145 1.6
      vertex 3.16001 90.7579 3
      vertex 3.37811 90.7145 3
    endloop
  endfacet
  facet normal 0.195165 0.98077 0
    outer loop
      vertex 3.16001 90.7579 3
      vertex 3.37811 90.7145 1.6
      vertex 3.16001 90.7579 1.6
    endloop
  endfacet
  facet normal -0.659291 -0.751888 0
    outer loop
      vertex 4.63489 93.7487 1.6
      vertex 4.80208 93.6021 3
      vertex 4.63489 93.7487 3
    endloop
  endfacet
  facet normal -0.659291 -0.751888 -0
    outer loop
      vertex 4.80208 93.6021 3
      vertex 4.63489 93.7487 1.6
      vertex 4.80208 93.6021 1.6
    endloop
  endfacet
  facet normal 0.896843 0.442349 0
    outer loop
      vertex 2.12776 91.55 3
      vertex 2.02941 91.7494 1.6
      vertex 2.02941 91.7494 3
    endloop
  endfacet
  facet normal 0.896843 0.442349 0
    outer loop
      vertex 2.02941 91.7494 1.6
      vertex 2.12776 91.55 3
      vertex 2.12776 91.55 1.6
    endloop
  endfacet
  facet normal -0.980779 -0.195122 0
    outer loop
      vertex 5.28546 92.6219 1.6
      vertex 5.24207 92.84 3
      vertex 5.24207 92.84 1.6
    endloop
  endfacet
  facet normal -0.980779 -0.195122 0
    outer loop
      vertex 5.24207 92.84 3
      vertex 5.28546 92.6219 1.6
      vertex 5.28546 92.6219 3
    endloop
  endfacet
  facet normal -0.195165 -0.98077 0
    outer loop
      vertex 3.82189 94.0855 1.6
      vertex 4.03999 94.0421 3
      vertex 3.82189 94.0855 3
    endloop
  endfacet
  facet normal -0.195165 -0.98077 -0
    outer loop
      vertex 4.03999 94.0421 3
      vertex 3.82189 94.0855 1.6
      vertex 4.03999 94.0421 1.6
    endloop
  endfacet
  facet normal 0.659291 -0.751888 0
    outer loop
      vertex 2.39792 93.6021 1.6
      vertex 2.56511 93.7487 3
      vertex 2.39792 93.6021 3
    endloop
  endfacet
  facet normal 0.659291 -0.751888 0
    outer loop
      vertex 2.56511 93.7487 3
      vertex 2.39792 93.6021 1.6
      vertex 2.56511 93.7487 1.6
    endloop
  endfacet
  facet normal 0.751863 -0.659319 0
    outer loop
      vertex 2.2513 93.4349 3
      vertex 2.39792 93.6021 1.6
      vertex 2.39792 93.6021 3
    endloop
  endfacet
  facet normal 0.751863 -0.659319 0
    outer loop
      vertex 2.39792 93.6021 1.6
      vertex 2.2513 93.4349 3
      vertex 2.2513 93.4349 1.6
    endloop
  endfacet
  facet normal -0.0652086 0.997872 0
    outer loop
      vertex 3.82189 90.7145 1.6
      vertex 3.6 90.7 3
      vertex 3.82189 90.7145 3
    endloop
  endfacet
  facet normal -0.0652086 0.997872 0
    outer loop
      vertex 3.6 90.7 3
      vertex 3.82189 90.7145 1.6
      vertex 3.6 90.7 1.6
    endloop
  endfacet
  facet normal -0.442459 0.896789 0
    outer loop
      vertex 4.45 90.9278 1.6
      vertex 4.25056 90.8294 3
      vertex 4.45 90.9278 3
    endloop
  endfacet
  facet normal -0.442459 0.896789 0
    outer loop
      vertex 4.25056 90.8294 3
      vertex 4.45 90.9278 1.6
      vertex 4.25056 90.8294 1.6
    endloop
  endfacet
  facet normal -0.831483 -0.555551 0
    outer loop
      vertex 5.07224 93.25 1.6
      vertex 4.9487 93.4349 3
      vertex 4.9487 93.4349 1.6
    endloop
  endfacet
  facet normal -0.831483 -0.555551 0
    outer loop
      vertex 4.9487 93.4349 3
      vertex 5.07224 93.25 1.6
      vertex 5.07224 93.25 3
    endloop
  endfacet
  facet normal 0.99786 -0.0653848 0
    outer loop
      vertex 1.9 92.4 3
      vertex 1.91454 92.6219 1.6
      vertex 1.91454 92.6219 3
    endloop
  endfacet
  facet normal 0.99786 -0.0653848 0
    outer loop
      vertex 1.91454 92.6219 1.6
      vertex 1.9 92.4 3
      vertex 1.9 92.4 1.6
    endloop
  endfacet
  facet normal -0.442459 -0.896789 0
    outer loop
      vertex 4.25056 93.9706 1.6
      vertex 4.45 93.8722 3
      vertex 4.25056 93.9706 3
    endloop
  endfacet
  facet normal -0.442459 -0.896789 -0
    outer loop
      vertex 4.45 93.8722 3
      vertex 4.25056 93.9706 1.6
      vertex 4.45 93.8722 1.6
    endloop
  endfacet
  facet normal 0.980779 0.195122 0
    outer loop
      vertex 1.95793 91.96 3
      vertex 1.91454 92.1781 1.6
      vertex 1.91454 92.1781 3
    endloop
  endfacet
  facet normal 0.980779 0.195122 0
    outer loop
      vertex 1.91454 92.1781 1.6
      vertex 1.95793 91.96 3
      vertex 1.95793 91.96 1.6
    endloop
  endfacet
  facet normal 0.896843 -0.442349 0
    outer loop
      vertex 2.02941 93.0506 3
      vertex 2.12776 93.25 1.6
      vertex 2.12776 93.25 3
    endloop
  endfacet
  facet normal 0.896843 -0.442349 0
    outer loop
      vertex 2.12776 93.25 1.6
      vertex 2.02941 93.0506 3
      vertex 2.02941 93.0506 1.6
    endloop
  endfacet
  facet normal 0.946943 0.321403 0
    outer loop
      vertex 2.02941 91.7494 3
      vertex 1.95793 91.96 1.6
      vertex 1.95793 91.96 3
    endloop
  endfacet
  facet normal 0.946943 0.321403 0
    outer loop
      vertex 1.95793 91.96 1.6
      vertex 2.02941 91.7494 3
      vertex 2.02941 91.7494 1.6
    endloop
  endfacet
  facet normal 0.555447 0.831552 -0
    outer loop
      vertex 2.75 90.9278 1.6
      vertex 2.56511 91.0513 3
      vertex 2.75 90.9278 3
    endloop
  endfacet
  facet normal 0.555447 0.831552 0
    outer loop
      vertex 2.56511 91.0513 3
      vertex 2.75 90.9278 1.6
      vertex 2.56511 91.0513 1.6
    endloop
  endfacet
  facet normal -0.896843 0.442349 0
    outer loop
      vertex 5.07224 91.55 1.6
      vertex 5.17059 91.7494 3
      vertex 5.17059 91.7494 1.6
    endloop
  endfacet
  facet normal -0.896843 0.442349 0
    outer loop
      vertex 5.17059 91.7494 3
      vertex 5.07224 91.55 1.6
      vertex 5.07224 91.55 3
    endloop
  endfacet
  facet normal 0.99786 0.0653848 0
    outer loop
      vertex 1.91454 92.1781 3
      vertex 1.9 92.4 1.6
      vertex 1.9 92.4 3
    endloop
  endfacet
  facet normal 0.99786 0.0653848 0
    outer loop
      vertex 1.9 92.4 1.6
      vertex 1.91454 92.1781 3
      vertex 1.91454 92.1781 1.6
    endloop
  endfacet
  facet normal 0.321525 -0.946901 0
    outer loop
      vertex 2.94944 93.9706 1.6
      vertex 3.16001 94.0421 3
      vertex 2.94944 93.9706 3
    endloop
  endfacet
  facet normal 0.321525 -0.946901 0
    outer loop
      vertex 3.16001 94.0421 3
      vertex 2.94944 93.9706 1.6
      vertex 3.16001 94.0421 1.6
    endloop
  endfacet
  facet normal 0.442459 0.896789 -0
    outer loop
      vertex 2.94944 90.8294 1.6
      vertex 2.75 90.9278 3
      vertex 2.94944 90.8294 3
    endloop
  endfacet
  facet normal 0.442459 0.896789 0
    outer loop
      vertex 2.75 90.9278 3
      vertex 2.94944 90.8294 1.6
      vertex 2.75 90.9278 1.6
    endloop
  endfacet
  facet normal 0.831483 0.555551 0
    outer loop
      vertex 2.2513 91.3651 3
      vertex 2.12776 91.55 1.6
      vertex 2.12776 91.55 3
    endloop
  endfacet
  facet normal 0.831483 0.555551 0
    outer loop
      vertex 2.12776 91.55 1.6
      vertex 2.2513 91.3651 3
      vertex 2.2513 91.3651 1.6
    endloop
  endfacet
  facet normal 0.555447 -0.831552 0
    outer loop
      vertex 2.56511 93.7487 1.6
      vertex 2.75 93.8722 3
      vertex 2.56511 93.7487 3
    endloop
  endfacet
  facet normal 0.555447 -0.831552 0
    outer loop
      vertex 2.75 93.8722 3
      vertex 2.56511 93.7487 1.6
      vertex 2.75 93.8722 1.6
    endloop
  endfacet
  facet normal 0.896882 -0.442271 0
    outer loop
      vertex 0.735974 93.5863 1.6
      vertex 0.915322 93.95 0
      vertex 0.915322 93.95 1.6
    endloop
  endfacet
  facet normal 0.896882 -0.442271 0
    outer loop
      vertex 0.915322 93.95 0
      vertex 0.735974 93.5863 1.6
      vertex 0.735974 93.5863 0
    endloop
  endfacet
  facet normal -0.442195 -0.896919 0
    outer loop
      vertex 4.78632 95.264 0
      vertex 5.15 95.0847 1.6
      vertex 4.78632 95.264 1.6
    endloop
  endfacet
  facet normal -0.442195 -0.896919 -0
    outer loop
      vertex 5.15 95.0847 1.6
      vertex 4.78632 95.264 0
      vertex 5.15 95.0847 0
    endloop
  endfacet
  facet normal -0.980784 0.195096 0
    outer loop
      vertex 6.59437 91.5977 0
      vertex 6.67348 91.9954 1.6
      vertex 6.67348 91.9954 0
    endloop
  endfacet
  facet normal -0.980784 0.195096 0
    outer loop
      vertex 6.67348 91.9954 1.6
      vertex 6.59437 91.5977 0
      vertex 6.59437 91.5977 1.6
    endloop
  endfacet
  facet normal -0.997859 0.0654059 0
    outer loop
      vertex 6.67348 91.9954 0
      vertex 6.7 92.4 1.6
      vertex 6.7 92.4 0
    endloop
  endfacet
  facet normal -0.997859 0.0654059 0
    outer loop
      vertex 6.7 92.4 1.6
      vertex 6.67348 91.9954 0
      vertex 6.67348 91.9954 1.6
    endloop
  endfacet
  facet normal -0.946938 0.321416 0
    outer loop
      vertex 6.46403 91.2137 0
      vertex 6.59437 91.5977 1.6
      vertex 6.59437 91.5977 0
    endloop
  endfacet
  facet normal -0.946938 0.321416 0
    outer loop
      vertex 6.59437 91.5977 1.6
      vertex 6.46403 91.2137 0
      vertex 6.46403 91.2137 1.6
    endloop
  endfacet
  facet normal -0.751769 -0.659426 0
    outer loop
      vertex 6.05939 94.2872 0
      vertex 5.79203 94.592 1.6
      vertex 5.79203 94.592 0
    endloop
  endfacet
  facet normal -0.751769 -0.659426 0
    outer loop
      vertex 5.79203 94.592 1.6
      vertex 6.05939 94.2872 0
      vertex 6.05939 94.2872 1.6
    endloop
  endfacet
  facet normal -0.321564 0.946888 0
    outer loop
      vertex 4.78632 89.536 0
      vertex 4.40234 89.4056 1.6
      vertex 4.78632 89.536 1.6
    endloop
  endfacet
  facet normal -0.321564 0.946888 0
    outer loop
      vertex 4.40234 89.4056 1.6
      vertex 4.78632 89.536 0
      vertex 4.40234 89.4056 0
    endloop
  endfacet
  facet normal -0.555599 0.83145 0
    outer loop
      vertex 5.48716 89.9406 0
      vertex 5.15 89.7153 1.6
      vertex 5.48716 89.9406 1.6
    endloop
  endfacet
  facet normal -0.555599 0.83145 0
    outer loop
      vertex 5.15 89.7153 1.6
      vertex 5.48716 89.9406 0
      vertex 5.15 89.7153 0
    endloop
  endfacet
  facet normal -0.89688 -0.442275 0
    outer loop
      vertex 6.46403 93.5863 0
      vertex 6.28468 93.95 1.6
      vertex 6.28468 93.95 0
    endloop
  endfacet
  facet normal -0.89688 -0.442275 0
    outer loop
      vertex 6.28468 93.95 1.6
      vertex 6.46403 93.5863 0
      vertex 6.46403 93.5863 1.6
    endloop
  endfacet
  facet normal -0.321564 -0.946888 0
    outer loop
      vertex 4.40234 95.3944 0
      vertex 4.78632 95.264 1.6
      vertex 4.40234 95.3944 1.6
    endloop
  endfacet
  facet normal -0.321564 -0.946888 -0
    outer loop
      vertex 4.78632 95.264 1.6
      vertex 4.40234 95.3944 0
      vertex 4.78632 95.264 0
    endloop
  endfacet
  facet normal -0.89688 0.442275 0
    outer loop
      vertex 6.28468 90.85 0
      vertex 6.46403 91.2137 1.6
      vertex 6.46403 91.2137 0
    endloop
  endfacet
  facet normal -0.89688 0.442275 0
    outer loop
      vertex 6.46403 91.2137 1.6
      vertex 6.28468 90.85 0
      vertex 6.28468 90.85 1.6
    endloop
  endfacet
  facet normal 0.195068 0.98079 -0
    outer loop
      vertex 3.19537 89.3265 0
      vertex 2.79766 89.4056 1.6
      vertex 3.19537 89.3265 1.6
    endloop
  endfacet
  facet normal 0.195068 0.98079 0
    outer loop
      vertex 2.79766 89.4056 1.6
      vertex 3.19537 89.3265 0
      vertex 2.79766 89.4056 0
    endloop
  endfacet
  facet normal 0.0653519 -0.997862 0
    outer loop
      vertex 3.19537 95.4735 0
      vertex 3.6 95.5 1.6
      vertex 3.19537 95.4735 1.6
    endloop
  endfacet
  facet normal 0.0653519 -0.997862 0
    outer loop
      vertex 3.6 95.5 1.6
      vertex 3.19537 95.4735 0
      vertex 3.6 95.5 0
    endloop
  endfacet
  facet normal 0.555599 0.83145 -0
    outer loop
      vertex 2.05 89.7153 0
      vertex 1.71284 89.9406 1.6
      vertex 2.05 89.7153 1.6
    endloop
  endfacet
  facet normal 0.555599 0.83145 0
    outer loop
      vertex 1.71284 89.9406 1.6
      vertex 2.05 89.7153 0
      vertex 1.71284 89.9406 0
    endloop
  endfacet
  facet normal 0.321564 -0.946888 0
    outer loop
      vertex 2.41368 95.264 0
      vertex 2.79766 95.3944 1.6
      vertex 2.41368 95.264 1.6
    endloop
  endfacet
  facet normal 0.321564 -0.946888 0
    outer loop
      vertex 2.79766 95.3944 1.6
      vertex 2.41368 95.264 0
      vertex 2.79766 95.3944 0
    endloop
  endfacet
  facet normal -0.946938 -0.321416 0
    outer loop
      vertex 6.59437 93.2023 0
      vertex 6.46403 93.5863 1.6
      vertex 6.46403 93.5863 0
    endloop
  endfacet
  facet normal -0.946938 -0.321416 0
    outer loop
      vertex 6.46403 93.5863 1.6
      vertex 6.59437 93.2023 0
      vertex 6.59437 93.2023 1.6
    endloop
  endfacet
  facet normal 0.831494 -0.555533 0
    outer loop
      vertex 0.915322 93.95 1.6
      vertex 1.14061 94.2872 0
      vertex 1.14061 94.2872 1.6
    endloop
  endfacet
  facet normal 0.831494 -0.555533 0
    outer loop
      vertex 1.14061 94.2872 0
      vertex 0.915322 93.95 1.6
      vertex 0.915322 93.95 0
    endloop
  endfacet
  facet normal 0.659396 -0.751796 0
    outer loop
      vertex 1.40797 94.592 0
      vertex 1.71284 94.8594 1.6
      vertex 1.40797 94.592 1.6
    endloop
  endfacet
  facet normal 0.659396 -0.751796 0
    outer loop
      vertex 1.71284 94.8594 1.6
      vertex 1.40797 94.592 0
      vertex 1.71284 94.8594 0
    endloop
  endfacet
  facet normal 0.659396 0.751796 -0
    outer loop
      vertex 1.71284 89.9406 0
      vertex 1.40797 90.208 1.6
      vertex 1.71284 89.9406 1.6
    endloop
  endfacet
  facet normal 0.659396 0.751796 0
    outer loop
      vertex 1.40797 90.208 1.6
      vertex 1.71284 89.9406 0
      vertex 1.40797 90.208 0
    endloop
  endfacet
  facet normal 0.946936 0.321423 0
    outer loop
      vertex 0.735974 91.2137 1.6
      vertex 0.605631 91.5977 0
      vertex 0.605631 91.5977 1.6
    endloop
  endfacet
  facet normal 0.946936 0.321423 0
    outer loop
      vertex 0.605631 91.5977 0
      vertex 0.735974 91.2137 1.6
      vertex 0.735974 91.2137 0
    endloop
  endfacet
  facet normal 0.442195 0.896919 -0
    outer loop
      vertex 2.41368 89.536 0
      vertex 2.05 89.7153 1.6
      vertex 2.41368 89.536 1.6
    endloop
  endfacet
  facet normal 0.442195 0.896919 0
    outer loop
      vertex 2.05 89.7153 1.6
      vertex 2.41368 89.536 0
      vertex 2.05 89.7153 0
    endloop
  endfacet
  facet normal 0.980784 0.195096 0
    outer loop
      vertex 0.605631 91.5977 1.6
      vertex 0.526521 91.9954 0
      vertex 0.526521 91.9954 1.6
    endloop
  endfacet
  facet normal 0.980784 0.195096 0
    outer loop
      vertex 0.526521 91.9954 0
      vertex 0.605631 91.5977 1.6
      vertex 0.605631 91.5977 0
    endloop
  endfacet
  facet normal 0.321564 0.946888 -0
    outer loop
      vertex 2.79766 89.4056 0
      vertex 2.41368 89.536 1.6
      vertex 2.79766 89.4056 1.6
    endloop
  endfacet
  facet normal 0.321564 0.946888 0
    outer loop
      vertex 2.41368 89.536 1.6
      vertex 2.79766 89.4056 0
      vertex 2.41368 89.536 0
    endloop
  endfacet
  facet normal -0.659396 -0.751796 0
    outer loop
      vertex 5.48716 94.8594 0
      vertex 5.79203 94.592 1.6
      vertex 5.48716 94.8594 1.6
    endloop
  endfacet
  facet normal -0.659396 -0.751796 -0
    outer loop
      vertex 5.79203 94.592 1.6
      vertex 5.48716 94.8594 0
      vertex 5.79203 94.592 0
    endloop
  endfacet
  facet normal -0.0653519 0.997862 0
    outer loop
      vertex 4.00463 89.3265 0
      vertex 3.6 89.3 1.6
      vertex 4.00463 89.3265 1.6
    endloop
  endfacet
  facet normal -0.0653519 0.997862 0
    outer loop
      vertex 3.6 89.3 1.6
      vertex 4.00463 89.3265 0
      vertex 3.6 89.3 0
    endloop
  endfacet
  facet normal -0.831492 0.555536 0
    outer loop
      vertex 6.05939 90.5128 0
      vertex 6.28468 90.85 1.6
      vertex 6.28468 90.85 0
    endloop
  endfacet
  facet normal -0.831492 0.555536 0
    outer loop
      vertex 6.28468 90.85 1.6
      vertex 6.05939 90.5128 0
      vertex 6.05939 90.5128 1.6
    endloop
  endfacet
  facet normal -0.195068 -0.98079 0
    outer loop
      vertex 4.00463 95.4735 0
      vertex 4.40234 95.3944 1.6
      vertex 4.00463 95.4735 1.6
    endloop
  endfacet
  facet normal -0.195068 -0.98079 -0
    outer loop
      vertex 4.40234 95.3944 1.6
      vertex 4.00463 95.4735 0
      vertex 4.40234 95.3944 0
    endloop
  endfacet
  facet normal 0.980784 -0.195096 0
    outer loop
      vertex 0.526521 92.8046 1.6
      vertex 0.605631 93.2023 0
      vertex 0.605631 93.2023 1.6
    endloop
  endfacet
  facet normal 0.980784 -0.195096 0
    outer loop
      vertex 0.605631 93.2023 0
      vertex 0.526521 92.8046 1.6
      vertex 0.526521 92.8046 0
    endloop
  endfacet
  facet normal 0.751769 0.659426 0
    outer loop
      vertex 1.40797 90.208 1.6
      vertex 1.14061 90.5128 0
      vertex 1.14061 90.5128 1.6
    endloop
  endfacet
  facet normal 0.751769 0.659426 0
    outer loop
      vertex 1.14061 90.5128 0
      vertex 1.40797 90.208 1.6
      vertex 1.40797 90.208 0
    endloop
  endfacet
  facet normal -0.659396 0.751796 0
    outer loop
      vertex 5.79203 90.208 0
      vertex 5.48716 89.9406 1.6
      vertex 5.79203 90.208 1.6
    endloop
  endfacet
  facet normal -0.659396 0.751796 0
    outer loop
      vertex 5.48716 89.9406 1.6
      vertex 5.79203 90.208 0
      vertex 5.48716 89.9406 0
    endloop
  endfacet
  facet normal -0.997859 -0.0654059 0
    outer loop
      vertex 6.7 92.4 0
      vertex 6.67348 92.8046 1.6
      vertex 6.67348 92.8046 0
    endloop
  endfacet
  facet normal -0.997859 -0.0654059 0
    outer loop
      vertex 6.67348 92.8046 1.6
      vertex 6.7 92.4 0
      vertex 6.7 92.4 1.6
    endloop
  endfacet
  facet normal -0.980784 -0.195096 0
    outer loop
      vertex 6.67348 92.8046 0
      vertex 6.59437 93.2023 1.6
      vertex 6.59437 93.2023 0
    endloop
  endfacet
  facet normal -0.980784 -0.195096 0
    outer loop
      vertex 6.59437 93.2023 1.6
      vertex 6.67348 92.8046 0
      vertex 6.67348 92.8046 1.6
    endloop
  endfacet
  facet normal -0.555599 -0.83145 0
    outer loop
      vertex 5.15 95.0847 0
      vertex 5.48716 94.8594 1.6
      vertex 5.15 95.0847 1.6
    endloop
  endfacet
  facet normal -0.555599 -0.83145 -0
    outer loop
      vertex 5.48716 94.8594 1.6
      vertex 5.15 95.0847 0
      vertex 5.48716 94.8594 0
    endloop
  endfacet
  facet normal -0.195068 0.98079 0
    outer loop
      vertex 4.40234 89.4056 0
      vertex 4.00463 89.3265 1.6
      vertex 4.40234 89.4056 1.6
    endloop
  endfacet
  facet normal -0.195068 0.98079 0
    outer loop
      vertex 4.00463 89.3265 1.6
      vertex 4.40234 89.4056 0
      vertex 4.00463 89.3265 0
    endloop
  endfacet
  facet normal -0.751769 0.659426 0
    outer loop
      vertex 5.79203 90.208 0
      vertex 6.05939 90.5128 1.6
      vertex 6.05939 90.5128 0
    endloop
  endfacet
  facet normal -0.751769 0.659426 0
    outer loop
      vertex 6.05939 90.5128 1.6
      vertex 5.79203 90.208 0
      vertex 5.79203 90.208 1.6
    endloop
  endfacet
  facet normal -0.442195 0.896919 0
    outer loop
      vertex 5.15 89.7153 0
      vertex 4.78632 89.536 1.6
      vertex 5.15 89.7153 1.6
    endloop
  endfacet
  facet normal -0.442195 0.896919 0
    outer loop
      vertex 4.78632 89.536 1.6
      vertex 5.15 89.7153 0
      vertex 4.78632 89.536 0
    endloop
  endfacet
  facet normal 0.997859 -0.0654059 0
    outer loop
      vertex 0.500001 92.4 1.6
      vertex 0.526521 92.8046 0
      vertex 0.526521 92.8046 1.6
    endloop
  endfacet
  facet normal 0.997859 -0.0654059 0
    outer loop
      vertex 0.526521 92.8046 0
      vertex 0.500001 92.4 1.6
      vertex 0.500001 92.4 0
    endloop
  endfacet
  facet normal -0.831492 -0.555536 0
    outer loop
      vertex 6.28468 93.95 0
      vertex 6.05939 94.2872 1.6
      vertex 6.05939 94.2872 0
    endloop
  endfacet
  facet normal -0.831492 -0.555536 0
    outer loop
      vertex 6.05939 94.2872 1.6
      vertex 6.28468 93.95 0
      vertex 6.28468 93.95 1.6
    endloop
  endfacet
  facet normal 0.751769 -0.659426 0
    outer loop
      vertex 1.14061 94.2872 1.6
      vertex 1.40797 94.592 0
      vertex 1.40797 94.592 1.6
    endloop
  endfacet
  facet normal 0.751769 -0.659426 0
    outer loop
      vertex 1.40797 94.592 0
      vertex 1.14061 94.2872 1.6
      vertex 1.14061 94.2872 0
    endloop
  endfacet
  facet normal 0.997859 0.0654059 0
    outer loop
      vertex 0.526521 91.9954 1.6
      vertex 0.500001 92.4 0
      vertex 0.500001 92.4 1.6
    endloop
  endfacet
  facet normal 0.997859 0.0654059 0
    outer loop
      vertex 0.500001 92.4 0
      vertex 0.526521 91.9954 1.6
      vertex 0.526521 91.9954 0
    endloop
  endfacet
  facet normal 0.442195 -0.896919 0
    outer loop
      vertex 2.05 95.0847 0
      vertex 2.41368 95.264 1.6
      vertex 2.05 95.0847 1.6
    endloop
  endfacet
  facet normal 0.442195 -0.896919 0
    outer loop
      vertex 2.41368 95.264 1.6
      vertex 2.05 95.0847 0
      vertex 2.41368 95.264 0
    endloop
  endfacet
  facet normal 0.946936 -0.321423 0
    outer loop
      vertex 0.605631 93.2023 1.6
      vertex 0.735974 93.5863 0
      vertex 0.735974 93.5863 1.6
    endloop
  endfacet
  facet normal 0.946936 -0.321423 0
    outer loop
      vertex 0.735974 93.5863 0
      vertex 0.605631 93.2023 1.6
      vertex 0.605631 93.2023 0
    endloop
  endfacet
  facet normal 0.195068 -0.98079 0
    outer loop
      vertex 2.79766 95.3944 0
      vertex 3.19537 95.4735 1.6
      vertex 2.79766 95.3944 1.6
    endloop
  endfacet
  facet normal 0.195068 -0.98079 0
    outer loop
      vertex 3.19537 95.4735 1.6
      vertex 2.79766 95.3944 0
      vertex 3.19537 95.4735 0
    endloop
  endfacet
  facet normal -0.0653519 -0.997862 0
    outer loop
      vertex 3.6 95.5 0
      vertex 4.00463 95.4735 1.6
      vertex 3.6 95.5 1.6
    endloop
  endfacet
  facet normal -0.0653519 -0.997862 -0
    outer loop
      vertex 4.00463 95.4735 1.6
      vertex 3.6 95.5 0
      vertex 4.00463 95.4735 0
    endloop
  endfacet
  facet normal 0.0653519 0.997862 -0
    outer loop
      vertex 3.6 89.3 0
      vertex 3.19537 89.3265 1.6
      vertex 3.6 89.3 1.6
    endloop
  endfacet
  facet normal 0.0653519 0.997862 0
    outer loop
      vertex 3.19537 89.3265 1.6
      vertex 3.6 89.3 0
      vertex 3.19537 89.3265 0
    endloop
  endfacet
  facet normal 0 0 -1
    outer loop
      vertex 5.3 92.4 1.6
      vertex 6.7 92.4 1.6
      vertex 6.67348 91.9954 1.6
    endloop
  endfacet
  facet normal 0 0 -1
    outer loop
      vertex 5.28546 92.1781 1.6
      vertex 6.67348 91.9954 1.6
      vertex 6.59437 91.5977 1.6
    endloop
  endfacet
  facet normal 0 0 -1
    outer loop
      vertex 6.7 92.4 1.6
      vertex 5.3 92.4 1.6
      vertex 6.67348 92.8046 1.6
    endloop
  endfacet
  facet normal 0 0 -1
    outer loop
      vertex 5.24207 91.96 1.6
      vertex 6.59437 91.5977 1.6
      vertex 6.46403 91.2137 1.6
    endloop
  endfacet
  facet normal 0 0 -1
    outer loop
      vertex 5.28546 92.6219 1.6
      vertex 6.67348 92.8046 1.6
      vertex 5.3 92.4 1.6
    endloop
  endfacet
  facet normal 0 0 -1
    outer loop
      vertex 5.17059 91.7494 1.6
      vertex 6.46403 91.2137 1.6
      vertex 6.28468 90.85 1.6
    endloop
  endfacet
  facet normal -0 0 -1
    outer loop
      vertex 6.67348 92.8046 1.6
      vertex 5.28546 92.6219 1.6
      vertex 6.59437 93.2023 1.6
    endloop
  endfacet
  facet normal 0 0 -1
    outer loop
      vertex 5.07224 91.55 1.6
      vertex 6.28468 90.85 1.6
      vertex 6.05939 90.5128 1.6
    endloop
  endfacet
  facet normal 0 0 -1
    outer loop
      vertex 5.24207 92.84 1.6
      vertex 6.59437 93.2023 1.6
      vertex 5.28546 92.6219 1.6
    endloop
  endfacet
  facet normal 0 0 -1
    outer loop
      vertex 4.9487 91.3651 1.6
      vertex 6.05939 90.5128 1.6
      vertex 5.79203 90.208 1.6
    endloop
  endfacet
  facet normal -0 0 -1
    outer loop
      vertex 6.59437 93.2023 1.6
      vertex 5.24207 92.84 1.6
      vertex 6.46403 93.5863 1.6
    endloop
  endfacet
  facet normal 0 0 -1
    outer loop
      vertex 4.80208 91.1979 1.6
      vertex 5.79203 90.208 1.6
      vertex 5.48716 89.9406 1.6
    endloop
  endfacet
  facet normal 0 0 -1
    outer loop
      vertex 5.17059 93.0506 1.6
      vertex 6.46403 93.5863 1.6
      vertex 5.24207 92.84 1.6
    endloop
  endfacet
  facet normal -0 0 -1
    outer loop
      vertex 6.46403 93.5863 1.6
      vertex 5.17059 93.0506 1.6
      vertex 6.28468 93.95 1.6
    endloop
  endfacet
  facet normal 0 0 -1
    outer loop
      vertex 6.67348 91.9954 1.6
      vertex 5.28546 92.1781 1.6
      vertex 5.3 92.4 1.6
    endloop
  endfacet
  facet normal 0 0 -1
    outer loop
      vertex 6.59437 91.5977 1.6
      vertex 5.24207 91.96 1.6
      vertex 5.28546 92.1781 1.6
    endloop
  endfacet
  facet normal 0 0 -1
    outer loop
      vertex 6.46403 91.2137 1.6
      vertex 5.17059 91.7494 1.6
      vertex 5.24207 91.96 1.6
    endloop
  endfacet
  facet normal 0 0 -1
    outer loop
      vertex 4.63489 91.0513 1.6
      vertex 5.48716 89.9406 1.6
      vertex 5.15 89.7153 1.6
    endloop
  endfacet
  facet normal 0 0 -1
    outer loop
      vertex 6.28468 90.85 1.6
      vertex 5.07224 91.55 1.6
      vertex 5.17059 91.7494 1.6
    endloop
  endfacet
  facet normal 0 0 -1
    outer loop
      vertex 6.05939 90.5128 1.6
      vertex 4.9487 91.3651 1.6
      vertex 5.07224 91.55 1.6
    endloop
  endfacet
  facet normal 0 0 -1
    outer loop
      vertex 5.79203 90.208 1.6
      vertex 4.80208 91.1979 1.6
      vertex 4.9487 91.3651 1.6
    endloop
  endfacet
  facet normal 0 0 -1
    outer loop
      vertex 4.45 90.9278 1.6
      vertex 5.15 89.7153 1.6
      vertex 4.78632 89.536 1.6
    endloop
  endfacet
  facet normal 0 0 -1
    outer loop
      vertex 5.48716 89.9406 1.6
      vertex 4.63489 91.0513 1.6
      vertex 4.80208 91.1979 1.6
    endloop
  endfacet
  facet normal 0 0 -1
    outer loop
      vertex 5.15 89.7153 1.6
      vertex 4.45 90.9278 1.6
      vertex 4.63489 91.0513 1.6
    endloop
  endfacet
  facet normal 0 0 -1
    outer loop
      vertex 4.25056 90.8294 1.6
      vertex 4.78632 89.536 1.6
      vertex 4.40234 89.4056 1.6
    endloop
  endfacet
  facet normal 0 0 -1
    outer loop
      vertex 4.78632 89.536 1.6
      vertex 4.25056 90.8294 1.6
      vertex 4.45 90.9278 1.6
    endloop
  endfacet
  facet normal 0 0 -1
    outer loop
      vertex 4.40234 89.4056 1.6
      vertex 4.03999 90.7579 1.6
      vertex 4.25056 90.8294 1.6
    endloop
  endfacet
  facet normal 0 0 -1
    outer loop
      vertex 4.00463 89.3265 1.6
      vertex 4.03999 90.7579 1.6
      vertex 4.40234 89.4056 1.6
    endloop
  endfacet
  facet normal 0 0 -1
    outer loop
      vertex 4.00463 89.3265 1.6
      vertex 3.82189 90.7145 1.6
      vertex 4.03999 90.7579 1.6
    endloop
  endfacet
  facet normal 0 0 -1
    outer loop
      vertex 3.6 89.3 1.6
      vertex 3.82189 90.7145 1.6
      vertex 4.00463 89.3265 1.6
    endloop
  endfacet
  facet normal 0 0 -1
    outer loop
      vertex 3.6 89.3 1.6
      vertex 3.6 90.7 1.6
      vertex 3.82189 90.7145 1.6
    endloop
  endfacet
  facet normal 0 0 -1
    outer loop
      vertex 3.6 89.3 1.6
      vertex 3.37811 90.7145 1.6
      vertex 3.6 90.7 1.6
    endloop
  endfacet
  facet normal 0 0 -1
    outer loop
      vertex 3.19537 89.3265 1.6
      vertex 3.37811 90.7145 1.6
      vertex 3.6 89.3 1.6
    endloop
  endfacet
  facet normal 0 0 -1
    outer loop
      vertex 3.19537 89.3265 1.6
      vertex 3.16001 90.7579 1.6
      vertex 3.37811 90.7145 1.6
    endloop
  endfacet
  facet normal 0 0 -1
    outer loop
      vertex 2.79766 89.4056 1.6
      vertex 3.16001 90.7579 1.6
      vertex 3.19537 89.3265 1.6
    endloop
  endfacet
  facet normal -0 0 -1
    outer loop
      vertex 3.16001 90.7579 1.6
      vertex 2.79766 89.4056 1.6
      vertex 2.94944 90.8294 1.6
    endloop
  endfacet
  facet normal 0 0 -1
    outer loop
      vertex 2.41368 89.536 1.6
      vertex 2.94944 90.8294 1.6
      vertex 2.79766 89.4056 1.6
    endloop
  endfacet
  facet normal -0 0 -1
    outer loop
      vertex 2.94944 90.8294 1.6
      vertex 2.41368 89.536 1.6
      vertex 2.75 90.9278 1.6
    endloop
  endfacet
  facet normal 0 0 -1
    outer loop
      vertex 2.05 89.7153 1.6
      vertex 2.75 90.9278 1.6
      vertex 2.41368 89.536 1.6
    endloop
  endfacet
  facet normal -0 0 -1
    outer loop
      vertex 2.75 90.9278 1.6
      vertex 2.05 89.7153 1.6
      vertex 2.56511 91.0513 1.6
    endloop
  endfacet
  facet normal 0 0 -1
    outer loop
      vertex 1.71284 89.9406 1.6
      vertex 2.56511 91.0513 1.6
      vertex 2.05 89.7153 1.6
    endloop
  endfacet
  facet normal -0 0 -1
    outer loop
      vertex 2.56511 91.0513 1.6
      vertex 1.71284 89.9406 1.6
      vertex 2.39792 91.1979 1.6
    endloop
  endfacet
  facet normal 0 0 -1
    outer loop
      vertex 1.40797 90.208 1.6
      vertex 2.39792 91.1979 1.6
      vertex 1.71284 89.9406 1.6
    endloop
  endfacet
  facet normal -0 0 -1
    outer loop
      vertex 2.39792 91.1979 1.6
      vertex 1.40797 90.208 1.6
      vertex 2.2513 91.3651 1.6
    endloop
  endfacet
  facet normal 0 0 -1
    outer loop
      vertex 1.14061 90.5128 1.6
      vertex 2.2513 91.3651 1.6
      vertex 1.40797 90.208 1.6
    endloop
  endfacet
  facet normal -0 0 -1
    outer loop
      vertex 2.2513 91.3651 1.6
      vertex 1.14061 90.5128 1.6
      vertex 2.12776 91.55 1.6
    endloop
  endfacet
  facet normal 0 0 -1
    outer loop
      vertex 0.915322 90.85 1.6
      vertex 2.12776 91.55 1.6
      vertex 1.14061 90.5128 1.6
    endloop
  endfacet
  facet normal -0 0 -1
    outer loop
      vertex 2.12776 91.55 1.6
      vertex 0.915322 90.85 1.6
      vertex 2.02941 91.7494 1.6
    endloop
  endfacet
  facet normal 0 0 -1
    outer loop
      vertex 5.07224 93.25 1.6
      vertex 6.28468 93.95 1.6
      vertex 5.17059 93.0506 1.6
    endloop
  endfacet
  facet normal -0 0 -1
    outer loop
      vertex 6.28468 93.95 1.6
      vertex 5.07224 93.25 1.6
      vertex 6.05939 94.2872 1.6
    endloop
  endfacet
  facet normal 0 0 -1
    outer loop
      vertex 4.9487 93.4349 1.6
      vertex 6.05939 94.2872 1.6
      vertex 5.07224 93.25 1.6
    endloop
  endfacet
  facet normal -0 0 -1
    outer loop
      vertex 6.05939 94.2872 1.6
      vertex 4.9487 93.4349 1.6
      vertex 5.79203 94.592 1.6
    endloop
  endfacet
  facet normal 0 0 -1
    outer loop
      vertex 4.80208 93.6021 1.6
      vertex 5.79203 94.592 1.6
      vertex 4.9487 93.4349 1.6
    endloop
  endfacet
  facet normal -0 0 -1
    outer loop
      vertex 5.79203 94.592 1.6
      vertex 4.80208 93.6021 1.6
      vertex 5.48716 94.8594 1.6
    endloop
  endfacet
  facet normal 0 0 -1
    outer loop
      vertex 4.63489 93.7487 1.6
      vertex 5.48716 94.8594 1.6
      vertex 4.80208 93.6021 1.6
    endloop
  endfacet
  facet normal -0 0 -1
    outer loop
      vertex 5.48716 94.8594 1.6
      vertex 4.63489 93.7487 1.6
      vertex 5.15 95.0847 1.6
    endloop
  endfacet
  facet normal 0 0 -1
    outer loop
      vertex 4.45 93.8722 1.6
      vertex 5.15 95.0847 1.6
      vertex 4.63489 93.7487 1.6
    endloop
  endfacet
  facet normal -0 0 -1
    outer loop
      vertex 5.15 95.0847 1.6
      vertex 4.45 93.8722 1.6
      vertex 4.78632 95.264 1.6
    endloop
  endfacet
  facet normal 0 0 -1
    outer loop
      vertex 4.25056 93.9706 1.6
      vertex 4.78632 95.264 1.6
      vertex 4.45 93.8722 1.6
    endloop
  endfacet
  facet normal -0 0 -1
    outer loop
      vertex 4.78632 95.264 1.6
      vertex 4.25056 93.9706 1.6
      vertex 4.40234 95.3944 1.6
    endloop
  endfacet
  facet normal 0 0 -1
    outer loop
      vertex 4.03999 94.0421 1.6
      vertex 4.40234 95.3944 1.6
      vertex 4.25056 93.9706 1.6
    endloop
  endfacet
  facet normal 0 0 -1
    outer loop
      vertex 4.03999 94.0421 1.6
      vertex 4.00463 95.4735 1.6
      vertex 4.40234 95.3944 1.6
    endloop
  endfacet
  facet normal 0 0 -1
    outer loop
      vertex 3.82189 94.0855 1.6
      vertex 4.00463 95.4735 1.6
      vertex 4.03999 94.0421 1.6
    endloop
  endfacet
  facet normal 0 0 -1
    outer loop
      vertex 3.6 94.1 1.6
      vertex 4.00463 95.4735 1.6
      vertex 3.82189 94.0855 1.6
    endloop
  endfacet
  facet normal 0 0 -1
    outer loop
      vertex 3.6 94.1 1.6
      vertex 3.6 95.5 1.6
      vertex 4.00463 95.4735 1.6
    endloop
  endfacet
  facet normal 0 0 -1
    outer loop
      vertex 3.37811 94.0855 1.6
      vertex 3.6 95.5 1.6
      vertex 3.6 94.1 1.6
    endloop
  endfacet
  facet normal 0 0 -1
    outer loop
      vertex 3.37811 94.0855 1.6
      vertex 3.19537 95.4735 1.6
      vertex 3.6 95.5 1.6
    endloop
  endfacet
  facet normal 0 0 -1
    outer loop
      vertex 3.16001 94.0421 1.6
      vertex 3.19537 95.4735 1.6
      vertex 3.37811 94.0855 1.6
    endloop
  endfacet
  facet normal 0 0 -1
    outer loop
      vertex 2.79766 95.3944 1.6
      vertex 3.16001 94.0421 1.6
      vertex 2.94944 93.9706 1.6
    endloop
  endfacet
  facet normal 0 0 -1
    outer loop
      vertex 3.16001 94.0421 1.6
      vertex 2.79766 95.3944 1.6
      vertex 3.19537 95.4735 1.6
    endloop
  endfacet
  facet normal 0 0 -1
    outer loop
      vertex 2.41368 95.264 1.6
      vertex 2.94944 93.9706 1.6
      vertex 2.75 93.8722 1.6
    endloop
  endfacet
  facet normal 0 0 -1
    outer loop
      vertex 2.05 95.0847 1.6
      vertex 2.75 93.8722 1.6
      vertex 2.56511 93.7487 1.6
    endloop
  endfacet
  facet normal 0 0 -1
    outer loop
      vertex 2.94944 93.9706 1.6
      vertex 2.41368 95.264 1.6
      vertex 2.79766 95.3944 1.6
    endloop
  endfacet
  facet normal 0 0 -1
    outer loop
      vertex 1.71284 94.8594 1.6
      vertex 2.56511 93.7487 1.6
      vertex 2.39792 93.6021 1.6
    endloop
  endfacet
  facet normal 0 0 -1
    outer loop
      vertex 1.40797 94.592 1.6
      vertex 2.39792 93.6021 1.6
      vertex 2.2513 93.4349 1.6
    endloop
  endfacet
  facet normal 0 0 -1
    outer loop
      vertex 1.14061 94.2872 1.6
      vertex 2.2513 93.4349 1.6
      vertex 2.12776 93.25 1.6
    endloop
  endfacet
  facet normal 0 0 -1
    outer loop
      vertex 2.75 93.8722 1.6
      vertex 2.05 95.0847 1.6
      vertex 2.41368 95.264 1.6
    endloop
  endfacet
  facet normal 0 0 -1
    outer loop
      vertex 0.915322 93.95 1.6
      vertex 2.12776 93.25 1.6
      vertex 2.02941 93.0506 1.6
    endloop
  endfacet
  facet normal 0 0 -1
    outer loop
      vertex 0.735974 93.5863 1.6
      vertex 2.02941 93.0506 1.6
      vertex 1.95793 92.84 1.6
    endloop
  endfacet
  facet normal 0 0 -1
    outer loop
      vertex 0.605631 93.2023 1.6
      vertex 1.95793 92.84 1.6
      vertex 1.91454 92.6219 1.6
    endloop
  endfacet
  facet normal 0 0 -1
    outer loop
      vertex 0.526521 92.8046 1.6
      vertex 1.91454 92.6219 1.6
      vertex 1.9 92.4 1.6
    endloop
  endfacet
  facet normal 0 0 -1
    outer loop
      vertex 0.735974 91.2137 1.6
      vertex 2.02941 91.7494 1.6
      vertex 0.915322 90.85 1.6
    endloop
  endfacet
  facet normal 0 0 -1
    outer loop
      vertex 2.56511 93.7487 1.6
      vertex 1.71284 94.8594 1.6
      vertex 2.05 95.0847 1.6
    endloop
  endfacet
  facet normal -0 0 -1
    outer loop
      vertex 2.02941 91.7494 1.6
      vertex 0.735974 91.2137 1.6
      vertex 1.95793 91.96 1.6
    endloop
  endfacet
  facet normal 0 0 -1
    outer loop
      vertex 2.39792 93.6021 1.6
      vertex 1.40797 94.592 1.6
      vertex 1.71284 94.8594 1.6
    endloop
  endfacet
  facet normal 0 0 -1
    outer loop
      vertex 0.605631 91.5977 1.6
      vertex 1.95793 91.96 1.6
      vertex 0.735974 91.2137 1.6
    endloop
  endfacet
  facet normal 0 0 -1
    outer loop
      vertex 2.2513 93.4349 1.6
      vertex 1.14061 94.2872 1.6
      vertex 1.40797 94.592 1.6
    endloop
  endfacet
  facet normal -0 0 -1
    outer loop
      vertex 1.95793 91.96 1.6
      vertex 0.605631 91.5977 1.6
      vertex 1.91454 92.1781 1.6
    endloop
  endfacet
  facet normal 0 0 -1
    outer loop
      vertex 2.12776 93.25 1.6
      vertex 0.915322 93.95 1.6
      vertex 1.14061 94.2872 1.6
    endloop
  endfacet
  facet normal 0 0 -1
    outer loop
      vertex 0.526521 91.9954 1.6
      vertex 1.91454 92.1781 1.6
      vertex 0.605631 91.5977 1.6
    endloop
  endfacet
  facet normal 0 0 -1
    outer loop
      vertex 2.02941 93.0506 1.6
      vertex 0.735974 93.5863 1.6
      vertex 0.915322 93.95 1.6
    endloop
  endfacet
  facet normal -0 0 -1
    outer loop
      vertex 1.91454 92.1781 1.6
      vertex 0.526521 91.9954 1.6
      vertex 1.9 92.4 1.6
    endloop
  endfacet
  facet normal 0 0 -1
    outer loop
      vertex 1.95793 92.84 1.6
      vertex 0.605631 93.2023 1.6
      vertex 0.735974 93.5863 1.6
    endloop
  endfacet
  facet normal 0 0 -1
    outer loop
      vertex 0.500001 92.4 1.6
      vertex 1.9 92.4 1.6
      vertex 0.526521 91.9954 1.6
    endloop
  endfacet
  facet normal 0 0 -1
    outer loop
      vertex 1.91454 92.6219 1.6
      vertex 0.526521 92.8046 1.6
      vertex 0.605631 93.2023 1.6
    endloop
  endfacet
  facet normal 0 0 -1
    outer loop
      vertex 1.9 92.4 1.6
      vertex 0.500001 92.4 1.6
      vertex 0.526521 92.8046 1.6
    endloop
  endfacet
  facet normal 0.896882 0.442271 0
    outer loop
      vertex 0.915322 90.85 1.6
      vertex 0.735974 91.2137 0
      vertex 0.735974 91.2137 1.6
    endloop
  endfacet
  facet normal 0.896882 0.442271 0
    outer loop
      vertex 0.735974 91.2137 0
      vertex 0.915322 90.85 1.6
      vertex 0.915322 90.85 0
    endloop
  endfacet
  facet normal 0.831494 0.555533 0
    outer loop
      vertex 1.14061 90.5128 1.6
      vertex 0.915322 90.85 0
      vertex 0.915322 90.85 1.6
    endloop
  endfacet
  facet normal 0.831494 0.555533 0
    outer loop
      vertex 0.915322 90.85 0
      vertex 1.14061 90.5128 1.6
      vertex 1.14061 90.5128 0
    endloop
  endfacet
  facet normal 0.555599 -0.83145 0
    outer loop
      vertex 1.71284 94.8594 0
      vertex 2.05 95.0847 1.6
      vertex 1.71284 94.8594 1.6
    endloop
  endfacet
  facet normal 0.555599 -0.83145 0
    outer loop
      vertex 2.05 95.0847 1.6
      vertex 1.71284 94.8594 0
      vertex 2.05 95.0847 0
    endloop
  endfacet
  facet normal -0.981113 0.193434 0
    outer loop
      vertex 144.042 91.96 1.6
      vertex 144.085 92.1781 3
      vertex 144.085 92.1781 1.6
    endloop
  endfacet
  facet normal -0.981113 0.193434 0
    outer loop
      vertex 144.085 92.1781 3
      vertex 144.042 91.96 1.6
      vertex 144.042 91.96 3
    endloop
  endfacet
  facet normal -0.997723 0.0674441 0
    outer loop
      vertex 144.085 92.1781 1.6
      vertex 144.1 92.4 3
      vertex 144.1 92.4 1.6
    endloop
  endfacet
  facet normal -0.997723 0.0674441 0
    outer loop
      vertex 144.1 92.4 3
      vertex 144.085 92.1781 1.6
      vertex 144.085 92.1781 3
    endloop
  endfacet
  facet normal -0.0651764 -0.997874 0
    outer loop
      vertex 142.4 94.1 1.6
      vertex 142.622 94.0855 3
      vertex 142.4 94.1 3
    endloop
  endfacet
  facet normal -0.0651764 -0.997874 -0
    outer loop
      vertex 142.622 94.0855 3
      vertex 142.4 94.1 1.6
      vertex 142.622 94.0855 1.6
    endloop
  endfacet
  facet normal 0.659714 0.751516 -0
    outer loop
      vertex 141.365 91.0513 1.6
      vertex 141.198 91.1979 3
      vertex 141.365 91.0513 3
    endloop
  endfacet
  facet normal 0.659714 0.751516 0
    outer loop
      vertex 141.198 91.1979 3
      vertex 141.365 91.0513 1.6
      vertex 141.198 91.1979 1.6
    endloop
  endfacet
  facet normal 0.832604 -0.553869 0
    outer loop
      vertex 140.928 93.25 3
      vertex 141.051 93.4349 1.6
      vertex 141.051 93.4349 3
    endloop
  endfacet
  facet normal 0.832604 -0.553869 0
    outer loop
      vertex 141.051 93.4349 1.6
      vertex 140.928 93.25 3
      vertex 140.928 93.25 1.6
    endloop
  endfacet
  facet normal 0.195251 -0.980753 0
    outer loop
      vertex 141.96 94.0421 1.6
      vertex 142.178 94.0855 3
      vertex 141.96 94.0421 3
    endloop
  endfacet
  facet normal 0.195251 -0.980753 0
    outer loop
      vertex 142.178 94.0855 3
      vertex 141.96 94.0421 1.6
      vertex 142.178 94.0855 1.6
    endloop
  endfacet
  facet normal -0.659714 0.751516 0
    outer loop
      vertex 143.602 91.1979 1.6
      vertex 143.435 91.0513 3
      vertex 143.602 91.1979 3
    endloop
  endfacet
  facet normal -0.659714 0.751516 0
    outer loop
      vertex 143.435 91.0513 3
      vertex 143.602 91.1979 1.6
      vertex 143.435 91.0513 1.6
    endloop
  endfacet
  facet normal -0.947598 -0.319466 0
    outer loop
      vertex 144.042 92.84 1.6
      vertex 143.971 93.0506 3
      vertex 143.971 93.0506 1.6
    endloop
  endfacet
  facet normal -0.947598 -0.319466 0
    outer loop
      vertex 143.971 93.0506 3
      vertex 144.042 92.84 1.6
      vertex 144.042 92.84 3
    endloop
  endfacet
  facet normal -0.751016 -0.660284 0
    outer loop
      vertex 143.749 93.4349 1.6
      vertex 143.602 93.6021 3
      vertex 143.602 93.6021 1.6
    endloop
  endfacet
  facet normal -0.751016 -0.660284 0
    outer loop
      vertex 143.602 93.6021 3
      vertex 143.749 93.4349 1.6
      vertex 143.749 93.4349 3
    endloop
  endfacet
  facet normal -0.751016 0.660284 0
    outer loop
      vertex 143.602 91.1979 1.6
      vertex 143.749 91.3651 3
      vertex 143.749 91.3651 1.6
    endloop
  endfacet
  facet normal -0.751016 0.660284 0
    outer loop
      vertex 143.749 91.3651 3
      vertex 143.602 91.1979 1.6
      vertex 143.602 91.1979 3
    endloop
  endfacet
  facet normal 0.947598 -0.319466 0
    outer loop
      vertex 140.758 92.84 3
      vertex 140.829 93.0506 1.6
      vertex 140.829 93.0506 3
    endloop
  endfacet
  facet normal 0.947598 -0.319466 0
    outer loop
      vertex 140.829 93.0506 1.6
      vertex 140.758 92.84 3
      vertex 140.758 92.84 1.6
    endloop
  endfacet
  facet normal -0.320937 -0.947101 0
    outer loop
      vertex 142.84 94.0421 1.6
      vertex 143.051 93.9706 3
      vertex 142.84 94.0421 3
    endloop
  endfacet
  facet normal -0.320937 -0.947101 -0
    outer loop
      vertex 143.051 93.9706 3
      vertex 142.84 94.0421 1.6
      vertex 143.051 93.9706 1.6
    endloop
  endfacet
  facet normal 0.0651764 -0.997874 0
    outer loop
      vertex 142.178 94.0855 1.6
      vertex 142.4 94.1 3
      vertex 142.178 94.0855 3
    endloop
  endfacet
  facet normal 0.0651764 -0.997874 0
    outer loop
      vertex 142.4 94.1 3
      vertex 142.178 94.0855 1.6
      vertex 142.4 94.1 1.6
    endloop
  endfacet
  facet normal 0.320937 0.947101 -0
    outer loop
      vertex 141.96 90.7579 1.6
      vertex 141.749 90.8294 3
      vertex 141.96 90.7579 3
    endloop
  endfacet
  facet normal 0.320937 0.947101 0
    outer loop
      vertex 141.749 90.8294 3
      vertex 141.96 90.7579 1.6
      vertex 141.749 90.8294 1.6
    endloop
  endfacet
  facet normal 0.751016 0.660284 0
    outer loop
      vertex 141.198 91.1979 3
      vertex 141.051 91.3651 1.6
      vertex 141.051 91.3651 3
    endloop
  endfacet
  facet normal 0.751016 0.660284 0
    outer loop
      vertex 141.051 91.3651 1.6
      vertex 141.198 91.1979 3
      vertex 141.198 91.1979 1.6
    endloop
  endfacet
  facet normal 0.443245 -0.8964 0
    outer loop
      vertex 141.55 93.8722 1.6
      vertex 141.749 93.9706 3
      vertex 141.55 93.8722 3
    endloop
  endfacet
  facet normal 0.443245 -0.8964 0
    outer loop
      vertex 141.749 93.9706 3
      vertex 141.55 93.8722 1.6
      vertex 141.749 93.9706 1.6
    endloop
  endfacet
  facet normal 0.0651764 0.997874 -0
    outer loop
      vertex 142.4 90.7 1.6
      vertex 142.178 90.7145 3
      vertex 142.4 90.7 3
    endloop
  endfacet
  facet normal 0.0651764 0.997874 0
    outer loop
      vertex 142.178 90.7145 3
      vertex 142.4 90.7 1.6
      vertex 142.178 90.7145 1.6
    endloop
  endfacet
  facet normal -0.895681 -0.444696 0
    outer loop
      vertex 143.971 93.0506 1.6
      vertex 143.872 93.25 3
      vertex 143.872 93.25 1.6
    endloop
  endfacet
  facet normal -0.895681 -0.444696 0
    outer loop
      vertex 143.872 93.25 3
      vertex 143.971 93.0506 1.6
      vertex 143.971 93.0506 3
    endloop
  endfacet
  facet normal -0.555219 -0.831704 0
    outer loop
      vertex 143.25 93.8722 1.6
      vertex 143.435 93.7487 3
      vertex 143.25 93.8722 3
    endloop
  endfacet
  facet normal -0.555219 -0.831704 -0
    outer loop
      vertex 143.435 93.7487 3
      vertex 143.25 93.8722 1.6
      vertex 143.435 93.7487 1.6
    endloop
  endfacet
  facet normal 0.981113 -0.193434 0
    outer loop
      vertex 140.715 92.6219 3
      vertex 140.758 92.84 1.6
      vertex 140.758 92.84 3
    endloop
  endfacet
  facet normal 0.981113 -0.193434 0
    outer loop
      vertex 140.758 92.84 1.6
      vertex 140.715 92.6219 3
      vertex 140.715 92.6219 1.6
    endloop
  endfacet
  facet normal -0.195251 0.980753 0
    outer loop
      vertex 142.84 90.7579 1.6
      vertex 142.622 90.7145 3
      vertex 142.84 90.7579 3
    endloop
  endfacet
  facet normal -0.195251 0.980753 0
    outer loop
      vertex 142.622 90.7145 3
      vertex 142.84 90.7579 1.6
      vertex 142.622 90.7145 1.6
    endloop
  endfacet
  facet normal -0.832604 0.553869 0
    outer loop
      vertex 143.749 91.3651 1.6
      vertex 143.872 91.55 3
      vertex 143.872 91.55 1.6
    endloop
  endfacet
  facet normal -0.832604 0.553869 0
    outer loop
      vertex 143.872 91.55 3
      vertex 143.749 91.3651 1.6
      vertex 143.749 91.3651 3
    endloop
  endfacet
  facet normal -0.997723 -0.0674441 0
    outer loop
      vertex 144.1 92.4 1.6
      vertex 144.085 92.6219 3
      vertex 144.085 92.6219 1.6
    endloop
  endfacet
  facet normal -0.997723 -0.0674441 0
    outer loop
      vertex 144.085 92.6219 3
      vertex 144.1 92.4 1.6
      vertex 144.1 92.4 3
    endloop
  endfacet
  facet normal -0.320937 0.947101 0
    outer loop
      vertex 143.051 90.8294 1.6
      vertex 142.84 90.7579 3
      vertex 143.051 90.8294 3
    endloop
  endfacet
  facet normal -0.320937 0.947101 0
    outer loop
      vertex 142.84 90.7579 3
      vertex 143.051 90.8294 1.6
      vertex 142.84 90.7579 1.6
    endloop
  endfacet
  facet normal -0.555219 0.831704 0
    outer loop
      vertex 143.435 91.0513 1.6
      vertex 143.25 90.9278 3
      vertex 143.435 91.0513 3
    endloop
  endfacet
  facet normal -0.555219 0.831704 0
    outer loop
      vertex 143.25 90.9278 3
      vertex 143.435 91.0513 1.6
      vertex 143.25 90.9278 1.6
    endloop
  endfacet
  facet normal 0.195251 0.980753 -0
    outer loop
      vertex 142.178 90.7145 1.6
      vertex 141.96 90.7579 3
      vertex 142.178 90.7145 3
    endloop
  endfacet
  facet normal 0.195251 0.980753 0
    outer loop
      vertex 141.96 90.7579 3
      vertex 142.178 90.7145 1.6
      vertex 141.96 90.7579 1.6
    endloop
  endfacet
  facet normal -0.659714 -0.751516 0
    outer loop
      vertex 143.435 93.7487 1.6
      vertex 143.602 93.6021 3
      vertex 143.435 93.7487 3
    endloop
  endfacet
  facet normal -0.659714 -0.751516 -0
    outer loop
      vertex 143.602 93.6021 3
      vertex 143.435 93.7487 1.6
      vertex 143.602 93.6021 1.6
    endloop
  endfacet
  facet normal 0.895681 0.444696 0
    outer loop
      vertex 140.928 91.55 3
      vertex 140.829 91.7494 1.6
      vertex 140.829 91.7494 3
    endloop
  endfacet
  facet normal 0.895681 0.444696 0
    outer loop
      vertex 140.829 91.7494 1.6
      vertex 140.928 91.55 3
      vertex 140.928 91.55 1.6
    endloop
  endfacet
  facet normal -0.981113 -0.193434 0
    outer loop
      vertex 144.085 92.6219 1.6
      vertex 144.042 92.84 3
      vertex 144.042 92.84 1.6
    endloop
  endfacet
  facet normal -0.981113 -0.193434 0
    outer loop
      vertex 144.042 92.84 3
      vertex 144.085 92.6219 1.6
      vertex 144.085 92.6219 3
    endloop
  endfacet
  facet normal -0.195251 -0.980753 0
    outer loop
      vertex 142.622 94.0855 1.6
      vertex 142.84 94.0421 3
      vertex 142.622 94.0855 3
    endloop
  endfacet
  facet normal -0.195251 -0.980753 -0
    outer loop
      vertex 142.84 94.0421 3
      vertex 142.622 94.0855 1.6
      vertex 142.84 94.0421 1.6
    endloop
  endfacet
  facet normal 0.659714 -0.751516 0
    outer loop
      vertex 141.198 93.6021 1.6
      vertex 141.365 93.7487 3
      vertex 141.198 93.6021 3
    endloop
  endfacet
  facet normal 0.659714 -0.751516 0
    outer loop
      vertex 141.365 93.7487 3
      vertex 141.198 93.6021 1.6
      vertex 141.365 93.7487 1.6
    endloop
  endfacet
  facet normal 0.751016 -0.660284 0
    outer loop
      vertex 141.051 93.4349 3
      vertex 141.198 93.6021 1.6
      vertex 141.198 93.6021 3
    endloop
  endfacet
  facet normal 0.751016 -0.660284 0
    outer loop
      vertex 141.198 93.6021 1.6
      vertex 141.051 93.4349 3
      vertex 141.051 93.4349 1.6
    endloop
  endfacet
  facet normal -0.0651764 0.997874 0
    outer loop
      vertex 142.622 90.7145 1.6
      vertex 142.4 90.7 3
      vertex 142.622 90.7145 3
    endloop
  endfacet
  facet normal -0.0651764 0.997874 0
    outer loop
      vertex 142.4 90.7 3
      vertex 142.622 90.7145 1.6
      vertex 142.4 90.7 1.6
    endloop
  endfacet
  facet normal -0.443245 0.8964 0
    outer loop
      vertex 143.25 90.9278 1.6
      vertex 143.051 90.8294 3
      vertex 143.25 90.9278 3
    endloop
  endfacet
  facet normal -0.443245 0.8964 0
    outer loop
      vertex 143.051 90.8294 3
      vertex 143.25 90.9278 1.6
      vertex 143.051 90.8294 1.6
    endloop
  endfacet
  facet normal -0.832604 -0.553869 0
    outer loop
      vertex 143.872 93.25 1.6
      vertex 143.749 93.4349 3
      vertex 143.749 93.4349 1.6
    endloop
  endfacet
  facet normal -0.832604 -0.553869 0
    outer loop
      vertex 143.749 93.4349 3
      vertex 143.872 93.25 1.6
      vertex 143.872 93.25 3
    endloop
  endfacet
  facet normal 0.997723 -0.0674441 0
    outer loop
      vertex 140.7 92.4 3
      vertex 140.715 92.6219 1.6
      vertex 140.715 92.6219 3
    endloop
  endfacet
  facet normal 0.997723 -0.0674441 0
    outer loop
      vertex 140.715 92.6219 1.6
      vertex 140.7 92.4 3
      vertex 140.7 92.4 1.6
    endloop
  endfacet
  facet normal -0.443245 -0.8964 0
    outer loop
      vertex 143.051 93.9706 1.6
      vertex 143.25 93.8722 3
      vertex 143.051 93.9706 3
    endloop
  endfacet
  facet normal -0.443245 -0.8964 -0
    outer loop
      vertex 143.25 93.8722 3
      vertex 143.051 93.9706 1.6
      vertex 143.25 93.8722 1.6
    endloop
  endfacet
  facet normal 0.981113 0.193434 0
    outer loop
      vertex 140.758 91.96 3
      vertex 140.715 92.1781 1.6
      vertex 140.715 92.1781 3
    endloop
  endfacet
  facet normal 0.981113 0.193434 0
    outer loop
      vertex 140.715 92.1781 1.6
      vertex 140.758 91.96 3
      vertex 140.758 91.96 1.6
    endloop
  endfacet
  facet normal 0.895681 -0.444696 0
    outer loop
      vertex 140.829 93.0506 3
      vertex 140.928 93.25 1.6
      vertex 140.928 93.25 3
    endloop
  endfacet
  facet normal 0.895681 -0.444696 0
    outer loop
      vertex 140.928 93.25 1.6
      vertex 140.829 93.0506 3
      vertex 140.829 93.0506 1.6
    endloop
  endfacet
  facet normal 0.947598 0.319466 0
    outer loop
      vertex 140.829 91.7494 3
      vertex 140.758 91.96 1.6
      vertex 140.758 91.96 3
    endloop
  endfacet
  facet normal 0.947598 0.319466 0
    outer loop
      vertex 140.758 91.96 1.6
      vertex 140.829 91.7494 3
      vertex 140.829 91.7494 1.6
    endloop
  endfacet
  facet normal -0.895681 0.444696 0
    outer loop
      vertex 143.872 91.55 1.6
      vertex 143.971 91.7494 3
      vertex 143.971 91.7494 1.6
    endloop
  endfacet
  facet normal -0.895681 0.444696 0
    outer loop
      vertex 143.971 91.7494 3
      vertex 143.872 91.55 1.6
      vertex 143.872 91.55 3
    endloop
  endfacet
  facet normal -0.947598 0.319466 0
    outer loop
      vertex 143.971 91.7494 1.6
      vertex 144.042 91.96 3
      vertex 144.042 91.96 1.6
    endloop
  endfacet
  facet normal -0.947598 0.319466 0
    outer loop
      vertex 144.042 91.96 3
      vertex 143.971 91.7494 1.6
      vertex 143.971 91.7494 3
    endloop
  endfacet
  facet normal 0.997723 0.0674441 0
    outer loop
      vertex 140.715 92.1781 3
      vertex 140.7 92.4 1.6
      vertex 140.7 92.4 3
    endloop
  endfacet
  facet normal 0.997723 0.0674441 0
    outer loop
      vertex 140.7 92.4 1.6
      vertex 140.715 92.1781 3
      vertex 140.715 92.1781 1.6
    endloop
  endfacet
  facet normal 0.320937 -0.947101 0
    outer loop
      vertex 141.749 93.9706 1.6
      vertex 141.96 94.0421 3
      vertex 141.749 93.9706 3
    endloop
  endfacet
  facet normal 0.320937 -0.947101 0
    outer loop
      vertex 141.96 94.0421 3
      vertex 141.749 93.9706 1.6
      vertex 141.96 94.0421 1.6
    endloop
  endfacet
  facet normal 0.443245 0.8964 -0
    outer loop
      vertex 141.749 90.8294 1.6
      vertex 141.55 90.9278 3
      vertex 141.749 90.8294 3
    endloop
  endfacet
  facet normal 0.443245 0.8964 0
    outer loop
      vertex 141.55 90.9278 3
      vertex 141.749 90.8294 1.6
      vertex 141.55 90.9278 1.6
    endloop
  endfacet
  facet normal 0.555219 0.831704 -0
    outer loop
      vertex 141.55 90.9278 1.6
      vertex 141.365 91.0513 3
      vertex 141.55 90.9278 3
    endloop
  endfacet
  facet normal 0.555219 0.831704 0
    outer loop
      vertex 141.365 91.0513 3
      vertex 141.55 90.9278 1.6
      vertex 141.365 91.0513 1.6
    endloop
  endfacet
  facet normal 0.832604 0.553869 0
    outer loop
      vertex 141.051 91.3651 3
      vertex 140.928 91.55 1.6
      vertex 140.928 91.55 3
    endloop
  endfacet
  facet normal 0.832604 0.553869 0
    outer loop
      vertex 140.928 91.55 1.6
      vertex 141.051 91.3651 3
      vertex 141.051 91.3651 1.6
    endloop
  endfacet
  facet normal 0.555219 -0.831704 0
    outer loop
      vertex 141.365 93.7487 1.6
      vertex 141.55 93.8722 3
      vertex 141.365 93.7487 3
    endloop
  endfacet
  facet normal 0.555219 -0.831704 0
    outer loop
      vertex 141.55 93.8722 3
      vertex 141.365 93.7487 1.6
      vertex 141.55 93.8722 1.6
    endloop
  endfacet
  facet normal -0.441882 -0.897073 0
    outer loop
      vertex 143.586 95.264 0
      vertex 143.95 95.0847 1.6
      vertex 143.586 95.264 1.6
    endloop
  endfacet
  facet normal -0.441882 -0.897073 -0
    outer loop
      vertex 143.95 95.0847 1.6
      vertex 143.586 95.264 0
      vertex 143.95 95.0847 0
    endloop
  endfacet
  facet normal -0.980836 0.194835 0
    outer loop
      vertex 145.394 91.5977 0
      vertex 145.473 91.9954 1.6
      vertex 145.473 91.9954 0
    endloop
  endfacet
  facet normal -0.980836 0.194835 0
    outer loop
      vertex 145.473 91.9954 1.6
      vertex 145.394 91.5977 0
      vertex 145.394 91.5977 1.6
    endloop
  endfacet
  facet normal -0.997781 0.0665845 0
    outer loop
      vertex 145.473 91.9954 0
      vertex 145.5 92.4 1.6
      vertex 145.5 92.4 0
    endloop
  endfacet
  facet normal -0.997781 0.0665845 0
    outer loop
      vertex 145.5 92.4 1.6
      vertex 145.473 91.9954 0
      vertex 145.473 91.9954 1.6
    endloop
  endfacet
  facet normal -0.947193 0.320664 0
    outer loop
      vertex 145.264 91.2137 0
      vertex 145.394 91.5977 1.6
      vertex 145.394 91.5977 0
    endloop
  endfacet
  facet normal -0.947193 0.320664 0
    outer loop
      vertex 145.394 91.5977 1.6
      vertex 145.264 91.2137 0
      vertex 145.264 91.2137 1.6
    endloop
  endfacet
  facet normal -0.75221 -0.658924 0
    outer loop
      vertex 144.859 94.2872 0
      vertex 144.592 94.592 1.6
      vertex 144.592 94.592 0
    endloop
  endfacet
  facet normal -0.75221 -0.658924 0
    outer loop
      vertex 144.592 94.592 1.6
      vertex 144.859 94.2872 0
      vertex 144.859 94.2872 1.6
    endloop
  endfacet
  facet normal -0.321549 0.946893 0
    outer loop
      vertex 143.586 89.536 0
      vertex 143.202 89.4056 1.6
      vertex 143.586 89.536 1.6
    endloop
  endfacet
  facet normal -0.321549 0.946893 0
    outer loop
      vertex 143.202 89.4056 1.6
      vertex 143.586 89.536 0
      vertex 143.202 89.4056 0
    endloop
  endfacet
  facet normal -0.555781 0.831329 0
    outer loop
      vertex 144.287 89.9406 0
      vertex 143.95 89.7153 1.6
      vertex 144.287 89.9406 1.6
    endloop
  endfacet
  facet normal -0.555781 0.831329 0
    outer loop
      vertex 143.95 89.7153 1.6
      vertex 144.287 89.9406 0
      vertex 143.95 89.7153 0
    endloop
  endfacet
  facet normal -0.897222 -0.44158 0
    outer loop
      vertex 145.264 93.5863 0
      vertex 145.085 93.95 1.6
      vertex 145.085 93.95 0
    endloop
  endfacet
  facet normal -0.897222 -0.44158 0
    outer loop
      vertex 145.085 93.95 1.6
      vertex 145.264 93.5863 0
      vertex 145.264 93.5863 1.6
    endloop
  endfacet
  facet normal -0.321549 -0.946893 0
    outer loop
      vertex 143.202 95.3944 0
      vertex 143.586 95.264 1.6
      vertex 143.202 95.3944 1.6
    endloop
  endfacet
  facet normal -0.321549 -0.946893 -0
    outer loop
      vertex 143.586 95.264 1.6
      vertex 143.202 95.3944 0
      vertex 143.586 95.264 0
    endloop
  endfacet
  facet normal -0.897222 0.44158 0
    outer loop
      vertex 145.085 90.85 0
      vertex 145.264 91.2137 1.6
      vertex 145.264 91.2137 0
    endloop
  endfacet
  facet normal -0.897222 0.44158 0
    outer loop
      vertex 145.264 91.2137 1.6
      vertex 145.085 90.85 0
      vertex 145.085 90.85 1.6
    endloop
  endfacet
  facet normal 0.195403 0.980723 -0
    outer loop
      vertex 141.995 89.3265 0
      vertex 141.598 89.4056 1.6
      vertex 141.995 89.3265 1.6
    endloop
  endfacet
  facet normal 0.195403 0.980723 0
    outer loop
      vertex 141.598 89.4056 1.6
      vertex 141.995 89.3265 0
      vertex 141.598 89.4056 0
    endloop
  endfacet
  facet normal 0.0652925 -0.997866 0
    outer loop
      vertex 141.995 95.4735 0
      vertex 142.4 95.5 1.6
      vertex 141.995 95.4735 1.6
    endloop
  endfacet
  facet normal 0.0652925 -0.997866 0
    outer loop
      vertex 142.4 95.5 1.6
      vertex 141.995 95.4735 0
      vertex 142.4 95.5 0
    endloop
  endfacet
  facet normal 0.555781 0.831329 -0
    outer loop
      vertex 140.85 89.7153 0
      vertex 140.513 89.9406 1.6
      vertex 140.85 89.7153 1.6
    endloop
  endfacet
  facet normal 0.555781 0.831329 0
    outer loop
      vertex 140.513 89.9406 1.6
      vertex 140.85 89.7153 0
      vertex 140.513 89.9406 0
    endloop
  endfacet
  facet normal 0.321549 -0.946893 0
    outer loop
      vertex 141.214 95.264 0
      vertex 141.598 95.3944 1.6
      vertex 141.214 95.264 1.6
    endloop
  endfacet
  facet normal 0.321549 -0.946893 0
    outer loop
      vertex 141.598 95.3944 1.6
      vertex 141.214 95.264 0
      vertex 141.598 95.3944 0
    endloop
  endfacet
  facet normal -0.947193 -0.320664 0
    outer loop
      vertex 145.394 93.2023 0
      vertex 145.264 93.5863 1.6
      vertex 145.264 93.5863 0
    endloop
  endfacet
  facet normal -0.947193 -0.320664 0
    outer loop
      vertex 145.264 93.5863 1.6
      vertex 145.394 93.2023 0
      vertex 145.394 93.2023 1.6
    endloop
  endfacet
  facet normal 0.830683 -0.556745 0
    outer loop
      vertex 139.715 93.95 1.6
      vertex 139.941 94.2872 0
      vertex 139.941 94.2872 1.6
    endloop
  endfacet
  facet normal 0.830683 -0.556745 0
    outer loop
      vertex 139.941 94.2872 0
      vertex 139.715 93.95 1.6
      vertex 139.715 93.95 0
    endloop
  endfacet
  facet normal 0.659237 -0.751935 0
    outer loop
      vertex 140.208 94.592 0
      vertex 140.513 94.8594 1.6
      vertex 140.208 94.592 1.6
    endloop
  endfacet
  facet normal 0.659237 -0.751935 0
    outer loop
      vertex 140.513 94.8594 1.6
      vertex 140.208 94.592 0
      vertex 140.513 94.8594 0
    endloop
  endfacet
  facet normal 0.659237 0.751935 -0
    outer loop
      vertex 140.513 89.9406 0
      vertex 140.208 90.208 1.6
      vertex 140.513 89.9406 1.6
    endloop
  endfacet
  facet normal 0.659237 0.751935 0
    outer loop
      vertex 140.208 90.208 1.6
      vertex 140.513 89.9406 0
      vertex 140.208 90.208 0
    endloop
  endfacet
  facet normal 0.947193 0.320664 0
    outer loop
      vertex 139.536 91.2137 1.6
      vertex 139.406 91.5977 0
      vertex 139.406 91.5977 1.6
    endloop
  endfacet
  facet normal 0.947193 0.320664 0
    outer loop
      vertex 139.406 91.5977 0
      vertex 139.536 91.2137 1.6
      vertex 139.536 91.2137 0
    endloop
  endfacet
  facet normal 0.441882 0.897073 -0
    outer loop
      vertex 141.214 89.536 0
      vertex 140.85 89.7153 1.6
      vertex 141.214 89.536 1.6
    endloop
  endfacet
  facet normal 0.441882 0.897073 0
    outer loop
      vertex 140.85 89.7153 1.6
      vertex 141.214 89.536 0
      vertex 140.85 89.7153 0
    endloop
  endfacet
  facet normal 0.980836 0.194835 0
    outer loop
      vertex 139.406 91.5977 1.6
      vertex 139.327 91.9954 0
      vertex 139.327 91.9954 1.6
    endloop
  endfacet
  facet normal 0.980836 0.194835 0
    outer loop
      vertex 139.327 91.9954 0
      vertex 139.406 91.5977 1.6
      vertex 139.406 91.5977 0
    endloop
  endfacet
  facet normal 0.321549 0.946893 -0
    outer loop
      vertex 141.598 89.4056 0
      vertex 141.214 89.536 1.6
      vertex 141.598 89.4056 1.6
    endloop
  endfacet
  facet normal 0.321549 0.946893 0
    outer loop
      vertex 141.214 89.536 1.6
      vertex 141.598 89.4056 0
      vertex 141.214 89.536 0
    endloop
  endfacet
  facet normal -0.659237 -0.751935 0
    outer loop
      vertex 144.287 94.8594 0
      vertex 144.592 94.592 1.6
      vertex 144.287 94.8594 1.6
    endloop
  endfacet
  facet normal -0.659237 -0.751935 -0
    outer loop
      vertex 144.592 94.592 1.6
      vertex 144.287 94.8594 0
      vertex 144.592 94.592 0
    endloop
  endfacet
  facet normal -0.0652925 0.997866 0
    outer loop
      vertex 142.805 89.3265 0
      vertex 142.4 89.3 1.6
      vertex 142.805 89.3265 1.6
    endloop
  endfacet
  facet normal -0.0652925 0.997866 0
    outer loop
      vertex 142.4 89.3 1.6
      vertex 142.805 89.3265 0
      vertex 142.4 89.3 0
    endloop
  endfacet
  facet normal -0.830683 0.556745 0
    outer loop
      vertex 144.859 90.5128 0
      vertex 145.085 90.85 1.6
      vertex 145.085 90.85 0
    endloop
  endfacet
  facet normal -0.830683 0.556745 0
    outer loop
      vertex 145.085 90.85 1.6
      vertex 144.859 90.5128 0
      vertex 144.859 90.5128 1.6
    endloop
  endfacet
  facet normal -0.195403 -0.980723 0
    outer loop
      vertex 142.805 95.4735 0
      vertex 143.202 95.3944 1.6
      vertex 142.805 95.4735 1.6
    endloop
  endfacet
  facet normal -0.195403 -0.980723 -0
    outer loop
      vertex 143.202 95.3944 1.6
      vertex 142.805 95.4735 0
      vertex 143.202 95.3944 0
    endloop
  endfacet
  facet normal 0.980836 -0.194835 0
    outer loop
      vertex 139.327 92.8046 1.6
      vertex 139.406 93.2023 0
      vertex 139.406 93.2023 1.6
    endloop
  endfacet
  facet normal 0.980836 -0.194835 0
    outer loop
      vertex 139.406 93.2023 0
      vertex 139.327 92.8046 1.6
      vertex 139.327 92.8046 0
    endloop
  endfacet
  facet normal 0.75221 0.658924 0
    outer loop
      vertex 140.208 90.208 1.6
      vertex 139.941 90.5128 0
      vertex 139.941 90.5128 1.6
    endloop
  endfacet
  facet normal 0.75221 0.658924 0
    outer loop
      vertex 139.941 90.5128 0
      vertex 140.208 90.208 1.6
      vertex 140.208 90.208 0
    endloop
  endfacet
  facet normal -0.659237 0.751935 0
    outer loop
      vertex 144.592 90.208 0
      vertex 144.287 89.9406 1.6
      vertex 144.592 90.208 1.6
    endloop
  endfacet
  facet normal -0.659237 0.751935 0
    outer loop
      vertex 144.287 89.9406 1.6
      vertex 144.592 90.208 0
      vertex 144.287 89.9406 0
    endloop
  endfacet
  facet normal -0.997781 -0.0665845 0
    outer loop
      vertex 145.5 92.4 0
      vertex 145.473 92.8046 1.6
      vertex 145.473 92.8046 0
    endloop
  endfacet
  facet normal -0.997781 -0.0665845 0
    outer loop
      vertex 145.473 92.8046 1.6
      vertex 145.5 92.4 0
      vertex 145.5 92.4 1.6
    endloop
  endfacet
  facet normal -0.980836 -0.194835 0
    outer loop
      vertex 145.473 92.8046 0
      vertex 145.394 93.2023 1.6
      vertex 145.394 93.2023 0
    endloop
  endfacet
  facet normal -0.980836 -0.194835 0
    outer loop
      vertex 145.394 93.2023 1.6
      vertex 145.473 92.8046 0
      vertex 145.473 92.8046 1.6
    endloop
  endfacet
  facet normal -0.555781 -0.831329 0
    outer loop
      vertex 143.95 95.0847 0
      vertex 144.287 94.8594 1.6
      vertex 143.95 95.0847 1.6
    endloop
  endfacet
  facet normal -0.555781 -0.831329 -0
    outer loop
      vertex 144.287 94.8594 1.6
      vertex 143.95 95.0847 0
      vertex 144.287 94.8594 0
    endloop
  endfacet
  facet normal -0.195403 0.980723 0
    outer loop
      vertex 143.202 89.4056 0
      vertex 142.805 89.3265 1.6
      vertex 143.202 89.4056 1.6
    endloop
  endfacet
  facet normal -0.195403 0.980723 0
    outer loop
      vertex 142.805 89.3265 1.6
      vertex 143.202 89.4056 0
      vertex 142.805 89.3265 0
    endloop
  endfacet
  facet normal -0.75221 0.658924 0
    outer loop
      vertex 144.592 90.208 0
      vertex 144.859 90.5128 1.6
      vertex 144.859 90.5128 0
    endloop
  endfacet
  facet normal -0.75221 0.658924 0
    outer loop
      vertex 144.859 90.5128 1.6
      vertex 144.592 90.208 0
      vertex 144.592 90.208 1.6
    endloop
  endfacet
  facet normal -0.441882 0.897073 0
    outer loop
      vertex 143.95 89.7153 0
      vertex 143.586 89.536 1.6
      vertex 143.95 89.7153 1.6
    endloop
  endfacet
  facet normal -0.441882 0.897073 0
    outer loop
      vertex 143.586 89.536 1.6
      vertex 143.95 89.7153 0
      vertex 143.586 89.536 0
    endloop
  endfacet
  facet normal 0.997781 -0.0665845 0
    outer loop
      vertex 139.3 92.4 1.6
      vertex 139.327 92.8046 0
      vertex 139.327 92.8046 1.6
    endloop
  endfacet
  facet normal 0.997781 -0.0665845 0
    outer loop
      vertex 139.327 92.8046 0
      vertex 139.3 92.4 1.6
      vertex 139.3 92.4 0
    endloop
  endfacet
  facet normal -0.830683 -0.556745 0
    outer loop
      vertex 145.085 93.95 0
      vertex 144.859 94.2872 1.6
      vertex 144.859 94.2872 0
    endloop
  endfacet
  facet normal -0.830683 -0.556745 0
    outer loop
      vertex 144.859 94.2872 1.6
      vertex 145.085 93.95 0
      vertex 145.085 93.95 1.6
    endloop
  endfacet
  facet normal 0.75221 -0.658924 0
    outer loop
      vertex 139.941 94.2872 1.6
      vertex 140.208 94.592 0
      vertex 140.208 94.592 1.6
    endloop
  endfacet
  facet normal 0.75221 -0.658924 0
    outer loop
      vertex 140.208 94.592 0
      vertex 139.941 94.2872 1.6
      vertex 139.941 94.2872 0
    endloop
  endfacet
  facet normal 0.997781 0.0665845 0
    outer loop
      vertex 139.327 91.9954 1.6
      vertex 139.3 92.4 0
      vertex 139.3 92.4 1.6
    endloop
  endfacet
  facet normal 0.997781 0.0665845 0
    outer loop
      vertex 139.3 92.4 0
      vertex 139.327 91.9954 1.6
      vertex 139.327 91.9954 0
    endloop
  endfacet
  facet normal 0.441882 -0.897073 0
    outer loop
      vertex 140.85 95.0847 0
      vertex 141.214 95.264 1.6
      vertex 140.85 95.0847 1.6
    endloop
  endfacet
  facet normal 0.441882 -0.897073 0
    outer loop
      vertex 141.214 95.264 1.6
      vertex 140.85 95.0847 0
      vertex 141.214 95.264 0
    endloop
  endfacet
  facet normal 0.947193 -0.320664 0
    outer loop
      vertex 139.406 93.2023 1.6
      vertex 139.536 93.5863 0
      vertex 139.536 93.5863 1.6
    endloop
  endfacet
  facet normal 0.947193 -0.320664 0
    outer loop
      vertex 139.536 93.5863 0
      vertex 139.406 93.2023 1.6
      vertex 139.406 93.2023 0
    endloop
  endfacet
  facet normal 0.195403 -0.980723 0
    outer loop
      vertex 141.598 95.3944 0
      vertex 141.995 95.4735 1.6
      vertex 141.598 95.3944 1.6
    endloop
  endfacet
  facet normal 0.195403 -0.980723 0
    outer loop
      vertex 141.995 95.4735 1.6
      vertex 141.598 95.3944 0
      vertex 141.995 95.4735 0
    endloop
  endfacet
  facet normal -0.0652925 -0.997866 0
    outer loop
      vertex 142.4 95.5 0
      vertex 142.805 95.4735 1.6
      vertex 142.4 95.5 1.6
    endloop
  endfacet
  facet normal -0.0652925 -0.997866 -0
    outer loop
      vertex 142.805 95.4735 1.6
      vertex 142.4 95.5 0
      vertex 142.805 95.4735 0
    endloop
  endfacet
  facet normal 0.0652925 0.997866 -0
    outer loop
      vertex 142.4 89.3 0
      vertex 141.995 89.3265 1.6
      vertex 142.4 89.3 1.6
    endloop
  endfacet
  facet normal 0.0652925 0.997866 0
    outer loop
      vertex 141.995 89.3265 1.6
      vertex 142.4 89.3 0
      vertex 141.995 89.3265 0
    endloop
  endfacet
  facet normal 0 0 -1
    outer loop
      vertex 144.1 92.4 1.6
      vertex 145.5 92.4 1.6
      vertex 145.473 91.9954 1.6
    endloop
  endfacet
  facet normal 0 0 -1
    outer loop
      vertex 144.085 92.1781 1.6
      vertex 145.473 91.9954 1.6
      vertex 145.394 91.5977 1.6
    endloop
  endfacet
  facet normal 0 0 -1
    outer loop
      vertex 145.5 92.4 1.6
      vertex 144.1 92.4 1.6
      vertex 145.473 92.8046 1.6
    endloop
  endfacet
  facet normal 0 0 -1
    outer loop
      vertex 144.042 91.96 1.6
      vertex 145.394 91.5977 1.6
      vertex 145.264 91.2137 1.6
    endloop
  endfacet
  facet normal 0 0 -1
    outer loop
      vertex 144.085 92.6219 1.6
      vertex 145.473 92.8046 1.6
      vertex 144.1 92.4 1.6
    endloop
  endfacet
  facet normal 0 0 -1
    outer loop
      vertex 143.971 91.7494 1.6
      vertex 145.264 91.2137 1.6
      vertex 145.085 90.85 1.6
    endloop
  endfacet
  facet normal -0 0 -1
    outer loop
      vertex 145.473 92.8046 1.6
      vertex 144.085 92.6219 1.6
      vertex 145.394 93.2023 1.6
    endloop
  endfacet
  facet normal 0 0 -1
    outer loop
      vertex 143.872 91.55 1.6
      vertex 145.085 90.85 1.6
      vertex 144.859 90.5128 1.6
    endloop
  endfacet
  facet normal 0 0 -1
    outer loop
      vertex 144.042 92.84 1.6
      vertex 145.394 93.2023 1.6
      vertex 144.085 92.6219 1.6
    endloop
  endfacet
  facet normal 0 0 -1
    outer loop
      vertex 143.749 91.3651 1.6
      vertex 144.859 90.5128 1.6
      vertex 144.592 90.208 1.6
    endloop
  endfacet
  facet normal -0 0 -1
    outer loop
      vertex 145.394 93.2023 1.6
      vertex 144.042 92.84 1.6
      vertex 145.264 93.5863 1.6
    endloop
  endfacet
  facet normal 0 0 -1
    outer loop
      vertex 143.602 91.1979 1.6
      vertex 144.592 90.208 1.6
      vertex 144.287 89.9406 1.6
    endloop
  endfacet
  facet normal 0 0 -1
    outer loop
      vertex 143.971 93.0506 1.6
      vertex 145.264 93.5863 1.6
      vertex 144.042 92.84 1.6
    endloop
  endfacet
  facet normal -0 0 -1
    outer loop
      vertex 145.264 93.5863 1.6
      vertex 143.971 93.0506 1.6
      vertex 145.085 93.95 1.6
    endloop
  endfacet
  facet normal 0 0 -1
    outer loop
      vertex 145.473 91.9954 1.6
      vertex 144.085 92.1781 1.6
      vertex 144.1 92.4 1.6
    endloop
  endfacet
  facet normal 0 0 -1
    outer loop
      vertex 145.394 91.5977 1.6
      vertex 144.042 91.96 1.6
      vertex 144.085 92.1781 1.6
    endloop
  endfacet
  facet normal 0 0 -1
    outer loop
      vertex 145.264 91.2137 1.6
      vertex 143.971 91.7494 1.6
      vertex 144.042 91.96 1.6
    endloop
  endfacet
  facet normal 0 0 -1
    outer loop
      vertex 143.435 91.0513 1.6
      vertex 144.287 89.9406 1.6
      vertex 143.95 89.7153 1.6
    endloop
  endfacet
  facet normal 0 0 -1
    outer loop
      vertex 145.085 90.85 1.6
      vertex 143.872 91.55 1.6
      vertex 143.971 91.7494 1.6
    endloop
  endfacet
  facet normal 0 0 -1
    outer loop
      vertex 144.859 90.5128 1.6
      vertex 143.749 91.3651 1.6
      vertex 143.872 91.55 1.6
    endloop
  endfacet
  facet normal 0 0 -1
    outer loop
      vertex 144.592 90.208 1.6
      vertex 143.602 91.1979 1.6
      vertex 143.749 91.3651 1.6
    endloop
  endfacet
  facet normal 0 0 -1
    outer loop
      vertex 143.25 90.9278 1.6
      vertex 143.95 89.7153 1.6
      vertex 143.586 89.536 1.6
    endloop
  endfacet
  facet normal 0 0 -1
    outer loop
      vertex 144.287 89.9406 1.6
      vertex 143.435 91.0513 1.6
      vertex 143.602 91.1979 1.6
    endloop
  endfacet
  facet normal 0 0 -1
    outer loop
      vertex 143.95 89.7153 1.6
      vertex 143.25 90.9278 1.6
      vertex 143.435 91.0513 1.6
    endloop
  endfacet
  facet normal 0 0 -1
    outer loop
      vertex 143.051 90.8294 1.6
      vertex 143.586 89.536 1.6
      vertex 143.202 89.4056 1.6
    endloop
  endfacet
  facet normal 0 0 -1
    outer loop
      vertex 143.586 89.536 1.6
      vertex 143.051 90.8294 1.6
      vertex 143.25 90.9278 1.6
    endloop
  endfacet
  facet normal 0 0 -1
    outer loop
      vertex 143.202 89.4056 1.6
      vertex 142.84 90.7579 1.6
      vertex 143.051 90.8294 1.6
    endloop
  endfacet
  facet normal 0 0 -1
    outer loop
      vertex 142.805 89.3265 1.6
      vertex 142.84 90.7579 1.6
      vertex 143.202 89.4056 1.6
    endloop
  endfacet
  facet normal 0 0 -1
    outer loop
      vertex 142.805 89.3265 1.6
      vertex 142.622 90.7145 1.6
      vertex 142.84 90.7579 1.6
    endloop
  endfacet
  facet normal 0 0 -1
    outer loop
      vertex 142.4 89.3 1.6
      vertex 142.622 90.7145 1.6
      vertex 142.805 89.3265 1.6
    endloop
  endfacet
  facet normal 0 0 -1
    outer loop
      vertex 142.4 89.3 1.6
      vertex 142.4 90.7 1.6
      vertex 142.622 90.7145 1.6
    endloop
  endfacet
  facet normal 0 0 -1
    outer loop
      vertex 142.4 89.3 1.6
      vertex 142.178 90.7145 1.6
      vertex 142.4 90.7 1.6
    endloop
  endfacet
  facet normal 0 0 -1
    outer loop
      vertex 141.995 89.3265 1.6
      vertex 142.178 90.7145 1.6
      vertex 142.4 89.3 1.6
    endloop
  endfacet
  facet normal 0 0 -1
    outer loop
      vertex 141.995 89.3265 1.6
      vertex 141.96 90.7579 1.6
      vertex 142.178 90.7145 1.6
    endloop
  endfacet
  facet normal 0 0 -1
    outer loop
      vertex 141.598 89.4056 1.6
      vertex 141.96 90.7579 1.6
      vertex 141.995 89.3265 1.6
    endloop
  endfacet
  facet normal -0 0 -1
    outer loop
      vertex 141.96 90.7579 1.6
      vertex 141.598 89.4056 1.6
      vertex 141.749 90.8294 1.6
    endloop
  endfacet
  facet normal 0 0 -1
    outer loop
      vertex 141.214 89.536 1.6
      vertex 141.749 90.8294 1.6
      vertex 141.598 89.4056 1.6
    endloop
  endfacet
  facet normal -0 0 -1
    outer loop
      vertex 141.749 90.8294 1.6
      vertex 141.214 89.536 1.6
      vertex 141.55 90.9278 1.6
    endloop
  endfacet
  facet normal 0 0 -1
    outer loop
      vertex 140.85 89.7153 1.6
      vertex 141.55 90.9278 1.6
      vertex 141.214 89.536 1.6
    endloop
  endfacet
  facet normal -0 0 -1
    outer loop
      vertex 141.55 90.9278 1.6
      vertex 140.85 89.7153 1.6
      vertex 141.365 91.0513 1.6
    endloop
  endfacet
  facet normal 0 0 -1
    outer loop
      vertex 140.513 89.9406 1.6
      vertex 141.365 91.0513 1.6
      vertex 140.85 89.7153 1.6
    endloop
  endfacet
  facet normal -0 0 -1
    outer loop
      vertex 141.365 91.0513 1.6
      vertex 140.513 89.9406 1.6
      vertex 141.198 91.1979 1.6
    endloop
  endfacet
  facet normal 0 0 -1
    outer loop
      vertex 140.208 90.208 1.6
      vertex 141.198 91.1979 1.6
      vertex 140.513 89.9406 1.6
    endloop
  endfacet
  facet normal -0 0 -1
    outer loop
      vertex 141.198 91.1979 1.6
      vertex 140.208 90.208 1.6
      vertex 141.051 91.3651 1.6
    endloop
  endfacet
  facet normal 0 0 -1
    outer loop
      vertex 139.941 90.5128 1.6
      vertex 141.051 91.3651 1.6
      vertex 140.208 90.208 1.6
    endloop
  endfacet
  facet normal -0 0 -1
    outer loop
      vertex 141.051 91.3651 1.6
      vertex 139.941 90.5128 1.6
      vertex 140.928 91.55 1.6
    endloop
  endfacet
  facet normal 0 0 -1
    outer loop
      vertex 139.715 90.85 1.6
      vertex 140.928 91.55 1.6
      vertex 139.941 90.5128 1.6
    endloop
  endfacet
  facet normal -0 0 -1
    outer loop
      vertex 140.928 91.55 1.6
      vertex 139.715 90.85 1.6
      vertex 140.829 91.7494 1.6
    endloop
  endfacet
  facet normal 0 0 -1
    outer loop
      vertex 143.872 93.25 1.6
      vertex 145.085 93.95 1.6
      vertex 143.971 93.0506 1.6
    endloop
  endfacet
  facet normal -0 0 -1
    outer loop
      vertex 145.085 93.95 1.6
      vertex 143.872 93.25 1.6
      vertex 144.859 94.2872 1.6
    endloop
  endfacet
  facet normal 0 0 -1
    outer loop
      vertex 143.749 93.4349 1.6
      vertex 144.859 94.2872 1.6
      vertex 143.872 93.25 1.6
    endloop
  endfacet
  facet normal -0 0 -1
    outer loop
      vertex 144.859 94.2872 1.6
      vertex 143.749 93.4349 1.6
      vertex 144.592 94.592 1.6
    endloop
  endfacet
  facet normal 0 0 -1
    outer loop
      vertex 143.602 93.6021 1.6
      vertex 144.592 94.592 1.6
      vertex 143.749 93.4349 1.6
    endloop
  endfacet
  facet normal -0 0 -1
    outer loop
      vertex 144.592 94.592 1.6
      vertex 143.602 93.6021 1.6
      vertex 144.287 94.8594 1.6
    endloop
  endfacet
  facet normal 0 0 -1
    outer loop
      vertex 143.435 93.7487 1.6
      vertex 144.287 94.8594 1.6
      vertex 143.602 93.6021 1.6
    endloop
  endfacet
  facet normal -0 0 -1
    outer loop
      vertex 144.287 94.8594 1.6
      vertex 143.435 93.7487 1.6
      vertex 143.95 95.0847 1.6
    endloop
  endfacet
  facet normal 0 0 -1
    outer loop
      vertex 143.25 93.8722 1.6
      vertex 143.95 95.0847 1.6
      vertex 143.435 93.7487 1.6
    endloop
  endfacet
  facet normal -0 0 -1
    outer loop
      vertex 143.95 95.0847 1.6
      vertex 143.25 93.8722 1.6
      vertex 143.586 95.264 1.6
    endloop
  endfacet
  facet normal 0 0 -1
    outer loop
      vertex 143.051 93.9706 1.6
      vertex 143.586 95.264 1.6
      vertex 143.25 93.8722 1.6
    endloop
  endfacet
  facet normal -0 0 -1
    outer loop
      vertex 143.586 95.264 1.6
      vertex 143.051 93.9706 1.6
      vertex 143.202 95.3944 1.6
    endloop
  endfacet
  facet normal 0 0 -1
    outer loop
      vertex 142.84 94.0421 1.6
      vertex 143.202 95.3944 1.6
      vertex 143.051 93.9706 1.6
    endloop
  endfacet
  facet normal 0 0 -1
    outer loop
      vertex 142.84 94.0421 1.6
      vertex 142.805 95.4735 1.6
      vertex 143.202 95.3944 1.6
    endloop
  endfacet
  facet normal 0 0 -1
    outer loop
      vertex 142.622 94.0855 1.6
      vertex 142.805 95.4735 1.6
      vertex 142.84 94.0421 1.6
    endloop
  endfacet
  facet normal 0 0 -1
    outer loop
      vertex 142.4 94.1 1.6
      vertex 142.805 95.4735 1.6
      vertex 142.622 94.0855 1.6
    endloop
  endfacet
  facet normal 0 0 -1
    outer loop
      vertex 142.4 94.1 1.6
      vertex 142.4 95.5 1.6
      vertex 142.805 95.4735 1.6
    endloop
  endfacet
  facet normal 0 0 -1
    outer loop
      vertex 142.178 94.0855 1.6
      vertex 142.4 95.5 1.6
      vertex 142.4 94.1 1.6
    endloop
  endfacet
  facet normal 0 0 -1
    outer loop
      vertex 142.178 94.0855 1.6
      vertex 141.995 95.4735 1.6
      vertex 142.4 95.5 1.6
    endloop
  endfacet
  facet normal 0 0 -1
    outer loop
      vertex 141.96 94.0421 1.6
      vertex 141.995 95.4735 1.6
      vertex 142.178 94.0855 1.6
    endloop
  endfacet
  facet normal 0 0 -1
    outer loop
      vertex 141.598 95.3944 1.6
      vertex 141.96 94.0421 1.6
      vertex 141.749 93.9706 1.6
    endloop
  endfacet
  facet normal 0 0 -1
    outer loop
      vertex 141.96 94.0421 1.6
      vertex 141.598 95.3944 1.6
      vertex 141.995 95.4735 1.6
    endloop
  endfacet
  facet normal 0 0 -1
    outer loop
      vertex 141.214 95.264 1.6
      vertex 141.749 93.9706 1.6
      vertex 141.55 93.8722 1.6
    endloop
  endfacet
  facet normal 0 0 -1
    outer loop
      vertex 140.85 95.0847 1.6
      vertex 141.55 93.8722 1.6
      vertex 141.365 93.7487 1.6
    endloop
  endfacet
  facet normal 0 0 -1
    outer loop
      vertex 141.749 93.9706 1.6
      vertex 141.214 95.264 1.6
      vertex 141.598 95.3944 1.6
    endloop
  endfacet
  facet normal 0 0 -1
    outer loop
      vertex 140.513 94.8594 1.6
      vertex 141.365 93.7487 1.6
      vertex 141.198 93.6021 1.6
    endloop
  endfacet
  facet normal 0 0 -1
    outer loop
      vertex 140.208 94.592 1.6
      vertex 141.198 93.6021 1.6
      vertex 141.051 93.4349 1.6
    endloop
  endfacet
  facet normal 0 0 -1
    outer loop
      vertex 139.941 94.2872 1.6
      vertex 141.051 93.4349 1.6
      vertex 140.928 93.25 1.6
    endloop
  endfacet
  facet normal 0 0 -1
    outer loop
      vertex 141.55 93.8722 1.6
      vertex 140.85 95.0847 1.6
      vertex 141.214 95.264 1.6
    endloop
  endfacet
  facet normal 0 0 -1
    outer loop
      vertex 139.715 93.95 1.6
      vertex 140.928 93.25 1.6
      vertex 140.829 93.0506 1.6
    endloop
  endfacet
  facet normal 0 0 -1
    outer loop
      vertex 139.536 93.5863 1.6
      vertex 140.829 93.0506 1.6
      vertex 140.758 92.84 1.6
    endloop
  endfacet
  facet normal 0 0 -1
    outer loop
      vertex 139.406 93.2023 1.6
      vertex 140.758 92.84 1.6
      vertex 140.715 92.6219 1.6
    endloop
  endfacet
  facet normal 0 0 -1
    outer loop
      vertex 139.327 92.8046 1.6
      vertex 140.715 92.6219 1.6
      vertex 140.7 92.4 1.6
    endloop
  endfacet
  facet normal 0 0 -1
    outer loop
      vertex 139.536 91.2137 1.6
      vertex 140.829 91.7494 1.6
      vertex 139.715 90.85 1.6
    endloop
  endfacet
  facet normal 0 0 -1
    outer loop
      vertex 141.365 93.7487 1.6
      vertex 140.513 94.8594 1.6
      vertex 140.85 95.0847 1.6
    endloop
  endfacet
  facet normal -0 0 -1
    outer loop
      vertex 140.829 91.7494 1.6
      vertex 139.536 91.2137 1.6
      vertex 140.758 91.96 1.6
    endloop
  endfacet
  facet normal 0 0 -1
    outer loop
      vertex 141.198 93.6021 1.6
      vertex 140.208 94.592 1.6
      vertex 140.513 94.8594 1.6
    endloop
  endfacet
  facet normal 0 0 -1
    outer loop
      vertex 139.406 91.5977 1.6
      vertex 140.758 91.96 1.6
      vertex 139.536 91.2137 1.6
    endloop
  endfacet
  facet normal 0 0 -1
    outer loop
      vertex 141.051 93.4349 1.6
      vertex 139.941 94.2872 1.6
      vertex 140.208 94.592 1.6
    endloop
  endfacet
  facet normal -0 0 -1
    outer loop
      vertex 140.758 91.96 1.6
      vertex 139.406 91.5977 1.6
      vertex 140.715 92.1781 1.6
    endloop
  endfacet
  facet normal 0 0 -1
    outer loop
      vertex 140.928 93.25 1.6
      vertex 139.715 93.95 1.6
      vertex 139.941 94.2872 1.6
    endloop
  endfacet
  facet normal 0 0 -1
    outer loop
      vertex 139.327 91.9954 1.6
      vertex 140.715 92.1781 1.6
      vertex 139.406 91.5977 1.6
    endloop
  endfacet
  facet normal 0 0 -1
    outer loop
      vertex 140.829 93.0506 1.6
      vertex 139.536 93.5863 1.6
      vertex 139.715 93.95 1.6
    endloop
  endfacet
  facet normal -0 0 -1
    outer loop
      vertex 140.715 92.1781 1.6
      vertex 139.327 91.9954 1.6
      vertex 140.7 92.4 1.6
    endloop
  endfacet
  facet normal 0 0 -1
    outer loop
      vertex 140.758 92.84 1.6
      vertex 139.406 93.2023 1.6
      vertex 139.536 93.5863 1.6
    endloop
  endfacet
  facet normal 0 0 -1
    outer loop
      vertex 139.3 92.4 1.6
      vertex 140.7 92.4 1.6
      vertex 139.327 91.9954 1.6
    endloop
  endfacet
  facet normal 0 0 -1
    outer loop
      vertex 140.715 92.6219 1.6
      vertex 139.327 92.8046 1.6
      vertex 139.406 93.2023 1.6
    endloop
  endfacet
  facet normal 0 0 -1
    outer loop
      vertex 140.7 92.4 1.6
      vertex 139.3 92.4 1.6
      vertex 139.327 92.8046 1.6
    endloop
  endfacet
  facet normal 0.897222 -0.44158 0
    outer loop
      vertex 139.536 93.5863 1.6
      vertex 139.715 93.95 0
      vertex 139.715 93.95 1.6
    endloop
  endfacet
  facet normal 0.897222 -0.44158 0
    outer loop
      vertex 139.715 93.95 0
      vertex 139.536 93.5863 1.6
      vertex 139.536 93.5863 0
    endloop
  endfacet
  facet normal 0.897222 0.44158 0
    outer loop
      vertex 139.715 90.85 1.6
      vertex 139.536 91.2137 0
      vertex 139.536 91.2137 1.6
    endloop
  endfacet
  facet normal 0.897222 0.44158 0
    outer loop
      vertex 139.536 91.2137 0
      vertex 139.715 90.85 1.6
      vertex 139.715 90.85 0
    endloop
  endfacet
  facet normal 0.830683 0.556745 0
    outer loop
      vertex 139.941 90.5128 1.6
      vertex 139.715 90.85 0
      vertex 139.715 90.85 1.6
    endloop
  endfacet
  facet normal 0.830683 0.556745 0
    outer loop
      vertex 139.715 90.85 0
      vertex 139.941 90.5128 1.6
      vertex 139.941 90.5128 0
    endloop
  endfacet
  facet normal 0.555781 -0.831329 0
    outer loop
      vertex 140.513 94.8594 0
      vertex 140.85 95.0847 1.6
      vertex 140.513 94.8594 1.6
    endloop
  endfacet
  facet normal 0.555781 -0.831329 0
    outer loop
      vertex 140.85 95.0847 1.6
      vertex 140.513 94.8594 0
      vertex 140.85 95.0847 0
    endloop
  endfacet
  facet normal -0.980779 0.195122 0
    outer loop
      vertex 5.24207 3.16001 1.6
      vertex 5.28546 3.37811 3
      vertex 5.28546 3.37811 1.6
    endloop
  endfacet
  facet normal -0.980779 0.195122 0
    outer loop
      vertex 5.28546 3.37811 3
      vertex 5.24207 3.16001 1.6
      vertex 5.24207 3.16001 3
    endloop
  endfacet
  facet normal -0.99786 0.0653877 0
    outer loop
      vertex 5.28546 3.37811 1.6
      vertex 5.3 3.6 3
      vertex 5.3 3.6 1.6
    endloop
  endfacet
  facet normal -0.99786 0.0653877 0
    outer loop
      vertex 5.3 3.6 3
      vertex 5.28546 3.37811 1.6
      vertex 5.28546 3.37811 3
    endloop
  endfacet
  facet normal -0.0653877 -0.99786 0
    outer loop
      vertex 3.6 5.3 1.6
      vertex 3.82189 5.28546 3
      vertex 3.6 5.3 3
    endloop
  endfacet
  facet normal -0.0653877 -0.99786 -0
    outer loop
      vertex 3.82189 5.28546 3
      vertex 3.6 5.3 1.6
      vertex 3.82189 5.28546 1.6
    endloop
  endfacet
  facet normal 0.659342 0.751844 -0
    outer loop
      vertex 2.56511 2.2513 1.6
      vertex 2.39792 2.39792 3
      vertex 2.56511 2.2513 3
    endloop
  endfacet
  facet normal 0.659342 0.751844 0
    outer loop
      vertex 2.39792 2.39792 3
      vertex 2.56511 2.2513 1.6
      vertex 2.39792 2.39792 1.6
    endloop
  endfacet
  facet normal 0.831469 -0.555572 0
    outer loop
      vertex 2.12776 4.45 3
      vertex 2.2513 4.63489 1.6
      vertex 2.2513 4.63489 3
    endloop
  endfacet
  facet normal 0.831469 -0.555572 0
    outer loop
      vertex 2.2513 4.63489 1.6
      vertex 2.12776 4.45 3
      vertex 2.12776 4.45 1.6
    endloop
  endfacet
  facet normal 0.195122 -0.980779 0
    outer loop
      vertex 3.16001 5.24207 1.6
      vertex 3.37811 5.28546 3
      vertex 3.16001 5.24207 3
    endloop
  endfacet
  facet normal 0.195122 -0.980779 0
    outer loop
      vertex 3.37811 5.28546 3
      vertex 3.16001 5.24207 1.6
      vertex 3.37811 5.28546 1.6
    endloop
  endfacet
  facet normal -0.659342 0.751844 0
    outer loop
      vertex 4.80208 2.39792 1.6
      vertex 4.63489 2.2513 3
      vertex 4.80208 2.39792 3
    endloop
  endfacet
  facet normal -0.659342 0.751844 0
    outer loop
      vertex 4.63489 2.2513 3
      vertex 4.80208 2.39792 1.6
      vertex 4.63489 2.2513 1.6
    endloop
  endfacet
  facet normal -0.946929 -0.321444 0
    outer loop
      vertex 5.24207 4.03999 1.6
      vertex 5.17059 4.25056 3
      vertex 5.17059 4.25056 1.6
    endloop
  endfacet
  facet normal -0.946929 -0.321444 0
    outer loop
      vertex 5.17059 4.25056 3
      vertex 5.24207 4.03999 1.6
      vertex 5.24207 4.03999 3
    endloop
  endfacet
  facet normal -0.751844 -0.659342 0
    outer loop
      vertex 4.9487 4.63489 1.6
      vertex 4.80208 4.80208 3
      vertex 4.80208 4.80208 1.6
    endloop
  endfacet
  facet normal -0.751844 -0.659342 0
    outer loop
      vertex 4.80208 4.80208 3
      vertex 4.9487 4.63489 1.6
      vertex 4.9487 4.63489 3
    endloop
  endfacet
  facet normal -0.751844 0.659342 0
    outer loop
      vertex 4.80208 2.39792 1.6
      vertex 4.9487 2.56511 3
      vertex 4.9487 2.56511 1.6
    endloop
  endfacet
  facet normal -0.751844 0.659342 0
    outer loop
      vertex 4.9487 2.56511 3
      vertex 4.80208 2.39792 1.6
      vertex 4.80208 2.39792 3
    endloop
  endfacet
  facet normal 0.946929 -0.321444 0
    outer loop
      vertex 1.95793 4.03999 3
      vertex 2.02941 4.25056 1.6
      vertex 2.02941 4.25056 3
    endloop
  endfacet
  facet normal 0.946929 -0.321444 0
    outer loop
      vertex 2.02941 4.25056 1.6
      vertex 1.95793 4.03999 3
      vertex 1.95793 4.03999 1.6
    endloop
  endfacet
  facet normal -0.321444 -0.946929 0
    outer loop
      vertex 4.03999 5.24207 1.6
      vertex 4.25056 5.17059 3
      vertex 4.03999 5.24207 3
    endloop
  endfacet
  facet normal -0.321444 -0.946929 -0
    outer loop
      vertex 4.25056 5.17059 3
      vertex 4.03999 5.24207 1.6
      vertex 4.25056 5.17059 1.6
    endloop
  endfacet
  facet normal 0.0653877 -0.99786 0
    outer loop
      vertex 3.37811 5.28546 1.6
      vertex 3.6 5.3 3
      vertex 3.37811 5.28546 3
    endloop
  endfacet
  facet normal 0.0653877 -0.99786 0
    outer loop
      vertex 3.6 5.3 3
      vertex 3.37811 5.28546 1.6
      vertex 3.6 5.3 1.6
    endloop
  endfacet
  facet normal 0.321444 0.946929 -0
    outer loop
      vertex 3.16001 1.95793 1.6
      vertex 2.94944 2.02941 3
      vertex 3.16001 1.95793 3
    endloop
  endfacet
  facet normal 0.321444 0.946929 0
    outer loop
      vertex 2.94944 2.02941 3
      vertex 3.16001 1.95793 1.6
      vertex 2.94944 2.02941 1.6
    endloop
  endfacet
  facet normal 0.751844 0.659342 0
    outer loop
      vertex 2.39792 2.39792 3
      vertex 2.2513 2.56511 1.6
      vertex 2.2513 2.56511 3
    endloop
  endfacet
  facet normal 0.751844 0.659342 0
    outer loop
      vertex 2.2513 2.56511 1.6
      vertex 2.39792 2.39792 3
      vertex 2.39792 2.39792 1.6
    endloop
  endfacet
  facet normal 0.442278 -0.896878 0
    outer loop
      vertex 2.75 5.07224 1.6
      vertex 2.94944 5.17059 3
      vertex 2.75 5.07224 3
    endloop
  endfacet
  facet normal 0.442278 -0.896878 0
    outer loop
      vertex 2.94944 5.17059 3
      vertex 2.75 5.07224 1.6
      vertex 2.94944 5.17059 1.6
    endloop
  endfacet
  facet normal 0.0653877 0.99786 -0
    outer loop
      vertex 3.6 1.9 1.6
      vertex 3.37811 1.91454 3
      vertex 3.6 1.9 3
    endloop
  endfacet
  facet normal 0.0653877 0.99786 0
    outer loop
      vertex 3.37811 1.91454 3
      vertex 3.6 1.9 1.6
      vertex 3.37811 1.91454 1.6
    endloop
  endfacet
  facet normal -0.896878 -0.442278 0
    outer loop
      vertex 5.17059 4.25056 1.6
      vertex 5.07224 4.45 3
      vertex 5.07224 4.45 1.6
    endloop
  endfacet
  facet normal -0.896878 -0.442278 0
    outer loop
      vertex 5.07224 4.45 3
      vertex 5.17059 4.25056 1.6
      vertex 5.17059 4.25056 3
    endloop
  endfacet
  facet normal -0.555572 -0.831469 0
    outer loop
      vertex 4.45 5.07224 1.6
      vertex 4.63489 4.9487 3
      vertex 4.45 5.07224 3
    endloop
  endfacet
  facet normal -0.555572 -0.831469 -0
    outer loop
      vertex 4.63489 4.9487 3
      vertex 4.45 5.07224 1.6
      vertex 4.63489 4.9487 1.6
    endloop
  endfacet
  facet normal 0.980779 -0.195122 0
    outer loop
      vertex 1.91454 3.82189 3
      vertex 1.95793 4.03999 1.6
      vertex 1.95793 4.03999 3
    endloop
  endfacet
  facet normal 0.980779 -0.195122 0
    outer loop
      vertex 1.95793 4.03999 1.6
      vertex 1.91454 3.82189 3
      vertex 1.91454 3.82189 1.6
    endloop
  endfacet
  facet normal 0.751844 -0.659342 0
    outer loop
      vertex 2.2513 4.63489 3
      vertex 2.39792 4.80208 1.6
      vertex 2.39792 4.80208 3
    endloop
  endfacet
  facet normal 0.751844 -0.659342 0
    outer loop
      vertex 2.39792 4.80208 1.6
      vertex 2.2513 4.63489 3
      vertex 2.2513 4.63489 1.6
    endloop
  endfacet
  facet normal -0.195122 0.980779 0
    outer loop
      vertex 4.03999 1.95793 1.6
      vertex 3.82189 1.91454 3
      vertex 4.03999 1.95793 3
    endloop
  endfacet
  facet normal -0.195122 0.980779 0
    outer loop
      vertex 3.82189 1.91454 3
      vertex 4.03999 1.95793 1.6
      vertex 3.82189 1.91454 1.6
    endloop
  endfacet
  facet normal -0.831469 0.555572 0
    outer loop
      vertex 4.9487 2.56511 1.6
      vertex 5.07224 2.75 3
      vertex 5.07224 2.75 1.6
    endloop
  endfacet
  facet normal -0.831469 0.555572 0
    outer loop
      vertex 5.07224 2.75 3
      vertex 4.9487 2.56511 1.6
      vertex 4.9487 2.56511 3
    endloop
  endfacet
  facet normal -0.99786 -0.0653877 0
    outer loop
      vertex 5.3 3.6 1.6
      vertex 5.28546 3.82189 3
      vertex 5.28546 3.82189 1.6
    endloop
  endfacet
  facet normal -0.99786 -0.0653877 0
    outer loop
      vertex 5.28546 3.82189 3
      vertex 5.3 3.6 1.6
      vertex 5.3 3.6 3
    endloop
  endfacet
  facet normal -0.321444 0.946929 0
    outer loop
      vertex 4.25056 2.02941 1.6
      vertex 4.03999 1.95793 3
      vertex 4.25056 2.02941 3
    endloop
  endfacet
  facet normal -0.321444 0.946929 0
    outer loop
      vertex 4.03999 1.95793 3
      vertex 4.25056 2.02941 1.6
      vertex 4.03999 1.95793 1.6
    endloop
  endfacet
  facet normal -0.555572 0.831469 0
    outer loop
      vertex 4.63489 2.2513 1.6
      vertex 4.45 2.12776 3
      vertex 4.63489 2.2513 3
    endloop
  endfacet
  facet normal -0.555572 0.831469 0
    outer loop
      vertex 4.45 2.12776 3
      vertex 4.63489 2.2513 1.6
      vertex 4.45 2.12776 1.6
    endloop
  endfacet
  facet normal 0.195122 0.980779 -0
    outer loop
      vertex 3.37811 1.91454 1.6
      vertex 3.16001 1.95793 3
      vertex 3.37811 1.91454 3
    endloop
  endfacet
  facet normal 0.195122 0.980779 0
    outer loop
      vertex 3.16001 1.95793 3
      vertex 3.37811 1.91454 1.6
      vertex 3.16001 1.95793 1.6
    endloop
  endfacet
  facet normal -0.659342 -0.751844 0
    outer loop
      vertex 4.63489 4.9487 1.6
      vertex 4.80208 4.80208 3
      vertex 4.63489 4.9487 3
    endloop
  endfacet
  facet normal -0.659342 -0.751844 -0
    outer loop
      vertex 4.80208 4.80208 3
      vertex 4.63489 4.9487 1.6
      vertex 4.80208 4.80208 1.6
    endloop
  endfacet
  facet normal 0.896878 0.442278 0
    outer loop
      vertex 2.12776 2.75 3
      vertex 2.02941 2.94944 1.6
      vertex 2.02941 2.94944 3
    endloop
  endfacet
  facet normal 0.896878 0.442278 0
    outer loop
      vertex 2.02941 2.94944 1.6
      vertex 2.12776 2.75 3
      vertex 2.12776 2.75 1.6
    endloop
  endfacet
  facet normal -0.980779 -0.195122 0
    outer loop
      vertex 5.28546 3.82189 1.6
      vertex 5.24207 4.03999 3
      vertex 5.24207 4.03999 1.6
    endloop
  endfacet
  facet normal -0.980779 -0.195122 0
    outer loop
      vertex 5.24207 4.03999 3
      vertex 5.28546 3.82189 1.6
      vertex 5.28546 3.82189 3
    endloop
  endfacet
  facet normal -0.195122 -0.980779 0
    outer loop
      vertex 3.82189 5.28546 1.6
      vertex 4.03999 5.24207 3
      vertex 3.82189 5.28546 3
    endloop
  endfacet
  facet normal -0.195122 -0.980779 -0
    outer loop
      vertex 4.03999 5.24207 3
      vertex 3.82189 5.28546 1.6
      vertex 4.03999 5.24207 1.6
    endloop
  endfacet
  facet normal 0.659342 -0.751844 0
    outer loop
      vertex 2.39792 4.80208 1.6
      vertex 2.56511 4.9487 3
      vertex 2.39792 4.80208 3
    endloop
  endfacet
  facet normal 0.659342 -0.751844 0
    outer loop
      vertex 2.56511 4.9487 3
      vertex 2.39792 4.80208 1.6
      vertex 2.56511 4.9487 1.6
    endloop
  endfacet
  facet normal -0.0653877 0.99786 0
    outer loop
      vertex 3.82189 1.91454 1.6
      vertex 3.6 1.9 3
      vertex 3.82189 1.91454 3
    endloop
  endfacet
  facet normal -0.0653877 0.99786 0
    outer loop
      vertex 3.6 1.9 3
      vertex 3.82189 1.91454 1.6
      vertex 3.6 1.9 1.6
    endloop
  endfacet
  facet normal -0.442278 0.896878 0
    outer loop
      vertex 4.45 2.12776 1.6
      vertex 4.25056 2.02941 3
      vertex 4.45 2.12776 3
    endloop
  endfacet
  facet normal -0.442278 0.896878 0
    outer loop
      vertex 4.25056 2.02941 3
      vertex 4.45 2.12776 1.6
      vertex 4.25056 2.02941 1.6
    endloop
  endfacet
  facet normal -0.831469 -0.555572 0
    outer loop
      vertex 5.07224 4.45 1.6
      vertex 4.9487 4.63489 3
      vertex 4.9487 4.63489 1.6
    endloop
  endfacet
  facet normal -0.831469 -0.555572 0
    outer loop
      vertex 4.9487 4.63489 3
      vertex 5.07224 4.45 1.6
      vertex 5.07224 4.45 3
    endloop
  endfacet
  facet normal 0.99786 -0.0653877 0
    outer loop
      vertex 1.9 3.6 3
      vertex 1.91454 3.82189 1.6
      vertex 1.91454 3.82189 3
    endloop
  endfacet
  facet normal 0.99786 -0.0653877 0
    outer loop
      vertex 1.91454 3.82189 1.6
      vertex 1.9 3.6 3
      vertex 1.9 3.6 1.6
    endloop
  endfacet
  facet normal -0.442278 -0.896878 0
    outer loop
      vertex 4.25056 5.17059 1.6
      vertex 4.45 5.07224 3
      vertex 4.25056 5.17059 3
    endloop
  endfacet
  facet normal -0.442278 -0.896878 -0
    outer loop
      vertex 4.45 5.07224 3
      vertex 4.25056 5.17059 1.6
      vertex 4.45 5.07224 1.6
    endloop
  endfacet
  facet normal 0.980779 0.195122 0
    outer loop
      vertex 1.95793 3.16001 3
      vertex 1.91454 3.37811 1.6
      vertex 1.91454 3.37811 3
    endloop
  endfacet
  facet normal 0.980779 0.195122 0
    outer loop
      vertex 1.91454 3.37811 1.6
      vertex 1.95793 3.16001 3
      vertex 1.95793 3.16001 1.6
    endloop
  endfacet
  facet normal 0.896878 -0.442278 0
    outer loop
      vertex 2.02941 4.25056 3
      vertex 2.12776 4.45 1.6
      vertex 2.12776 4.45 3
    endloop
  endfacet
  facet normal 0.896878 -0.442278 0
    outer loop
      vertex 2.12776 4.45 1.6
      vertex 2.02941 4.25056 3
      vertex 2.02941 4.25056 1.6
    endloop
  endfacet
  facet normal 0.946929 0.321444 0
    outer loop
      vertex 2.02941 2.94944 3
      vertex 1.95793 3.16001 1.6
      vertex 1.95793 3.16001 3
    endloop
  endfacet
  facet normal 0.946929 0.321444 0
    outer loop
      vertex 1.95793 3.16001 1.6
      vertex 2.02941 2.94944 3
      vertex 2.02941 2.94944 1.6
    endloop
  endfacet
  facet normal 0.555572 0.831469 -0
    outer loop
      vertex 2.75 2.12776 1.6
      vertex 2.56511 2.2513 3
      vertex 2.75 2.12776 3
    endloop
  endfacet
  facet normal 0.555572 0.831469 0
    outer loop
      vertex 2.56511 2.2513 3
      vertex 2.75 2.12776 1.6
      vertex 2.56511 2.2513 1.6
    endloop
  endfacet
  facet normal -0.896878 0.442278 0
    outer loop
      vertex 5.07224 2.75 1.6
      vertex 5.17059 2.94944 3
      vertex 5.17059 2.94944 1.6
    endloop
  endfacet
  facet normal -0.896878 0.442278 0
    outer loop
      vertex 5.17059 2.94944 3
      vertex 5.07224 2.75 1.6
      vertex 5.07224 2.75 3
    endloop
  endfacet
  facet normal -0.946929 0.321444 0
    outer loop
      vertex 5.17059 2.94944 1.6
      vertex 5.24207 3.16001 3
      vertex 5.24207 3.16001 1.6
    endloop
  endfacet
  facet normal -0.946929 0.321444 0
    outer loop
      vertex 5.24207 3.16001 3
      vertex 5.17059 2.94944 1.6
      vertex 5.17059 2.94944 3
    endloop
  endfacet
  facet normal 0.99786 0.0653877 0
    outer loop
      vertex 1.91454 3.37811 3
      vertex 1.9 3.6 1.6
      vertex 1.9 3.6 3
    endloop
  endfacet
  facet normal 0.99786 0.0653877 0
    outer loop
      vertex 1.9 3.6 1.6
      vertex 1.91454 3.37811 3
      vertex 1.91454 3.37811 1.6
    endloop
  endfacet
  facet normal 0.321444 -0.946929 0
    outer loop
      vertex 2.94944 5.17059 1.6
      vertex 3.16001 5.24207 3
      vertex 2.94944 5.17059 3
    endloop
  endfacet
  facet normal 0.321444 -0.946929 0
    outer loop
      vertex 3.16001 5.24207 3
      vertex 2.94944 5.17059 1.6
      vertex 3.16001 5.24207 1.6
    endloop
  endfacet
  facet normal 0.442278 0.896878 -0
    outer loop
      vertex 2.94944 2.02941 1.6
      vertex 2.75 2.12776 3
      vertex 2.94944 2.02941 3
    endloop
  endfacet
  facet normal 0.442278 0.896878 0
    outer loop
      vertex 2.75 2.12776 3
      vertex 2.94944 2.02941 1.6
      vertex 2.75 2.12776 1.6
    endloop
  endfacet
  facet normal 0.831469 0.555572 0
    outer loop
      vertex 2.2513 2.56511 3
      vertex 2.12776 2.75 1.6
      vertex 2.12776 2.75 3
    endloop
  endfacet
  facet normal 0.831469 0.555572 0
    outer loop
      vertex 2.12776 2.75 1.6
      vertex 2.2513 2.56511 3
      vertex 2.2513 2.56511 1.6
    endloop
  endfacet
  facet normal 0.555572 -0.831469 0
    outer loop
      vertex 2.56511 4.9487 1.6
      vertex 2.75 5.07224 3
      vertex 2.56511 4.9487 3
    endloop
  endfacet
  facet normal 0.555572 -0.831469 0
    outer loop
      vertex 2.75 5.07224 3
      vertex 2.56511 4.9487 1.6
      vertex 2.75 5.07224 1.6
    endloop
  endfacet
  facet normal -0.442294 -0.89687 0
    outer loop
      vertex 4.78632 6.46403 0
      vertex 5.15 6.28468 1.6
      vertex 4.78632 6.46403 1.6
    endloop
  endfacet
  facet normal -0.442294 -0.89687 -0
    outer loop
      vertex 5.15 6.28468 1.6
      vertex 4.78632 6.46403 0
      vertex 5.15 6.28468 0
    endloop
  endfacet
  facet normal -0.980785 0.195092 0
    outer loop
      vertex 6.59437 2.79766 0
      vertex 6.67348 3.19537 1.6
      vertex 6.67348 3.19537 0
    endloop
  endfacet
  facet normal -0.980785 0.195092 0
    outer loop
      vertex 6.67348 3.19537 1.6
      vertex 6.59437 2.79766 0
      vertex 6.59437 2.79766 1.6
    endloop
  endfacet
  facet normal -0.997859 0.065401 0
    outer loop
      vertex 6.67348 3.19537 0
      vertex 6.7 3.6 1.6
      vertex 6.7 3.6 0
    endloop
  endfacet
  facet normal -0.997859 0.065401 0
    outer loop
      vertex 6.7 3.6 1.6
      vertex 6.67348 3.19537 0
      vertex 6.67348 3.19537 1.6
    endloop
  endfacet
  facet normal -0.946933 0.321431 0
    outer loop
      vertex 6.46403 2.41368 0
      vertex 6.59437 2.79766 1.6
      vertex 6.59437 2.79766 0
    endloop
  endfacet
  facet normal -0.946933 0.321431 0
    outer loop
      vertex 6.59437 2.79766 1.6
      vertex 6.46403 2.41368 0
      vertex 6.46403 2.41368 1.6
    endloop
  endfacet
  facet normal -0.751844 -0.65934 0
    outer loop
      vertex 6.05939 5.48716 0
      vertex 5.79203 5.79203 1.6
      vertex 5.79203 5.79203 0
    endloop
  endfacet
  facet normal -0.751844 -0.65934 0
    outer loop
      vertex 5.79203 5.79203 1.6
      vertex 6.05939 5.48716 0
      vertex 6.05939 5.48716 1.6
    endloop
  endfacet
  facet normal -0.321438 0.946931 0
    outer loop
      vertex 4.78632 0.735974 0
      vertex 4.40234 0.605631 1.6
      vertex 4.78632 0.735974 1.6
    endloop
  endfacet
  facet normal -0.321438 0.946931 0
    outer loop
      vertex 4.40234 0.605631 1.6
      vertex 4.78632 0.735974 0
      vertex 4.40234 0.605631 0
    endloop
  endfacet
  facet normal -0.555579 0.831464 0
    outer loop
      vertex 5.48716 1.14061 0
      vertex 5.15 0.915322 1.6
      vertex 5.48716 1.14061 1.6
    endloop
  endfacet
  facet normal -0.555579 0.831464 0
    outer loop
      vertex 5.15 0.915322 1.6
      vertex 5.48716 1.14061 0
      vertex 5.15 0.915322 0
    endloop
  endfacet
  facet normal -0.89687 -0.442294 0
    outer loop
      vertex 6.46403 4.78632 0
      vertex 6.28468 5.15 1.6
      vertex 6.28468 5.15 0
    endloop
  endfacet
  facet normal -0.89687 -0.442294 0
    outer loop
      vertex 6.28468 5.15 1.6
      vertex 6.46403 4.78632 0
      vertex 6.46403 4.78632 1.6
    endloop
  endfacet
  facet normal -0.321431 -0.946933 0
    outer loop
      vertex 4.40234 6.59437 0
      vertex 4.78632 6.46403 1.6
      vertex 4.40234 6.59437 1.6
    endloop
  endfacet
  facet normal -0.321431 -0.946933 -0
    outer loop
      vertex 4.78632 6.46403 1.6
      vertex 4.40234 6.59437 0
      vertex 4.78632 6.46403 0
    endloop
  endfacet
  facet normal -0.89687 0.442294 0
    outer loop
      vertex 6.28468 2.05 0
      vertex 6.46403 2.41368 1.6
      vertex 6.46403 2.41368 0
    endloop
  endfacet
  facet normal -0.89687 0.442294 0
    outer loop
      vertex 6.46403 2.41368 1.6
      vertex 6.28468 2.05 0
      vertex 6.28468 2.05 1.6
    endloop
  endfacet
  facet normal 0.195092 0.980785 -0
    outer loop
      vertex 3.19537 0.526521 0
      vertex 2.79766 0.605631 1.6
      vertex 3.19537 0.526521 1.6
    endloop
  endfacet
  facet normal 0.195092 0.980785 0
    outer loop
      vertex 2.79766 0.605631 1.6
      vertex 3.19537 0.526521 0
      vertex 2.79766 0.605631 0
    endloop
  endfacet
  facet normal 0.065401 -0.997859 0
    outer loop
      vertex 3.19537 6.67348 0
      vertex 3.6 6.7 1.6
      vertex 3.19537 6.67348 1.6
    endloop
  endfacet
  facet normal 0.065401 -0.997859 0
    outer loop
      vertex 3.6 6.7 1.6
      vertex 3.19537 6.67348 0
      vertex 3.6 6.7 0
    endloop
  endfacet
  facet normal 0.555579 0.831464 -0
    outer loop
      vertex 2.05 0.915322 0
      vertex 1.71284 1.14061 1.6
      vertex 2.05 0.915322 1.6
    endloop
  endfacet
  facet normal 0.555579 0.831464 0
    outer loop
      vertex 1.71284 1.14061 1.6
      vertex 2.05 0.915322 0
      vertex 1.71284 1.14061 0
    endloop
  endfacet
  facet normal 0.321431 -0.946933 0
    outer loop
      vertex 2.41368 6.46403 0
      vertex 2.79766 6.59437 1.6
      vertex 2.41368 6.46403 1.6
    endloop
  endfacet
  facet normal 0.321431 -0.946933 0
    outer loop
      vertex 2.79766 6.59437 1.6
      vertex 2.41368 6.46403 0
      vertex 2.79766 6.59437 0
    endloop
  endfacet
  facet normal -0.946933 -0.321431 0
    outer loop
      vertex 6.59437 4.40234 0
      vertex 6.46403 4.78632 1.6
      vertex 6.46403 4.78632 0
    endloop
  endfacet
  facet normal -0.946933 -0.321431 0
    outer loop
      vertex 6.46403 4.78632 1.6
      vertex 6.59437 4.40234 0
      vertex 6.59437 4.40234 1.6
    endloop
  endfacet
  facet normal 0.831464 -0.555579 0
    outer loop
      vertex 0.915322 5.15 1.6
      vertex 1.14061 5.48716 0
      vertex 1.14061 5.48716 1.6
    endloop
  endfacet
  facet normal 0.831464 -0.555579 0
    outer loop
      vertex 1.14061 5.48716 0
      vertex 0.915322 5.15 1.6
      vertex 0.915322 5.15 0
    endloop
  endfacet
  facet normal 0.65934 -0.751844 0
    outer loop
      vertex 1.40797 5.79203 0
      vertex 1.71284 6.05939 1.6
      vertex 1.40797 5.79203 1.6
    endloop
  endfacet
  facet normal 0.65934 -0.751844 0
    outer loop
      vertex 1.71284 6.05939 1.6
      vertex 1.40797 5.79203 0
      vertex 1.71284 6.05939 0
    endloop
  endfacet
  facet normal 0.65934 0.751844 -0
    outer loop
      vertex 1.71284 1.14061 0
      vertex 1.40797 1.40797 1.6
      vertex 1.71284 1.14061 1.6
    endloop
  endfacet
  facet normal 0.65934 0.751844 0
    outer loop
      vertex 1.40797 1.40797 1.6
      vertex 1.71284 1.14061 0
      vertex 1.40797 1.40797 0
    endloop
  endfacet
  facet normal 0.946931 0.321438 0
    outer loop
      vertex 0.735974 2.41368 1.6
      vertex 0.605631 2.79766 0
      vertex 0.605631 2.79766 1.6
    endloop
  endfacet
  facet normal 0.946931 0.321438 0
    outer loop
      vertex 0.605631 2.79766 0
      vertex 0.735974 2.41368 1.6
      vertex 0.735974 2.41368 0
    endloop
  endfacet
  facet normal 0.44229 0.896872 -0
    outer loop
      vertex 2.41368 0.735974 0
      vertex 2.05 0.915322 1.6
      vertex 2.41368 0.735974 1.6
    endloop
  endfacet
  facet normal 0.44229 0.896872 0
    outer loop
      vertex 2.05 0.915322 1.6
      vertex 2.41368 0.735974 0
      vertex 2.05 0.915322 0
    endloop
  endfacet
  facet normal 0.980785 0.195092 0
    outer loop
      vertex 0.605631 2.79766 1.6
      vertex 0.526521 3.19537 0
      vertex 0.526521 3.19537 1.6
    endloop
  endfacet
  facet normal 0.980785 0.195092 0
    outer loop
      vertex 0.526521 3.19537 0
      vertex 0.605631 2.79766 1.6
      vertex 0.605631 2.79766 0
    endloop
  endfacet
  facet normal 0.321438 0.946931 -0
    outer loop
      vertex 2.79766 0.605631 0
      vertex 2.41368 0.735974 1.6
      vertex 2.79766 0.605631 1.6
    endloop
  endfacet
  facet normal 0.321438 0.946931 0
    outer loop
      vertex 2.41368 0.735974 1.6
      vertex 2.79766 0.605631 0
      vertex 2.41368 0.735974 0
    endloop
  endfacet
  facet normal -0.65934 -0.751844 0
    outer loop
      vertex 5.48716 6.05939 0
      vertex 5.79203 5.79203 1.6
      vertex 5.48716 6.05939 1.6
    endloop
  endfacet
  facet normal -0.65934 -0.751844 -0
    outer loop
      vertex 5.79203 5.79203 1.6
      vertex 5.48716 6.05939 0
      vertex 5.79203 5.79203 0
    endloop
  endfacet
  facet normal -0.065401 0.997859 0
    outer loop
      vertex 4.00463 0.526521 0
      vertex 3.6 0.500001 1.6
      vertex 4.00463 0.526521 1.6
    endloop
  endfacet
  facet normal -0.065401 0.997859 0
    outer loop
      vertex 3.6 0.500001 1.6
      vertex 4.00463 0.526521 0
      vertex 3.6 0.500001 0
    endloop
  endfacet
  facet normal -0.831462 0.555582 0
    outer loop
      vertex 6.05939 1.71284 0
      vertex 6.28468 2.05 1.6
      vertex 6.28468 2.05 0
    endloop
  endfacet
  facet normal -0.831462 0.555582 0
    outer loop
      vertex 6.28468 2.05 1.6
      vertex 6.05939 1.71284 0
      vertex 6.05939 1.71284 1.6
    endloop
  endfacet
  facet normal -0.195092 -0.980785 0
    outer loop
      vertex 4.00463 6.67348 0
      vertex 4.40234 6.59437 1.6
      vertex 4.00463 6.67348 1.6
    endloop
  endfacet
  facet normal -0.195092 -0.980785 -0
    outer loop
      vertex 4.40234 6.59437 1.6
      vertex 4.00463 6.67348 0
      vertex 4.40234 6.59437 0
    endloop
  endfacet
  facet normal 0.980785 -0.195092 0
    outer loop
      vertex 0.526521 4.00463 1.6
      vertex 0.605631 4.40234 0
      vertex 0.605631 4.40234 1.6
    endloop
  endfacet
  facet normal 0.980785 -0.195092 0
    outer loop
      vertex 0.605631 4.40234 0
      vertex 0.526521 4.00463 1.6
      vertex 0.526521 4.00463 0
    endloop
  endfacet
  facet normal 0.751844 0.65934 0
    outer loop
      vertex 1.40797 1.40797 1.6
      vertex 1.14061 1.71284 0
      vertex 1.14061 1.71284 1.6
    endloop
  endfacet
  facet normal 0.751844 0.65934 0
    outer loop
      vertex 1.14061 1.71284 0
      vertex 1.40797 1.40797 1.6
      vertex 1.40797 1.40797 0
    endloop
  endfacet
  facet normal -0.65934 0.751844 0
    outer loop
      vertex 5.79203 1.40797 0
      vertex 5.48716 1.14061 1.6
      vertex 5.79203 1.40797 1.6
    endloop
  endfacet
  facet normal -0.65934 0.751844 0
    outer loop
      vertex 5.48716 1.14061 1.6
      vertex 5.79203 1.40797 0
      vertex 5.48716 1.14061 0
    endloop
  endfacet
  facet normal -0.997859 -0.065401 0
    outer loop
      vertex 6.7 3.6 0
      vertex 6.67348 4.00463 1.6
      vertex 6.67348 4.00463 0
    endloop
  endfacet
  facet normal -0.997859 -0.065401 0
    outer loop
      vertex 6.67348 4.00463 1.6
      vertex 6.7 3.6 0
      vertex 6.7 3.6 1.6
    endloop
  endfacet
  facet normal -0.980785 -0.195092 0
    outer loop
      vertex 6.67348 4.00463 0
      vertex 6.59437 4.40234 1.6
      vertex 6.59437 4.40234 0
    endloop
  endfacet
  facet normal -0.980785 -0.195092 0
    outer loop
      vertex 6.59437 4.40234 1.6
      vertex 6.67348 4.00463 0
      vertex 6.67348 4.00463 1.6
    endloop
  endfacet
  facet normal -0.555582 -0.831462 0
    outer loop
      vertex 5.15 6.28468 0
      vertex 5.48716 6.05939 1.6
      vertex 5.15 6.28468 1.6
    endloop
  endfacet
  facet normal -0.555582 -0.831462 -0
    outer loop
      vertex 5.48716 6.05939 1.6
      vertex 5.15 6.28468 0
      vertex 5.48716 6.05939 0
    endloop
  endfacet
  facet normal -0.195092 0.980785 0
    outer loop
      vertex 4.40234 0.605631 0
      vertex 4.00463 0.526521 1.6
      vertex 4.40234 0.605631 1.6
    endloop
  endfacet
  facet normal -0.195092 0.980785 0
    outer loop
      vertex 4.00463 0.526521 1.6
      vertex 4.40234 0.605631 0
      vertex 4.00463 0.526521 0
    endloop
  endfacet
  facet normal -0.751844 0.65934 0
    outer loop
      vertex 5.79203 1.40797 0
      vertex 6.05939 1.71284 1.6
      vertex 6.05939 1.71284 0
    endloop
  endfacet
  facet normal -0.751844 0.65934 0
    outer loop
      vertex 6.05939 1.71284 1.6
      vertex 5.79203 1.40797 0
      vertex 5.79203 1.40797 1.6
    endloop
  endfacet
  facet normal -0.44229 0.896872 0
    outer loop
      vertex 5.15 0.915322 0
      vertex 4.78632 0.735974 1.6
      vertex 5.15 0.915322 1.6
    endloop
  endfacet
  facet normal -0.44229 0.896872 0
    outer loop
      vertex 4.78632 0.735974 1.6
      vertex 5.15 0.915322 0
      vertex 4.78632 0.735974 0
    endloop
  endfacet
  facet normal 0.997859 -0.065401 0
    outer loop
      vertex 0.500001 3.6 1.6
      vertex 0.526521 4.00463 0
      vertex 0.526521 4.00463 1.6
    endloop
  endfacet
  facet normal 0.997859 -0.065401 0
    outer loop
      vertex 0.526521 4.00463 0
      vertex 0.500001 3.6 1.6
      vertex 0.500001 3.6 0
    endloop
  endfacet
  facet normal -0.831462 -0.555582 0
    outer loop
      vertex 6.28468 5.15 0
      vertex 6.05939 5.48716 1.6
      vertex 6.05939 5.48716 0
    endloop
  endfacet
  facet normal -0.831462 -0.555582 0
    outer loop
      vertex 6.05939 5.48716 1.6
      vertex 6.28468 5.15 0
      vertex 6.28468 5.15 1.6
    endloop
  endfacet
  facet normal 0.751844 -0.65934 0
    outer loop
      vertex 1.14061 5.48716 1.6
      vertex 1.40797 5.79203 0
      vertex 1.40797 5.79203 1.6
    endloop
  endfacet
  facet normal 0.751844 -0.65934 0
    outer loop
      vertex 1.40797 5.79203 0
      vertex 1.14061 5.48716 1.6
      vertex 1.14061 5.48716 0
    endloop
  endfacet
  facet normal 0.997859 0.065401 0
    outer loop
      vertex 0.526521 3.19537 1.6
      vertex 0.500001 3.6 0
      vertex 0.500001 3.6 1.6
    endloop
  endfacet
  facet normal 0.997859 0.065401 0
    outer loop
      vertex 0.500001 3.6 0
      vertex 0.526521 3.19537 1.6
      vertex 0.526521 3.19537 0
    endloop
  endfacet
  facet normal 0.442294 -0.89687 0
    outer loop
      vertex 2.05 6.28468 0
      vertex 2.41368 6.46403 1.6
      vertex 2.05 6.28468 1.6
    endloop
  endfacet
  facet normal 0.442294 -0.89687 0
    outer loop
      vertex 2.41368 6.46403 1.6
      vertex 2.05 6.28468 0
      vertex 2.41368 6.46403 0
    endloop
  endfacet
  facet normal 0.946931 -0.321438 0
    outer loop
      vertex 0.605631 4.40234 1.6
      vertex 0.735974 4.78632 0
      vertex 0.735974 4.78632 1.6
    endloop
  endfacet
  facet normal 0.946931 -0.321438 0
    outer loop
      vertex 0.735974 4.78632 0
      vertex 0.605631 4.40234 1.6
      vertex 0.605631 4.40234 0
    endloop
  endfacet
  facet normal 0.195092 -0.980785 0
    outer loop
      vertex 2.79766 6.59437 0
      vertex 3.19537 6.67348 1.6
      vertex 2.79766 6.59437 1.6
    endloop
  endfacet
  facet normal 0.195092 -0.980785 0
    outer loop
      vertex 3.19537 6.67348 1.6
      vertex 2.79766 6.59437 0
      vertex 3.19537 6.67348 0
    endloop
  endfacet
  facet normal -0.065401 -0.997859 0
    outer loop
      vertex 3.6 6.7 0
      vertex 4.00463 6.67348 1.6
      vertex 3.6 6.7 1.6
    endloop
  endfacet
  facet normal -0.065401 -0.997859 -0
    outer loop
      vertex 4.00463 6.67348 1.6
      vertex 3.6 6.7 0
      vertex 4.00463 6.67348 0
    endloop
  endfacet
  facet normal 0.065401 0.997859 -0
    outer loop
      vertex 3.6 0.500001 0
      vertex 3.19537 0.526521 1.6
      vertex 3.6 0.500001 1.6
    endloop
  endfacet
  facet normal 0.065401 0.997859 0
    outer loop
      vertex 3.19537 0.526521 1.6
      vertex 3.6 0.500001 0
      vertex 3.19537 0.526521 0
    endloop
  endfacet
  facet normal 0 0 -1
    outer loop
      vertex 5.3 3.6 1.6
      vertex 6.7 3.6 1.6
      vertex 6.67348 3.19537 1.6
    endloop
  endfacet
  facet normal 0 0 -1
    outer loop
      vertex 5.28546 3.37811 1.6
      vertex 6.67348 3.19537 1.6
      vertex 6.59437 2.79766 1.6
    endloop
  endfacet
  facet normal 0 0 -1
    outer loop
      vertex 6.7 3.6 1.6
      vertex 5.3 3.6 1.6
      vertex 6.67348 4.00463 1.6
    endloop
  endfacet
  facet normal 0 0 -1
    outer loop
      vertex 5.24207 3.16001 1.6
      vertex 6.59437 2.79766 1.6
      vertex 6.46403 2.41368 1.6
    endloop
  endfacet
  facet normal 0 0 -1
    outer loop
      vertex 5.28546 3.82189 1.6
      vertex 6.67348 4.00463 1.6
      vertex 5.3 3.6 1.6
    endloop
  endfacet
  facet normal 0 0 -1
    outer loop
      vertex 5.17059 2.94944 1.6
      vertex 6.46403 2.41368 1.6
      vertex 6.28468 2.05 1.6
    endloop
  endfacet
  facet normal -0 0 -1
    outer loop
      vertex 6.67348 4.00463 1.6
      vertex 5.28546 3.82189 1.6
      vertex 6.59437 4.40234 1.6
    endloop
  endfacet
  facet normal 0 0 -1
    outer loop
      vertex 5.07224 2.75 1.6
      vertex 6.28468 2.05 1.6
      vertex 6.05939 1.71284 1.6
    endloop
  endfacet
  facet normal 0 0 -1
    outer loop
      vertex 5.24207 4.03999 1.6
      vertex 6.59437 4.40234 1.6
      vertex 5.28546 3.82189 1.6
    endloop
  endfacet
  facet normal 0 0 -1
    outer loop
      vertex 4.9487 2.56511 1.6
      vertex 6.05939 1.71284 1.6
      vertex 5.79203 1.40797 1.6
    endloop
  endfacet
  facet normal -0 0 -1
    outer loop
      vertex 6.59437 4.40234 1.6
      vertex 5.24207 4.03999 1.6
      vertex 6.46403 4.78632 1.6
    endloop
  endfacet
  facet normal 0 0 -1
    outer loop
      vertex 4.80208 2.39792 1.6
      vertex 5.79203 1.40797 1.6
      vertex 5.48716 1.14061 1.6
    endloop
  endfacet
  facet normal 0 0 -1
    outer loop
      vertex 5.17059 4.25056 1.6
      vertex 6.46403 4.78632 1.6
      vertex 5.24207 4.03999 1.6
    endloop
  endfacet
  facet normal -0 0 -1
    outer loop
      vertex 6.46403 4.78632 1.6
      vertex 5.17059 4.25056 1.6
      vertex 6.28468 5.15 1.6
    endloop
  endfacet
  facet normal 0 0 -1
    outer loop
      vertex 6.67348 3.19537 1.6
      vertex 5.28546 3.37811 1.6
      vertex 5.3 3.6 1.6
    endloop
  endfacet
  facet normal 0 0 -1
    outer loop
      vertex 6.59437 2.79766 1.6
      vertex 5.24207 3.16001 1.6
      vertex 5.28546 3.37811 1.6
    endloop
  endfacet
  facet normal 0 0 -1
    outer loop
      vertex 6.46403 2.41368 1.6
      vertex 5.17059 2.94944 1.6
      vertex 5.24207 3.16001 1.6
    endloop
  endfacet
  facet normal 0 0 -1
    outer loop
      vertex 4.63489 2.2513 1.6
      vertex 5.48716 1.14061 1.6
      vertex 5.15 0.915322 1.6
    endloop
  endfacet
  facet normal 0 0 -1
    outer loop
      vertex 6.28468 2.05 1.6
      vertex 5.07224 2.75 1.6
      vertex 5.17059 2.94944 1.6
    endloop
  endfacet
  facet normal 0 0 -1
    outer loop
      vertex 6.05939 1.71284 1.6
      vertex 4.9487 2.56511 1.6
      vertex 5.07224 2.75 1.6
    endloop
  endfacet
  facet normal 0 0 -1
    outer loop
      vertex 5.79203 1.40797 1.6
      vertex 4.80208 2.39792 1.6
      vertex 4.9487 2.56511 1.6
    endloop
  endfacet
  facet normal 0 0 -1
    outer loop
      vertex 4.45 2.12776 1.6
      vertex 5.15 0.915322 1.6
      vertex 4.78632 0.735974 1.6
    endloop
  endfacet
  facet normal 0 0 -1
    outer loop
      vertex 5.48716 1.14061 1.6
      vertex 4.63489 2.2513 1.6
      vertex 4.80208 2.39792 1.6
    endloop
  endfacet
  facet normal 0 0 -1
    outer loop
      vertex 5.15 0.915322 1.6
      vertex 4.45 2.12776 1.6
      vertex 4.63489 2.2513 1.6
    endloop
  endfacet
  facet normal 0 0 -1
    outer loop
      vertex 4.25056 2.02941 1.6
      vertex 4.78632 0.735974 1.6
      vertex 4.40234 0.605631 1.6
    endloop
  endfacet
  facet normal 0 0 -1
    outer loop
      vertex 4.78632 0.735974 1.6
      vertex 4.25056 2.02941 1.6
      vertex 4.45 2.12776 1.6
    endloop
  endfacet
  facet normal 0 0 -1
    outer loop
      vertex 4.40234 0.605631 1.6
      vertex 4.03999 1.95793 1.6
      vertex 4.25056 2.02941 1.6
    endloop
  endfacet
  facet normal 0 0 -1
    outer loop
      vertex 4.00463 0.526521 1.6
      vertex 4.03999 1.95793 1.6
      vertex 4.40234 0.605631 1.6
    endloop
  endfacet
  facet normal 0 0 -1
    outer loop
      vertex 4.00463 0.526521 1.6
      vertex 3.82189 1.91454 1.6
      vertex 4.03999 1.95793 1.6
    endloop
  endfacet
  facet normal 0 0 -1
    outer loop
      vertex 3.6 0.500001 1.6
      vertex 3.82189 1.91454 1.6
      vertex 4.00463 0.526521 1.6
    endloop
  endfacet
  facet normal 0 0 -1
    outer loop
      vertex 3.6 0.500001 1.6
      vertex 3.6 1.9 1.6
      vertex 3.82189 1.91454 1.6
    endloop
  endfacet
  facet normal 0 0 -1
    outer loop
      vertex 3.6 0.500001 1.6
      vertex 3.37811 1.91454 1.6
      vertex 3.6 1.9 1.6
    endloop
  endfacet
  facet normal 0 0 -1
    outer loop
      vertex 3.19537 0.526521 1.6
      vertex 3.37811 1.91454 1.6
      vertex 3.6 0.500001 1.6
    endloop
  endfacet
  facet normal 0 0 -1
    outer loop
      vertex 3.19537 0.526521 1.6
      vertex 3.16001 1.95793 1.6
      vertex 3.37811 1.91454 1.6
    endloop
  endfacet
  facet normal 0 0 -1
    outer loop
      vertex 2.79766 0.605631 1.6
      vertex 3.16001 1.95793 1.6
      vertex 3.19537 0.526521 1.6
    endloop
  endfacet
  facet normal -0 0 -1
    outer loop
      vertex 3.16001 1.95793 1.6
      vertex 2.79766 0.605631 1.6
      vertex 2.94944 2.02941 1.6
    endloop
  endfacet
  facet normal 0 0 -1
    outer loop
      vertex 2.41368 0.735974 1.6
      vertex 2.94944 2.02941 1.6
      vertex 2.79766 0.605631 1.6
    endloop
  endfacet
  facet normal -0 0 -1
    outer loop
      vertex 2.94944 2.02941 1.6
      vertex 2.41368 0.735974 1.6
      vertex 2.75 2.12776 1.6
    endloop
  endfacet
  facet normal 0 0 -1
    outer loop
      vertex 2.05 0.915322 1.6
      vertex 2.75 2.12776 1.6
      vertex 2.41368 0.735974 1.6
    endloop
  endfacet
  facet normal -0 0 -1
    outer loop
      vertex 2.75 2.12776 1.6
      vertex 2.05 0.915322 1.6
      vertex 2.56511 2.2513 1.6
    endloop
  endfacet
  facet normal 0 0 -1
    outer loop
      vertex 1.71284 1.14061 1.6
      vertex 2.56511 2.2513 1.6
      vertex 2.05 0.915322 1.6
    endloop
  endfacet
  facet normal -0 0 -1
    outer loop
      vertex 2.56511 2.2513 1.6
      vertex 1.71284 1.14061 1.6
      vertex 2.39792 2.39792 1.6
    endloop
  endfacet
  facet normal 0 0 -1
    outer loop
      vertex 1.40797 1.40797 1.6
      vertex 2.39792 2.39792 1.6
      vertex 1.71284 1.14061 1.6
    endloop
  endfacet
  facet normal -0 0 -1
    outer loop
      vertex 2.39792 2.39792 1.6
      vertex 1.40797 1.40797 1.6
      vertex 2.2513 2.56511 1.6
    endloop
  endfacet
  facet normal 0 0 -1
    outer loop
      vertex 1.14061 1.71284 1.6
      vertex 2.2513 2.56511 1.6
      vertex 1.40797 1.40797 1.6
    endloop
  endfacet
  facet normal -0 0 -1
    outer loop
      vertex 2.2513 2.56511 1.6
      vertex 1.14061 1.71284 1.6
      vertex 2.12776 2.75 1.6
    endloop
  endfacet
  facet normal 0 0 -1
    outer loop
      vertex 0.915322 2.05 1.6
      vertex 2.12776 2.75 1.6
      vertex 1.14061 1.71284 1.6
    endloop
  endfacet
  facet normal -0 0 -1
    outer loop
      vertex 2.12776 2.75 1.6
      vertex 0.915322 2.05 1.6
      vertex 2.02941 2.94944 1.6
    endloop
  endfacet
  facet normal 0 0 -1
    outer loop
      vertex 5.07224 4.45 1.6
      vertex 6.28468 5.15 1.6
      vertex 5.17059 4.25056 1.6
    endloop
  endfacet
  facet normal -0 0 -1
    outer loop
      vertex 6.28468 5.15 1.6
      vertex 5.07224 4.45 1.6
      vertex 6.05939 5.48716 1.6
    endloop
  endfacet
  facet normal 0 0 -1
    outer loop
      vertex 4.9487 4.63489 1.6
      vertex 6.05939 5.48716 1.6
      vertex 5.07224 4.45 1.6
    endloop
  endfacet
  facet normal -0 0 -1
    outer loop
      vertex 6.05939 5.48716 1.6
      vertex 4.9487 4.63489 1.6
      vertex 5.79203 5.79203 1.6
    endloop
  endfacet
  facet normal 0 0 -1
    outer loop
      vertex 4.80208 4.80208 1.6
      vertex 5.79203 5.79203 1.6
      vertex 4.9487 4.63489 1.6
    endloop
  endfacet
  facet normal -0 0 -1
    outer loop
      vertex 5.79203 5.79203 1.6
      vertex 4.80208 4.80208 1.6
      vertex 5.48716 6.05939 1.6
    endloop
  endfacet
  facet normal 0 0 -1
    outer loop
      vertex 4.63489 4.9487 1.6
      vertex 5.48716 6.05939 1.6
      vertex 4.80208 4.80208 1.6
    endloop
  endfacet
  facet normal -0 0 -1
    outer loop
      vertex 5.48716 6.05939 1.6
      vertex 4.63489 4.9487 1.6
      vertex 5.15 6.28468 1.6
    endloop
  endfacet
  facet normal 0 0 -1
    outer loop
      vertex 4.45 5.07224 1.6
      vertex 5.15 6.28468 1.6
      vertex 4.63489 4.9487 1.6
    endloop
  endfacet
  facet normal -0 0 -1
    outer loop
      vertex 5.15 6.28468 1.6
      vertex 4.45 5.07224 1.6
      vertex 4.78632 6.46403 1.6
    endloop
  endfacet
  facet normal 0 0 -1
    outer loop
      vertex 4.25056 5.17059 1.6
      vertex 4.78632 6.46403 1.6
      vertex 4.45 5.07224 1.6
    endloop
  endfacet
  facet normal -0 0 -1
    outer loop
      vertex 4.78632 6.46403 1.6
      vertex 4.25056 5.17059 1.6
      vertex 4.40234 6.59437 1.6
    endloop
  endfacet
  facet normal 0 0 -1
    outer loop
      vertex 4.03999 5.24207 1.6
      vertex 4.40234 6.59437 1.6
      vertex 4.25056 5.17059 1.6
    endloop
  endfacet
  facet normal 0 0 -1
    outer loop
      vertex 4.03999 5.24207 1.6
      vertex 4.00463 6.67348 1.6
      vertex 4.40234 6.59437 1.6
    endloop
  endfacet
  facet normal 0 0 -1
    outer loop
      vertex 3.82189 5.28546 1.6
      vertex 4.00463 6.67348 1.6
      vertex 4.03999 5.24207 1.6
    endloop
  endfacet
  facet normal 0 0 -1
    outer loop
      vertex 3.6 5.3 1.6
      vertex 4.00463 6.67348 1.6
      vertex 3.82189 5.28546 1.6
    endloop
  endfacet
  facet normal 0 0 -1
    outer loop
      vertex 3.6 5.3 1.6
      vertex 3.6 6.7 1.6
      vertex 4.00463 6.67348 1.6
    endloop
  endfacet
  facet normal 0 0 -1
    outer loop
      vertex 3.37811 5.28546 1.6
      vertex 3.6 6.7 1.6
      vertex 3.6 5.3 1.6
    endloop
  endfacet
  facet normal 0 0 -1
    outer loop
      vertex 3.37811 5.28546 1.6
      vertex 3.19537 6.67348 1.6
      vertex 3.6 6.7 1.6
    endloop
  endfacet
  facet normal 0 0 -1
    outer loop
      vertex 3.16001 5.24207 1.6
      vertex 3.19537 6.67348 1.6
      vertex 3.37811 5.28546 1.6
    endloop
  endfacet
  facet normal 0 0 -1
    outer loop
      vertex 2.79766 6.59437 1.6
      vertex 3.16001 5.24207 1.6
      vertex 2.94944 5.17059 1.6
    endloop
  endfacet
  facet normal 0 0 -1
    outer loop
      vertex 3.16001 5.24207 1.6
      vertex 2.79766 6.59437 1.6
      vertex 3.19537 6.67348 1.6
    endloop
  endfacet
  facet normal 0 0 -1
    outer loop
      vertex 2.41368 6.46403 1.6
      vertex 2.94944 5.17059 1.6
      vertex 2.75 5.07224 1.6
    endloop
  endfacet
  facet normal 0 0 -1
    outer loop
      vertex 2.05 6.28468 1.6
      vertex 2.75 5.07224 1.6
      vertex 2.56511 4.9487 1.6
    endloop
  endfacet
  facet normal 0 0 -1
    outer loop
      vertex 2.94944 5.17059 1.6
      vertex 2.41368 6.46403 1.6
      vertex 2.79766 6.59437 1.6
    endloop
  endfacet
  facet normal 0 0 -1
    outer loop
      vertex 1.71284 6.05939 1.6
      vertex 2.56511 4.9487 1.6
      vertex 2.39792 4.80208 1.6
    endloop
  endfacet
  facet normal 0 0 -1
    outer loop
      vertex 1.40797 5.79203 1.6
      vertex 2.39792 4.80208 1.6
      vertex 2.2513 4.63489 1.6
    endloop
  endfacet
  facet normal 0 0 -1
    outer loop
      vertex 1.14061 5.48716 1.6
      vertex 2.2513 4.63489 1.6
      vertex 2.12776 4.45 1.6
    endloop
  endfacet
  facet normal 0 0 -1
    outer loop
      vertex 2.75 5.07224 1.6
      vertex 2.05 6.28468 1.6
      vertex 2.41368 6.46403 1.6
    endloop
  endfacet
  facet normal 0 0 -1
    outer loop
      vertex 0.915322 5.15 1.6
      vertex 2.12776 4.45 1.6
      vertex 2.02941 4.25056 1.6
    endloop
  endfacet
  facet normal 0 0 -1
    outer loop
      vertex 0.735974 4.78632 1.6
      vertex 2.02941 4.25056 1.6
      vertex 1.95793 4.03999 1.6
    endloop
  endfacet
  facet normal 0 0 -1
    outer loop
      vertex 0.605631 4.40234 1.6
      vertex 1.95793 4.03999 1.6
      vertex 1.91454 3.82189 1.6
    endloop
  endfacet
  facet normal 0 0 -1
    outer loop
      vertex 0.526521 4.00463 1.6
      vertex 1.91454 3.82189 1.6
      vertex 1.9 3.6 1.6
    endloop
  endfacet
  facet normal 0 0 -1
    outer loop
      vertex 0.735974 2.41368 1.6
      vertex 2.02941 2.94944 1.6
      vertex 0.915322 2.05 1.6
    endloop
  endfacet
  facet normal 0 0 -1
    outer loop
      vertex 2.56511 4.9487 1.6
      vertex 1.71284 6.05939 1.6
      vertex 2.05 6.28468 1.6
    endloop
  endfacet
  facet normal -0 0 -1
    outer loop
      vertex 2.02941 2.94944 1.6
      vertex 0.735974 2.41368 1.6
      vertex 1.95793 3.16001 1.6
    endloop
  endfacet
  facet normal 0 0 -1
    outer loop
      vertex 2.39792 4.80208 1.6
      vertex 1.40797 5.79203 1.6
      vertex 1.71284 6.05939 1.6
    endloop
  endfacet
  facet normal 0 0 -1
    outer loop
      vertex 0.605631 2.79766 1.6
      vertex 1.95793 3.16001 1.6
      vertex 0.735974 2.41368 1.6
    endloop
  endfacet
  facet normal 0 0 -1
    outer loop
      vertex 2.2513 4.63489 1.6
      vertex 1.14061 5.48716 1.6
      vertex 1.40797 5.79203 1.6
    endloop
  endfacet
  facet normal -0 0 -1
    outer loop
      vertex 1.95793 3.16001 1.6
      vertex 0.605631 2.79766 1.6
      vertex 1.91454 3.37811 1.6
    endloop
  endfacet
  facet normal 0 0 -1
    outer loop
      vertex 2.12776 4.45 1.6
      vertex 0.915322 5.15 1.6
      vertex 1.14061 5.48716 1.6
    endloop
  endfacet
  facet normal 0 0 -1
    outer loop
      vertex 0.526521 3.19537 1.6
      vertex 1.91454 3.37811 1.6
      vertex 0.605631 2.79766 1.6
    endloop
  endfacet
  facet normal 0 0 -1
    outer loop
      vertex 2.02941 4.25056 1.6
      vertex 0.735974 4.78632 1.6
      vertex 0.915322 5.15 1.6
    endloop
  endfacet
  facet normal -0 0 -1
    outer loop
      vertex 1.91454 3.37811 1.6
      vertex 0.526521 3.19537 1.6
      vertex 1.9 3.6 1.6
    endloop
  endfacet
  facet normal 0 0 -1
    outer loop
      vertex 1.95793 4.03999 1.6
      vertex 0.605631 4.40234 1.6
      vertex 0.735974 4.78632 1.6
    endloop
  endfacet
  facet normal 0 0 -1
    outer loop
      vertex 0.500001 3.6 1.6
      vertex 1.9 3.6 1.6
      vertex 0.526521 3.19537 1.6
    endloop
  endfacet
  facet normal 0 0 -1
    outer loop
      vertex 1.91454 3.82189 1.6
      vertex 0.526521 4.00463 1.6
      vertex 0.605631 4.40234 1.6
    endloop
  endfacet
  facet normal 0 0 -1
    outer loop
      vertex 1.9 3.6 1.6
      vertex 0.500001 3.6 1.6
      vertex 0.526521 4.00463 1.6
    endloop
  endfacet
  facet normal 0.896872 -0.44229 0
    outer loop
      vertex 0.735974 4.78632 1.6
      vertex 0.915322 5.15 0
      vertex 0.915322 5.15 1.6
    endloop
  endfacet
  facet normal 0.896872 -0.44229 0
    outer loop
      vertex 0.915322 5.15 0
      vertex 0.735974 4.78632 1.6
      vertex 0.735974 4.78632 0
    endloop
  endfacet
  facet normal 0.896872 0.44229 0
    outer loop
      vertex 0.915322 2.05 1.6
      vertex 0.735974 2.41368 0
      vertex 0.735974 2.41368 1.6
    endloop
  endfacet
  facet normal 0.896872 0.44229 0
    outer loop
      vertex 0.735974 2.41368 0
      vertex 0.915322 2.05 1.6
      vertex 0.915322 2.05 0
    endloop
  endfacet
  facet normal 0.831464 0.555579 0
    outer loop
      vertex 1.14061 1.71284 1.6
      vertex 0.915322 2.05 0
      vertex 0.915322 2.05 1.6
    endloop
  endfacet
  facet normal 0.831464 0.555579 0
    outer loop
      vertex 0.915322 2.05 0
      vertex 1.14061 1.71284 1.6
      vertex 1.14061 1.71284 0
    endloop
  endfacet
  facet normal 0.555582 -0.831462 0
    outer loop
      vertex 1.71284 6.05939 0
      vertex 2.05 6.28468 1.6
      vertex 1.71284 6.05939 1.6
    endloop
  endfacet
  facet normal 0.555582 -0.831462 0
    outer loop
      vertex 2.05 6.28468 1.6
      vertex 1.71284 6.05939 0
      vertex 2.05 6.28468 0
    endloop
  endfacet
  facet normal -0.981113 0.193434 0
    outer loop
      vertex 144.042 3.16001 1.6
      vertex 144.085 3.37811 3
      vertex 144.085 3.37811 1.6
    endloop
  endfacet
  facet normal -0.981113 0.193434 0
    outer loop
      vertex 144.085 3.37811 3
      vertex 144.042 3.16001 1.6
      vertex 144.042 3.16001 3
    endloop
  endfacet
  facet normal -0.997723 0.0674471 0
    outer loop
      vertex 144.085 3.37811 1.6
      vertex 144.1 3.6 3
      vertex 144.1 3.6 1.6
    endloop
  endfacet
  facet normal -0.997723 0.0674471 0
    outer loop
      vertex 144.1 3.6 3
      vertex 144.085 3.37811 1.6
      vertex 144.085 3.37811 3
    endloop
  endfacet
  facet normal -0.0653555 -0.997862 0
    outer loop
      vertex 142.4 5.3 1.6
      vertex 142.622 5.28546 3
      vertex 142.4 5.3 3
    endloop
  endfacet
  facet normal -0.0653555 -0.997862 -0
    outer loop
      vertex 142.622 5.28546 3
      vertex 142.4 5.3 1.6
      vertex 142.622 5.28546 1.6
    endloop
  endfacet
  facet normal 0.659765 0.751472 -0
    outer loop
      vertex 141.365 2.2513 1.6
      vertex 141.198 2.39792 3
      vertex 141.365 2.2513 3
    endloop
  endfacet
  facet normal 0.659765 0.751472 0
    outer loop
      vertex 141.198 2.39792 3
      vertex 141.365 2.2513 1.6
      vertex 141.198 2.39792 1.6
    endloop
  endfacet
  facet normal 0.83259 -0.553889 0
    outer loop
      vertex 140.928 4.45 3
      vertex 141.051 4.63489 1.6
      vertex 141.051 4.63489 3
    endloop
  endfacet
  facet normal 0.83259 -0.553889 0
    outer loop
      vertex 141.051 4.63489 1.6
      vertex 140.928 4.45 3
      vertex 140.928 4.45 1.6
    endloop
  endfacet
  facet normal 0.195208 -0.980762 0
    outer loop
      vertex 141.96 5.24207 1.6
      vertex 142.178 5.28546 3
      vertex 141.96 5.24207 3
    endloop
  endfacet
  facet normal 0.195208 -0.980762 0
    outer loop
      vertex 142.178 5.28546 3
      vertex 141.96 5.24207 1.6
      vertex 142.178 5.28546 1.6
    endloop
  endfacet
  facet normal -0.659765 0.751472 0
    outer loop
      vertex 143.602 2.39792 1.6
      vertex 143.435 2.2513 3
      vertex 143.602 2.39792 3
    endloop
  endfacet
  facet normal -0.659765 0.751472 0
    outer loop
      vertex 143.435 2.2513 3
      vertex 143.602 2.39792 1.6
      vertex 143.435 2.2513 1.6
    endloop
  endfacet
  facet normal -0.947584 -0.319506 0
    outer loop
      vertex 144.042 4.03999 1.6
      vertex 143.971 4.25056 3
      vertex 143.971 4.25056 1.6
    endloop
  endfacet
  facet normal -0.947584 -0.319506 0
    outer loop
      vertex 143.971 4.25056 3
      vertex 144.042 4.03999 1.6
      vertex 144.042 4.03999 3
    endloop
  endfacet
  facet normal -0.750997 -0.660306 0
    outer loop
      vertex 143.749 4.63489 1.6
      vertex 143.602 4.80208 3
      vertex 143.602 4.80208 1.6
    endloop
  endfacet
  facet normal -0.750997 -0.660306 0
    outer loop
      vertex 143.602 4.80208 3
      vertex 143.749 4.63489 1.6
      vertex 143.749 4.63489 3
    endloop
  endfacet
  facet normal -0.750997 0.660306 0
    outer loop
      vertex 143.602 2.39792 1.6
      vertex 143.749 2.56511 3
      vertex 143.749 2.56511 1.6
    endloop
  endfacet
  facet normal -0.750997 0.660306 0
    outer loop
      vertex 143.749 2.56511 3
      vertex 143.602 2.39792 1.6
      vertex 143.602 2.39792 3
    endloop
  endfacet
  facet normal 0.947584 -0.319506 0
    outer loop
      vertex 140.758 4.03999 3
      vertex 140.829 4.25056 1.6
      vertex 140.829 4.25056 3
    endloop
  endfacet
  facet normal 0.947584 -0.319506 0
    outer loop
      vertex 140.829 4.25056 1.6
      vertex 140.758 4.03999 3
      vertex 140.758 4.03999 1.6
    endloop
  endfacet
  facet normal -0.320856 -0.947128 0
    outer loop
      vertex 142.84 5.24207 1.6
      vertex 143.051 5.17059 3
      vertex 142.84 5.24207 3
    endloop
  endfacet
  facet normal -0.320856 -0.947128 -0
    outer loop
      vertex 143.051 5.17059 3
      vertex 142.84 5.24207 1.6
      vertex 143.051 5.17059 1.6
    endloop
  endfacet
  facet normal 0.0653555 -0.997862 0
    outer loop
      vertex 142.178 5.28546 1.6
      vertex 142.4 5.3 3
      vertex 142.178 5.28546 3
    endloop
  endfacet
  facet normal 0.0653555 -0.997862 0
    outer loop
      vertex 142.4 5.3 3
      vertex 142.178 5.28546 1.6
      vertex 142.4 5.3 1.6
    endloop
  endfacet
  facet normal 0.320856 0.947128 -0
    outer loop
      vertex 141.96 1.95793 1.6
      vertex 141.749 2.02941 3
      vertex 141.96 1.95793 3
    endloop
  endfacet
  facet normal 0.320856 0.947128 0
    outer loop
      vertex 141.749 2.02941 3
      vertex 141.96 1.95793 1.6
      vertex 141.749 2.02941 1.6
    endloop
  endfacet
  facet normal 0.750997 0.660306 0
    outer loop
      vertex 141.198 2.39792 3
      vertex 141.051 2.56511 1.6
      vertex 141.051 2.56511 3
    endloop
  endfacet
  facet normal 0.750997 0.660306 0
    outer loop
      vertex 141.051 2.56511 1.6
      vertex 141.198 2.39792 3
      vertex 141.198 2.39792 1.6
    endloop
  endfacet
  facet normal 0.443064 -0.89649 0
    outer loop
      vertex 141.55 5.07224 1.6
      vertex 141.749 5.17059 3
      vertex 141.55 5.07224 3
    endloop
  endfacet
  facet normal 0.443064 -0.89649 0
    outer loop
      vertex 141.749 5.17059 3
      vertex 141.55 5.07224 1.6
      vertex 141.749 5.17059 1.6
    endloop
  endfacet
  facet normal 0.0653555 0.997862 -0
    outer loop
      vertex 142.4 1.9 1.6
      vertex 142.178 1.91454 3
      vertex 142.4 1.9 3
    endloop
  endfacet
  facet normal 0.0653555 0.997862 0
    outer loop
      vertex 142.178 1.91454 3
      vertex 142.4 1.9 1.6
      vertex 142.178 1.91454 1.6
    endloop
  endfacet
  facet normal -0.895717 -0.444625 0
    outer loop
      vertex 143.971 4.25056 1.6
      vertex 143.872 4.45 3
      vertex 143.872 4.45 1.6
    endloop
  endfacet
  facet normal -0.895717 -0.444625 0
    outer loop
      vertex 143.872 4.45 3
      vertex 143.971 4.25056 1.6
      vertex 143.971 4.25056 3
    endloop
  endfacet
  facet normal -0.555343 -0.831621 0
    outer loop
      vertex 143.25 5.07224 1.6
      vertex 143.435 4.9487 3
      vertex 143.25 5.07224 3
    endloop
  endfacet
  facet normal -0.555343 -0.831621 -0
    outer loop
      vertex 143.435 4.9487 3
      vertex 143.25 5.07224 1.6
      vertex 143.435 4.9487 1.6
    endloop
  endfacet
  facet normal 0.981113 -0.193434 0
    outer loop
      vertex 140.715 3.82189 3
      vertex 140.758 4.03999 1.6
      vertex 140.758 4.03999 3
    endloop
  endfacet
  facet normal 0.981113 -0.193434 0
    outer loop
      vertex 140.758 4.03999 1.6
      vertex 140.715 3.82189 3
      vertex 140.715 3.82189 1.6
    endloop
  endfacet
  facet normal -0.195208 0.980762 0
    outer loop
      vertex 142.84 1.95793 1.6
      vertex 142.622 1.91454 3
      vertex 142.84 1.95793 3
    endloop
  endfacet
  facet normal -0.195208 0.980762 0
    outer loop
      vertex 142.622 1.91454 3
      vertex 142.84 1.95793 1.6
      vertex 142.622 1.91454 1.6
    endloop
  endfacet
  facet normal -0.83259 0.553889 0
    outer loop
      vertex 143.749 2.56511 1.6
      vertex 143.872 2.75 3
      vertex 143.872 2.75 1.6
    endloop
  endfacet
  facet normal -0.83259 0.553889 0
    outer loop
      vertex 143.872 2.75 3
      vertex 143.749 2.56511 1.6
      vertex 143.749 2.56511 3
    endloop
  endfacet
  facet normal -0.997723 -0.0674471 0
    outer loop
      vertex 144.1 3.6 1.6
      vertex 144.085 3.82189 3
      vertex 144.085 3.82189 1.6
    endloop
  endfacet
  facet normal -0.997723 -0.0674471 0
    outer loop
      vertex 144.085 3.82189 3
      vertex 144.1 3.6 1.6
      vertex 144.1 3.6 3
    endloop
  endfacet
  facet normal -0.320856 0.947128 0
    outer loop
      vertex 143.051 2.02941 1.6
      vertex 142.84 1.95793 3
      vertex 143.051 2.02941 3
    endloop
  endfacet
  facet normal -0.320856 0.947128 0
    outer loop
      vertex 142.84 1.95793 3
      vertex 143.051 2.02941 1.6
      vertex 142.84 1.95793 1.6
    endloop
  endfacet
  facet normal -0.555343 0.831621 0
    outer loop
      vertex 143.435 2.2513 1.6
      vertex 143.25 2.12776 3
      vertex 143.435 2.2513 3
    endloop
  endfacet
  facet normal -0.555343 0.831621 0
    outer loop
      vertex 143.25 2.12776 3
      vertex 143.435 2.2513 1.6
      vertex 143.25 2.12776 1.6
    endloop
  endfacet
  facet normal 0.195208 0.980762 -0
    outer loop
      vertex 142.178 1.91454 1.6
      vertex 141.96 1.95793 3
      vertex 142.178 1.91454 3
    endloop
  endfacet
  facet normal 0.195208 0.980762 0
    outer loop
      vertex 141.96 1.95793 3
      vertex 142.178 1.91454 1.6
      vertex 141.96 1.95793 1.6
    endloop
  endfacet
  facet normal -0.659765 -0.751472 0
    outer loop
      vertex 143.435 4.9487 1.6
      vertex 143.602 4.80208 3
      vertex 143.435 4.9487 3
    endloop
  endfacet
  facet normal -0.659765 -0.751472 -0
    outer loop
      vertex 143.602 4.80208 3
      vertex 143.435 4.9487 1.6
      vertex 143.602 4.80208 1.6
    endloop
  endfacet
  facet normal 0.895717 0.444625 0
    outer loop
      vertex 140.928 2.75 3
      vertex 140.829 2.94944 1.6
      vertex 140.829 2.94944 3
    endloop
  endfacet
  facet normal 0.895717 0.444625 0
    outer loop
      vertex 140.829 2.94944 1.6
      vertex 140.928 2.75 3
      vertex 140.928 2.75 1.6
    endloop
  endfacet
  facet normal -0.981113 -0.193434 0
    outer loop
      vertex 144.085 3.82189 1.6
      vertex 144.042 4.03999 3
      vertex 144.042 4.03999 1.6
    endloop
  endfacet
  facet normal -0.981113 -0.193434 0
    outer loop
      vertex 144.042 4.03999 3
      vertex 144.085 3.82189 1.6
      vertex 144.085 3.82189 3
    endloop
  endfacet
  facet normal -0.195208 -0.980762 0
    outer loop
      vertex 142.622 5.28546 1.6
      vertex 142.84 5.24207 3
      vertex 142.622 5.28546 3
    endloop
  endfacet
  facet normal -0.195208 -0.980762 -0
    outer loop
      vertex 142.84 5.24207 3
      vertex 142.622 5.28546 1.6
      vertex 142.84 5.24207 1.6
    endloop
  endfacet
  facet normal 0.659765 -0.751472 0
    outer loop
      vertex 141.198 4.80208 1.6
      vertex 141.365 4.9487 3
      vertex 141.198 4.80208 3
    endloop
  endfacet
  facet normal 0.659765 -0.751472 0
    outer loop
      vertex 141.365 4.9487 3
      vertex 141.198 4.80208 1.6
      vertex 141.365 4.9487 1.6
    endloop
  endfacet
  facet normal 0.750997 -0.660306 0
    outer loop
      vertex 141.051 4.63489 3
      vertex 141.198 4.80208 1.6
      vertex 141.198 4.80208 3
    endloop
  endfacet
  facet normal 0.750997 -0.660306 0
    outer loop
      vertex 141.198 4.80208 1.6
      vertex 141.051 4.63489 3
      vertex 141.051 4.63489 1.6
    endloop
  endfacet
  facet normal -0.0653555 0.997862 0
    outer loop
      vertex 142.622 1.91454 1.6
      vertex 142.4 1.9 3
      vertex 142.622 1.91454 3
    endloop
  endfacet
  facet normal -0.0653555 0.997862 0
    outer loop
      vertex 142.4 1.9 3
      vertex 142.622 1.91454 1.6
      vertex 142.4 1.9 1.6
    endloop
  endfacet
  facet normal -0.443064 0.89649 0
    outer loop
      vertex 143.25 2.12776 1.6
      vertex 143.051 2.02941 3
      vertex 143.25 2.12776 3
    endloop
  endfacet
  facet normal -0.443064 0.89649 0
    outer loop
      vertex 143.051 2.02941 3
      vertex 143.25 2.12776 1.6
      vertex 143.051 2.02941 1.6
    endloop
  endfacet
  facet normal -0.83259 -0.553889 0
    outer loop
      vertex 143.872 4.45 1.6
      vertex 143.749 4.63489 3
      vertex 143.749 4.63489 1.6
    endloop
  endfacet
  facet normal -0.83259 -0.553889 0
    outer loop
      vertex 143.749 4.63489 3
      vertex 143.872 4.45 1.6
      vertex 143.872 4.45 3
    endloop
  endfacet
  facet normal 0.997723 -0.0674471 0
    outer loop
      vertex 140.7 3.6 3
      vertex 140.715 3.82189 1.6
      vertex 140.715 3.82189 3
    endloop
  endfacet
  facet normal 0.997723 -0.0674471 0
    outer loop
      vertex 140.715 3.82189 1.6
      vertex 140.7 3.6 3
      vertex 140.7 3.6 1.6
    endloop
  endfacet
  facet normal -0.443064 -0.89649 0
    outer loop
      vertex 143.051 5.17059 1.6
      vertex 143.25 5.07224 3
      vertex 143.051 5.17059 3
    endloop
  endfacet
  facet normal -0.443064 -0.89649 -0
    outer loop
      vertex 143.25 5.07224 3
      vertex 143.051 5.17059 1.6
      vertex 143.25 5.07224 1.6
    endloop
  endfacet
  facet normal 0.981113 0.193434 0
    outer loop
      vertex 140.758 3.16001 3
      vertex 140.715 3.37811 1.6
      vertex 140.715 3.37811 3
    endloop
  endfacet
  facet normal 0.981113 0.193434 0
    outer loop
      vertex 140.715 3.37811 1.6
      vertex 140.758 3.16001 3
      vertex 140.758 3.16001 1.6
    endloop
  endfacet
  facet normal 0.895717 -0.444625 0
    outer loop
      vertex 140.829 4.25056 3
      vertex 140.928 4.45 1.6
      vertex 140.928 4.45 3
    endloop
  endfacet
  facet normal 0.895717 -0.444625 0
    outer loop
      vertex 140.928 4.45 1.6
      vertex 140.829 4.25056 3
      vertex 140.829 4.25056 1.6
    endloop
  endfacet
  facet normal 0.947584 0.319506 0
    outer loop
      vertex 140.829 2.94944 3
      vertex 140.758 3.16001 1.6
      vertex 140.758 3.16001 3
    endloop
  endfacet
  facet normal 0.947584 0.319506 0
    outer loop
      vertex 140.758 3.16001 1.6
      vertex 140.829 2.94944 3
      vertex 140.829 2.94944 1.6
    endloop
  endfacet
  facet normal 0.555343 0.831621 -0
    outer loop
      vertex 141.55 2.12776 1.6
      vertex 141.365 2.2513 3
      vertex 141.55 2.12776 3
    endloop
  endfacet
  facet normal 0.555343 0.831621 0
    outer loop
      vertex 141.365 2.2513 3
      vertex 141.55 2.12776 1.6
      vertex 141.365 2.2513 1.6
    endloop
  endfacet
  facet normal -0.895717 0.444625 0
    outer loop
      vertex 143.872 2.75 1.6
      vertex 143.971 2.94944 3
      vertex 143.971 2.94944 1.6
    endloop
  endfacet
  facet normal -0.895717 0.444625 0
    outer loop
      vertex 143.971 2.94944 3
      vertex 143.872 2.75 1.6
      vertex 143.872 2.75 3
    endloop
  endfacet
  facet normal -0.947584 0.319506 0
    outer loop
      vertex 143.971 2.94944 1.6
      vertex 144.042 3.16001 3
      vertex 144.042 3.16001 1.6
    endloop
  endfacet
  facet normal -0.947584 0.319506 0
    outer loop
      vertex 144.042 3.16001 3
      vertex 143.971 2.94944 1.6
      vertex 143.971 2.94944 3
    endloop
  endfacet
  facet normal 0.997723 0.0674471 0
    outer loop
      vertex 140.715 3.37811 3
      vertex 140.7 3.6 1.6
      vertex 140.7 3.6 3
    endloop
  endfacet
  facet normal 0.997723 0.0674471 0
    outer loop
      vertex 140.7 3.6 1.6
      vertex 140.715 3.37811 3
      vertex 140.715 3.37811 1.6
    endloop
  endfacet
  facet normal 0.320856 -0.947128 0
    outer loop
      vertex 141.749 5.17059 1.6
      vertex 141.96 5.24207 3
      vertex 141.749 5.17059 3
    endloop
  endfacet
  facet normal 0.320856 -0.947128 0
    outer loop
      vertex 141.96 5.24207 3
      vertex 141.749 5.17059 1.6
      vertex 141.96 5.24207 1.6
    endloop
  endfacet
  facet normal 0.443064 0.89649 -0
    outer loop
      vertex 141.749 2.02941 1.6
      vertex 141.55 2.12776 3
      vertex 141.749 2.02941 3
    endloop
  endfacet
  facet normal 0.443064 0.89649 0
    outer loop
      vertex 141.55 2.12776 3
      vertex 141.749 2.02941 1.6
      vertex 141.55 2.12776 1.6
    endloop
  endfacet
  facet normal 0.83259 0.553889 0
    outer loop
      vertex 141.051 2.56511 3
      vertex 140.928 2.75 1.6
      vertex 140.928 2.75 3
    endloop
  endfacet
  facet normal 0.83259 0.553889 0
    outer loop
      vertex 140.928 2.75 1.6
      vertex 141.051 2.56511 3
      vertex 141.051 2.56511 1.6
    endloop
  endfacet
  facet normal 0.555343 -0.831621 0
    outer loop
      vertex 141.365 4.9487 1.6
      vertex 141.55 5.07224 3
      vertex 141.365 4.9487 3
    endloop
  endfacet
  facet normal 0.555343 -0.831621 0
    outer loop
      vertex 141.55 5.07224 3
      vertex 141.365 4.9487 1.6
      vertex 141.55 5.07224 1.6
    endloop
  endfacet
  facet normal 0.897212 -0.4416 0
    outer loop
      vertex 139.536 4.78632 1.6
      vertex 139.715 5.15 0
      vertex 139.715 5.15 1.6
    endloop
  endfacet
  facet normal 0.897212 -0.4416 0
    outer loop
      vertex 139.715 5.15 0
      vertex 139.536 4.78632 1.6
      vertex 139.536 4.78632 0
    endloop
  endfacet
  facet normal -0.441982 -0.897024 0
    outer loop
      vertex 143.586 6.46403 0
      vertex 143.95 6.28468 1.6
      vertex 143.586 6.46403 1.6
    endloop
  endfacet
  facet normal -0.441982 -0.897024 -0
    outer loop
      vertex 143.95 6.28468 1.6
      vertex 143.586 6.46403 0
      vertex 143.95 6.28468 0
    endloop
  endfacet
  facet normal -0.980837 0.194831 0
    outer loop
      vertex 145.394 2.79766 0
      vertex 145.473 3.19537 1.6
      vertex 145.473 3.19537 0
    endloop
  endfacet
  facet normal -0.980837 0.194831 0
    outer loop
      vertex 145.473 3.19537 1.6
      vertex 145.394 2.79766 0
      vertex 145.394 2.79766 1.6
    endloop
  endfacet
  facet normal -0.997781 0.0665796 0
    outer loop
      vertex 145.473 3.19537 0
      vertex 145.5 3.6 1.6
      vertex 145.5 3.6 0
    endloop
  endfacet
  facet normal -0.997781 0.0665796 0
    outer loop
      vertex 145.5 3.6 1.6
      vertex 145.473 3.19537 0
      vertex 145.473 3.19537 1.6
    endloop
  endfacet
  facet normal -0.947188 0.320679 0
    outer loop
      vertex 145.264 2.41368 0
      vertex 145.394 2.79766 1.6
      vertex 145.394 2.79766 0
    endloop
  endfacet
  facet normal -0.947188 0.320679 0
    outer loop
      vertex 145.394 2.79766 1.6
      vertex 145.264 2.41368 0
      vertex 145.264 2.41368 1.6
    endloop
  endfacet
  facet normal -0.752285 -0.658838 0
    outer loop
      vertex 144.859 5.48716 0
      vertex 144.592 5.79203 1.6
      vertex 144.592 5.79203 0
    endloop
  endfacet
  facet normal -0.752285 -0.658838 0
    outer loop
      vertex 144.592 5.79203 1.6
      vertex 144.859 5.48716 0
      vertex 144.859 5.48716 1.6
    endloop
  endfacet
  facet normal -0.321423 0.946936 0
    outer loop
      vertex 143.586 0.735974 0
      vertex 143.202 0.605631 1.6
      vertex 143.586 0.735974 1.6
    endloop
  endfacet
  facet normal -0.321423 0.946936 0
    outer loop
      vertex 143.202 0.605631 1.6
      vertex 143.586 0.735974 0
      vertex 143.202 0.605631 0
    endloop
  endfacet
  facet normal -0.555761 0.831342 0
    outer loop
      vertex 144.287 1.14061 0
      vertex 143.95 0.915322 1.6
      vertex 144.287 1.14061 1.6
    endloop
  endfacet
  facet normal -0.555761 0.831342 0
    outer loop
      vertex 143.95 0.915322 1.6
      vertex 144.287 1.14061 0
      vertex 143.95 0.915322 0
    endloop
  endfacet
  facet normal -0.897212 -0.4416 0
    outer loop
      vertex 145.264 4.78632 0
      vertex 145.085 5.15 1.6
      vertex 145.085 5.15 0
    endloop
  endfacet
  facet normal -0.897212 -0.4416 0
    outer loop
      vertex 145.085 5.15 1.6
      vertex 145.264 4.78632 0
      vertex 145.264 4.78632 1.6
    endloop
  endfacet
  facet normal -0.321416 -0.946938 0
    outer loop
      vertex 143.202 6.59437 0
      vertex 143.586 6.46403 1.6
      vertex 143.202 6.59437 1.6
    endloop
  endfacet
  facet normal -0.321416 -0.946938 -0
    outer loop
      vertex 143.586 6.46403 1.6
      vertex 143.202 6.59437 0
      vertex 143.586 6.46403 0
    endloop
  endfacet
  facet normal -0.897212 0.4416 0
    outer loop
      vertex 145.085 2.05 0
      vertex 145.264 2.41368 1.6
      vertex 145.264 2.41368 0
    endloop
  endfacet
  facet normal -0.897212 0.4416 0
    outer loop
      vertex 145.264 2.41368 1.6
      vertex 145.085 2.05 0
      vertex 145.085 2.05 1.6
    endloop
  endfacet
  facet normal 0.195427 0.980718 -0
    outer loop
      vertex 141.995 0.526521 0
      vertex 141.598 0.605631 1.6
      vertex 141.995 0.526521 1.6
    endloop
  endfacet
  facet normal 0.195427 0.980718 0
    outer loop
      vertex 141.598 0.605631 1.6
      vertex 141.995 0.526521 0
      vertex 141.598 0.605631 0
    endloop
  endfacet
  facet normal 0.0653415 -0.997863 0
    outer loop
      vertex 141.995 6.67348 0
      vertex 142.4 6.7 1.6
      vertex 141.995 6.67348 1.6
    endloop
  endfacet
  facet normal 0.0653415 -0.997863 0
    outer loop
      vertex 142.4 6.7 1.6
      vertex 141.995 6.67348 0
      vertex 142.4 6.7 0
    endloop
  endfacet
  facet normal 0.555761 0.831342 -0
    outer loop
      vertex 140.85 0.915322 0
      vertex 140.513 1.14061 1.6
      vertex 140.85 0.915322 1.6
    endloop
  endfacet
  facet normal 0.555761 0.831342 0
    outer loop
      vertex 140.513 1.14061 1.6
      vertex 140.85 0.915322 0
      vertex 140.513 1.14061 0
    endloop
  endfacet
  facet normal 0.321416 -0.946938 0
    outer loop
      vertex 141.214 6.46403 0
      vertex 141.598 6.59437 1.6
      vertex 141.214 6.46403 1.6
    endloop
  endfacet
  facet normal 0.321416 -0.946938 0
    outer loop
      vertex 141.598 6.59437 1.6
      vertex 141.214 6.46403 0
      vertex 141.598 6.59437 0
    endloop
  endfacet
  facet normal -0.947188 -0.320679 0
    outer loop
      vertex 145.394 4.40234 0
      vertex 145.264 4.78632 1.6
      vertex 145.264 4.78632 0
    endloop
  endfacet
  facet normal -0.947188 -0.320679 0
    outer loop
      vertex 145.264 4.78632 1.6
      vertex 145.394 4.40234 0
      vertex 145.394 4.40234 1.6
    endloop
  endfacet
  facet normal 0.830653 -0.556791 0
    outer loop
      vertex 139.715 5.15 1.6
      vertex 139.941 5.48716 0
      vertex 139.941 5.48716 1.6
    endloop
  endfacet
  facet normal 0.830653 -0.556791 0
    outer loop
      vertex 139.941 5.48716 0
      vertex 139.715 5.15 1.6
      vertex 139.715 5.15 0
    endloop
  endfacet
  facet normal 0.659182 -0.751984 0
    outer loop
      vertex 140.208 5.79203 0
      vertex 140.513 6.05939 1.6
      vertex 140.208 5.79203 1.6
    endloop
  endfacet
  facet normal 0.659182 -0.751984 0
    outer loop
      vertex 140.513 6.05939 1.6
      vertex 140.208 5.79203 0
      vertex 140.513 6.05939 0
    endloop
  endfacet
  facet normal 0.659182 0.751984 -0
    outer loop
      vertex 140.513 1.14061 0
      vertex 140.208 1.40797 1.6
      vertex 140.513 1.14061 1.6
    endloop
  endfacet
  facet normal 0.659182 0.751984 0
    outer loop
      vertex 140.208 1.40797 1.6
      vertex 140.513 1.14061 0
      vertex 140.208 1.40797 0
    endloop
  endfacet
  facet normal 0.947188 0.320679 0
    outer loop
      vertex 139.536 2.41368 1.6
      vertex 139.406 2.79766 0
      vertex 139.406 2.79766 1.6
    endloop
  endfacet
  facet normal 0.947188 0.320679 0
    outer loop
      vertex 139.406 2.79766 0
      vertex 139.536 2.41368 1.6
      vertex 139.536 2.41368 0
    endloop
  endfacet
  facet normal 0.441978 0.897026 -0
    outer loop
      vertex 141.214 0.735974 0
      vertex 140.85 0.915322 1.6
      vertex 141.214 0.735974 1.6
    endloop
  endfacet
  facet normal 0.441978 0.897026 0
    outer loop
      vertex 140.85 0.915322 1.6
      vertex 141.214 0.735974 0
      vertex 140.85 0.915322 0
    endloop
  endfacet
  facet normal 0.980837 0.194831 0
    outer loop
      vertex 139.406 2.79766 1.6
      vertex 139.327 3.19537 0
      vertex 139.327 3.19537 1.6
    endloop
  endfacet
  facet normal 0.980837 0.194831 0
    outer loop
      vertex 139.327 3.19537 0
      vertex 139.406 2.79766 1.6
      vertex 139.406 2.79766 0
    endloop
  endfacet
  facet normal 0.321423 0.946936 -0
    outer loop
      vertex 141.598 0.605631 0
      vertex 141.214 0.735974 1.6
      vertex 141.598 0.605631 1.6
    endloop
  endfacet
  facet normal 0.321423 0.946936 0
    outer loop
      vertex 141.214 0.735974 1.6
      vertex 141.598 0.605631 0
      vertex 141.214 0.735974 0
    endloop
  endfacet
  facet normal -0.659182 -0.751984 0
    outer loop
      vertex 144.287 6.05939 0
      vertex 144.592 5.79203 1.6
      vertex 144.287 6.05939 1.6
    endloop
  endfacet
  facet normal -0.659182 -0.751984 -0
    outer loop
      vertex 144.592 5.79203 1.6
      vertex 144.287 6.05939 0
      vertex 144.592 5.79203 0
    endloop
  endfacet
  facet normal -0.0653415 0.997863 0
    outer loop
      vertex 142.805 0.526521 0
      vertex 142.4 0.500001 1.6
      vertex 142.805 0.526521 1.6
    endloop
  endfacet
  facet normal -0.0653415 0.997863 0
    outer loop
      vertex 142.4 0.500001 1.6
      vertex 142.805 0.526521 0
      vertex 142.4 0.500001 0
    endloop
  endfacet
  facet normal -0.830653 0.556791 0
    outer loop
      vertex 144.859 1.71284 0
      vertex 145.085 2.05 1.6
      vertex 145.085 2.05 0
    endloop
  endfacet
  facet normal -0.830653 0.556791 0
    outer loop
      vertex 145.085 2.05 1.6
      vertex 144.859 1.71284 0
      vertex 144.859 1.71284 1.6
    endloop
  endfacet
  facet normal -0.195427 -0.980718 0
    outer loop
      vertex 142.805 6.67348 0
      vertex 143.202 6.59437 1.6
      vertex 142.805 6.67348 1.6
    endloop
  endfacet
  facet normal -0.195427 -0.980718 -0
    outer loop
      vertex 143.202 6.59437 1.6
      vertex 142.805 6.67348 0
      vertex 143.202 6.59437 0
    endloop
  endfacet
  facet normal 0.980837 -0.194831 0
    outer loop
      vertex 139.327 4.00463 1.6
      vertex 139.406 4.40234 0
      vertex 139.406 4.40234 1.6
    endloop
  endfacet
  facet normal 0.980837 -0.194831 0
    outer loop
      vertex 139.406 4.40234 0
      vertex 139.327 4.00463 1.6
      vertex 139.327 4.00463 0
    endloop
  endfacet
  facet normal 0.752285 0.658838 0
    outer loop
      vertex 140.208 1.40797 1.6
      vertex 139.941 1.71284 0
      vertex 139.941 1.71284 1.6
    endloop
  endfacet
  facet normal 0.752285 0.658838 0
    outer loop
      vertex 139.941 1.71284 0
      vertex 140.208 1.40797 1.6
      vertex 140.208 1.40797 0
    endloop
  endfacet
  facet normal -0.659182 0.751984 0
    outer loop
      vertex 144.592 1.40797 0
      vertex 144.287 1.14061 1.6
      vertex 144.592 1.40797 1.6
    endloop
  endfacet
  facet normal -0.659182 0.751984 0
    outer loop
      vertex 144.287 1.14061 1.6
      vertex 144.592 1.40797 0
      vertex 144.287 1.14061 0
    endloop
  endfacet
  facet normal -0.997781 -0.0665796 0
    outer loop
      vertex 145.5 3.6 0
      vertex 145.473 4.00463 1.6
      vertex 145.473 4.00463 0
    endloop
  endfacet
  facet normal -0.997781 -0.0665796 0
    outer loop
      vertex 145.473 4.00463 1.6
      vertex 145.5 3.6 0
      vertex 145.5 3.6 1.6
    endloop
  endfacet
  facet normal -0.980837 -0.194831 0
    outer loop
      vertex 145.473 4.00463 0
      vertex 145.394 4.40234 1.6
      vertex 145.394 4.40234 0
    endloop
  endfacet
  facet normal -0.980837 -0.194831 0
    outer loop
      vertex 145.394 4.40234 1.6
      vertex 145.473 4.00463 0
      vertex 145.473 4.00463 1.6
    endloop
  endfacet
  facet normal -0.555764 -0.83134 0
    outer loop
      vertex 143.95 6.28468 0
      vertex 144.287 6.05939 1.6
      vertex 143.95 6.28468 1.6
    endloop
  endfacet
  facet normal -0.555764 -0.83134 -0
    outer loop
      vertex 144.287 6.05939 1.6
      vertex 143.95 6.28468 0
      vertex 144.287 6.05939 0
    endloop
  endfacet
  facet normal -0.195427 0.980718 0
    outer loop
      vertex 143.202 0.605631 0
      vertex 142.805 0.526521 1.6
      vertex 143.202 0.605631 1.6
    endloop
  endfacet
  facet normal -0.195427 0.980718 0
    outer loop
      vertex 142.805 0.526521 1.6
      vertex 143.202 0.605631 0
      vertex 142.805 0.526521 0
    endloop
  endfacet
  facet normal -0.752285 0.658838 0
    outer loop
      vertex 144.592 1.40797 0
      vertex 144.859 1.71284 1.6
      vertex 144.859 1.71284 0
    endloop
  endfacet
  facet normal -0.752285 0.658838 0
    outer loop
      vertex 144.859 1.71284 1.6
      vertex 144.592 1.40797 0
      vertex 144.592 1.40797 1.6
    endloop
  endfacet
  facet normal -0.441978 0.897026 0
    outer loop
      vertex 143.95 0.915322 0
      vertex 143.586 0.735974 1.6
      vertex 143.95 0.915322 1.6
    endloop
  endfacet
  facet normal -0.441978 0.897026 0
    outer loop
      vertex 143.586 0.735974 1.6
      vertex 143.95 0.915322 0
      vertex 143.586 0.735974 0
    endloop
  endfacet
  facet normal 0.997781 -0.0665796 0
    outer loop
      vertex 139.3 3.6 1.6
      vertex 139.327 4.00463 0
      vertex 139.327 4.00463 1.6
    endloop
  endfacet
  facet normal 0.997781 -0.0665796 0
    outer loop
      vertex 139.327 4.00463 0
      vertex 139.3 3.6 1.6
      vertex 139.3 3.6 0
    endloop
  endfacet
  facet normal -0.830653 -0.556791 0
    outer loop
      vertex 145.085 5.15 0
      vertex 144.859 5.48716 1.6
      vertex 144.859 5.48716 0
    endloop
  endfacet
  facet normal -0.830653 -0.556791 0
    outer loop
      vertex 144.859 5.48716 1.6
      vertex 145.085 5.15 0
      vertex 145.085 5.15 1.6
    endloop
  endfacet
  facet normal 0.752285 -0.658838 0
    outer loop
      vertex 139.941 5.48716 1.6
      vertex 140.208 5.79203 0
      vertex 140.208 5.79203 1.6
    endloop
  endfacet
  facet normal 0.752285 -0.658838 0
    outer loop
      vertex 140.208 5.79203 0
      vertex 139.941 5.48716 1.6
      vertex 139.941 5.48716 0
    endloop
  endfacet
  facet normal 0.997781 0.0665796 0
    outer loop
      vertex 139.327 3.19537 1.6
      vertex 139.3 3.6 0
      vertex 139.3 3.6 1.6
    endloop
  endfacet
  facet normal 0.997781 0.0665796 0
    outer loop
      vertex 139.3 3.6 0
      vertex 139.327 3.19537 1.6
      vertex 139.327 3.19537 0
    endloop
  endfacet
  facet normal 0.441982 -0.897024 0
    outer loop
      vertex 140.85 6.28468 0
      vertex 141.214 6.46403 1.6
      vertex 140.85 6.28468 1.6
    endloop
  endfacet
  facet normal 0.441982 -0.897024 0
    outer loop
      vertex 141.214 6.46403 1.6
      vertex 140.85 6.28468 0
      vertex 141.214 6.46403 0
    endloop
  endfacet
  facet normal 0.947188 -0.320679 0
    outer loop
      vertex 139.406 4.40234 1.6
      vertex 139.536 4.78632 0
      vertex 139.536 4.78632 1.6
    endloop
  endfacet
  facet normal 0.947188 -0.320679 0
    outer loop
      vertex 139.536 4.78632 0
      vertex 139.406 4.40234 1.6
      vertex 139.406 4.40234 0
    endloop
  endfacet
  facet normal 0.195427 -0.980718 0
    outer loop
      vertex 141.598 6.59437 0
      vertex 141.995 6.67348 1.6
      vertex 141.598 6.59437 1.6
    endloop
  endfacet
  facet normal 0.195427 -0.980718 0
    outer loop
      vertex 141.995 6.67348 1.6
      vertex 141.598 6.59437 0
      vertex 141.995 6.67348 0
    endloop
  endfacet
  facet normal -0.0653415 -0.997863 0
    outer loop
      vertex 142.4 6.7 0
      vertex 142.805 6.67348 1.6
      vertex 142.4 6.7 1.6
    endloop
  endfacet
  facet normal -0.0653415 -0.997863 -0
    outer loop
      vertex 142.805 6.67348 1.6
      vertex 142.4 6.7 0
      vertex 142.805 6.67348 0
    endloop
  endfacet
  facet normal 0.0653415 0.997863 -0
    outer loop
      vertex 142.4 0.500001 0
      vertex 141.995 0.526521 1.6
      vertex 142.4 0.500001 1.6
    endloop
  endfacet
  facet normal 0.0653415 0.997863 0
    outer loop
      vertex 141.995 0.526521 1.6
      vertex 142.4 0.500001 0
      vertex 141.995 0.526521 0
    endloop
  endfacet
  facet normal 0 0 -1
    outer loop
      vertex 144.1 3.6 1.6
      vertex 145.5 3.6 1.6
      vertex 145.473 3.19537 1.6
    endloop
  endfacet
  facet normal 0 0 -1
    outer loop
      vertex 144.085 3.37811 1.6
      vertex 145.473 3.19537 1.6
      vertex 145.394 2.79766 1.6
    endloop
  endfacet
  facet normal 0 0 -1
    outer loop
      vertex 145.5 3.6 1.6
      vertex 144.1 3.6 1.6
      vertex 145.473 4.00463 1.6
    endloop
  endfacet
  facet normal 0 0 -1
    outer loop
      vertex 144.042 3.16001 1.6
      vertex 145.394 2.79766 1.6
      vertex 145.264 2.41368 1.6
    endloop
  endfacet
  facet normal 0 0 -1
    outer loop
      vertex 144.085 3.82189 1.6
      vertex 145.473 4.00463 1.6
      vertex 144.1 3.6 1.6
    endloop
  endfacet
  facet normal 0 0 -1
    outer loop
      vertex 143.971 2.94944 1.6
      vertex 145.264 2.41368 1.6
      vertex 145.085 2.05 1.6
    endloop
  endfacet
  facet normal -0 0 -1
    outer loop
      vertex 145.473 4.00463 1.6
      vertex 144.085 3.82189 1.6
      vertex 145.394 4.40234 1.6
    endloop
  endfacet
  facet normal 0 0 -1
    outer loop
      vertex 143.872 2.75 1.6
      vertex 145.085 2.05 1.6
      vertex 144.859 1.71284 1.6
    endloop
  endfacet
  facet normal 0 0 -1
    outer loop
      vertex 144.042 4.03999 1.6
      vertex 145.394 4.40234 1.6
      vertex 144.085 3.82189 1.6
    endloop
  endfacet
  facet normal 0 0 -1
    outer loop
      vertex 143.749 2.56511 1.6
      vertex 144.859 1.71284 1.6
      vertex 144.592 1.40797 1.6
    endloop
  endfacet
  facet normal -0 0 -1
    outer loop
      vertex 145.394 4.40234 1.6
      vertex 144.042 4.03999 1.6
      vertex 145.264 4.78632 1.6
    endloop
  endfacet
  facet normal 0 0 -1
    outer loop
      vertex 143.602 2.39792 1.6
      vertex 144.592 1.40797 1.6
      vertex 144.287 1.14061 1.6
    endloop
  endfacet
  facet normal 0 0 -1
    outer loop
      vertex 143.971 4.25056 1.6
      vertex 145.264 4.78632 1.6
      vertex 144.042 4.03999 1.6
    endloop
  endfacet
  facet normal -0 0 -1
    outer loop
      vertex 145.264 4.78632 1.6
      vertex 143.971 4.25056 1.6
      vertex 145.085 5.15 1.6
    endloop
  endfacet
  facet normal 0 0 -1
    outer loop
      vertex 145.473 3.19537 1.6
      vertex 144.085 3.37811 1.6
      vertex 144.1 3.6 1.6
    endloop
  endfacet
  facet normal 0 0 -1
    outer loop
      vertex 145.394 2.79766 1.6
      vertex 144.042 3.16001 1.6
      vertex 144.085 3.37811 1.6
    endloop
  endfacet
  facet normal 0 0 -1
    outer loop
      vertex 145.264 2.41368 1.6
      vertex 143.971 2.94944 1.6
      vertex 144.042 3.16001 1.6
    endloop
  endfacet
  facet normal 0 0 -1
    outer loop
      vertex 143.435 2.2513 1.6
      vertex 144.287 1.14061 1.6
      vertex 143.95 0.915322 1.6
    endloop
  endfacet
  facet normal 0 0 -1
    outer loop
      vertex 145.085 2.05 1.6
      vertex 143.872 2.75 1.6
      vertex 143.971 2.94944 1.6
    endloop
  endfacet
  facet normal 0 0 -1
    outer loop
      vertex 144.859 1.71284 1.6
      vertex 143.749 2.56511 1.6
      vertex 143.872 2.75 1.6
    endloop
  endfacet
  facet normal 0 0 -1
    outer loop
      vertex 144.592 1.40797 1.6
      vertex 143.602 2.39792 1.6
      vertex 143.749 2.56511 1.6
    endloop
  endfacet
  facet normal 0 0 -1
    outer loop
      vertex 143.25 2.12776 1.6
      vertex 143.95 0.915322 1.6
      vertex 143.586 0.735974 1.6
    endloop
  endfacet
  facet normal 0 0 -1
    outer loop
      vertex 144.287 1.14061 1.6
      vertex 143.435 2.2513 1.6
      vertex 143.602 2.39792 1.6
    endloop
  endfacet
  facet normal 0 0 -1
    outer loop
      vertex 143.95 0.915322 1.6
      vertex 143.25 2.12776 1.6
      vertex 143.435 2.2513 1.6
    endloop
  endfacet
  facet normal 0 0 -1
    outer loop
      vertex 143.051 2.02941 1.6
      vertex 143.586 0.735974 1.6
      vertex 143.202 0.605631 1.6
    endloop
  endfacet
  facet normal 0 0 -1
    outer loop
      vertex 143.586 0.735974 1.6
      vertex 143.051 2.02941 1.6
      vertex 143.25 2.12776 1.6
    endloop
  endfacet
  facet normal 0 0 -1
    outer loop
      vertex 143.202 0.605631 1.6
      vertex 142.84 1.95793 1.6
      vertex 143.051 2.02941 1.6
    endloop
  endfacet
  facet normal 0 0 -1
    outer loop
      vertex 142.805 0.526521 1.6
      vertex 142.84 1.95793 1.6
      vertex 143.202 0.605631 1.6
    endloop
  endfacet
  facet normal 0 0 -1
    outer loop
      vertex 142.805 0.526521 1.6
      vertex 142.622 1.91454 1.6
      vertex 142.84 1.95793 1.6
    endloop
  endfacet
  facet normal 0 0 -1
    outer loop
      vertex 142.4 0.500001 1.6
      vertex 142.622 1.91454 1.6
      vertex 142.805 0.526521 1.6
    endloop
  endfacet
  facet normal 0 0 -1
    outer loop
      vertex 142.4 0.500001 1.6
      vertex 142.4 1.9 1.6
      vertex 142.622 1.91454 1.6
    endloop
  endfacet
  facet normal 0 0 -1
    outer loop
      vertex 142.4 0.500001 1.6
      vertex 142.178 1.91454 1.6
      vertex 142.4 1.9 1.6
    endloop
  endfacet
  facet normal 0 0 -1
    outer loop
      vertex 141.995 0.526521 1.6
      vertex 142.178 1.91454 1.6
      vertex 142.4 0.500001 1.6
    endloop
  endfacet
  facet normal 0 0 -1
    outer loop
      vertex 141.995 0.526521 1.6
      vertex 141.96 1.95793 1.6
      vertex 142.178 1.91454 1.6
    endloop
  endfacet
  facet normal 0 0 -1
    outer loop
      vertex 141.598 0.605631 1.6
      vertex 141.96 1.95793 1.6
      vertex 141.995 0.526521 1.6
    endloop
  endfacet
  facet normal -0 0 -1
    outer loop
      vertex 141.96 1.95793 1.6
      vertex 141.598 0.605631 1.6
      vertex 141.749 2.02941 1.6
    endloop
  endfacet
  facet normal 0 0 -1
    outer loop
      vertex 141.214 0.735974 1.6
      vertex 141.749 2.02941 1.6
      vertex 141.598 0.605631 1.6
    endloop
  endfacet
  facet normal -0 0 -1
    outer loop
      vertex 141.749 2.02941 1.6
      vertex 141.214 0.735974 1.6
      vertex 141.55 2.12776 1.6
    endloop
  endfacet
  facet normal 0 0 -1
    outer loop
      vertex 140.85 0.915322 1.6
      vertex 141.55 2.12776 1.6
      vertex 141.214 0.735974 1.6
    endloop
  endfacet
  facet normal -0 0 -1
    outer loop
      vertex 141.55 2.12776 1.6
      vertex 140.85 0.915322 1.6
      vertex 141.365 2.2513 1.6
    endloop
  endfacet
  facet normal 0 0 -1
    outer loop
      vertex 140.513 1.14061 1.6
      vertex 141.365 2.2513 1.6
      vertex 140.85 0.915322 1.6
    endloop
  endfacet
  facet normal -0 0 -1
    outer loop
      vertex 141.365 2.2513 1.6
      vertex 140.513 1.14061 1.6
      vertex 141.198 2.39792 1.6
    endloop
  endfacet
  facet normal 0 0 -1
    outer loop
      vertex 140.208 1.40797 1.6
      vertex 141.198 2.39792 1.6
      vertex 140.513 1.14061 1.6
    endloop
  endfacet
  facet normal -0 0 -1
    outer loop
      vertex 141.198 2.39792 1.6
      vertex 140.208 1.40797 1.6
      vertex 141.051 2.56511 1.6
    endloop
  endfacet
  facet normal 0 0 -1
    outer loop
      vertex 139.941 1.71284 1.6
      vertex 141.051 2.56511 1.6
      vertex 140.208 1.40797 1.6
    endloop
  endfacet
  facet normal -0 0 -1
    outer loop
      vertex 141.051 2.56511 1.6
      vertex 139.941 1.71284 1.6
      vertex 140.928 2.75 1.6
    endloop
  endfacet
  facet normal 0 0 -1
    outer loop
      vertex 139.715 2.05 1.6
      vertex 140.928 2.75 1.6
      vertex 139.941 1.71284 1.6
    endloop
  endfacet
  facet normal -0 0 -1
    outer loop
      vertex 140.928 2.75 1.6
      vertex 139.715 2.05 1.6
      vertex 140.829 2.94944 1.6
    endloop
  endfacet
  facet normal 0 0 -1
    outer loop
      vertex 143.872 4.45 1.6
      vertex 145.085 5.15 1.6
      vertex 143.971 4.25056 1.6
    endloop
  endfacet
  facet normal -0 0 -1
    outer loop
      vertex 145.085 5.15 1.6
      vertex 143.872 4.45 1.6
      vertex 144.859 5.48716 1.6
    endloop
  endfacet
  facet normal 0 0 -1
    outer loop
      vertex 143.749 4.63489 1.6
      vertex 144.859 5.48716 1.6
      vertex 143.872 4.45 1.6
    endloop
  endfacet
  facet normal -0 0 -1
    outer loop
      vertex 144.859 5.48716 1.6
      vertex 143.749 4.63489 1.6
      vertex 144.592 5.79203 1.6
    endloop
  endfacet
  facet normal 0 0 -1
    outer loop
      vertex 143.602 4.80208 1.6
      vertex 144.592 5.79203 1.6
      vertex 143.749 4.63489 1.6
    endloop
  endfacet
  facet normal -0 0 -1
    outer loop
      vertex 144.592 5.79203 1.6
      vertex 143.602 4.80208 1.6
      vertex 144.287 6.05939 1.6
    endloop
  endfacet
  facet normal 0 0 -1
    outer loop
      vertex 143.435 4.9487 1.6
      vertex 144.287 6.05939 1.6
      vertex 143.602 4.80208 1.6
    endloop
  endfacet
  facet normal -0 0 -1
    outer loop
      vertex 144.287 6.05939 1.6
      vertex 143.435 4.9487 1.6
      vertex 143.95 6.28468 1.6
    endloop
  endfacet
  facet normal 0 0 -1
    outer loop
      vertex 143.25 5.07224 1.6
      vertex 143.95 6.28468 1.6
      vertex 143.435 4.9487 1.6
    endloop
  endfacet
  facet normal -0 0 -1
    outer loop
      vertex 143.95 6.28468 1.6
      vertex 143.25 5.07224 1.6
      vertex 143.586 6.46403 1.6
    endloop
  endfacet
  facet normal 0 0 -1
    outer loop
      vertex 143.051 5.17059 1.6
      vertex 143.586 6.46403 1.6
      vertex 143.25 5.07224 1.6
    endloop
  endfacet
  facet normal -0 0 -1
    outer loop
      vertex 143.586 6.46403 1.6
      vertex 143.051 5.17059 1.6
      vertex 143.202 6.59437 1.6
    endloop
  endfacet
  facet normal 0 0 -1
    outer loop
      vertex 142.84 5.24207 1.6
      vertex 143.202 6.59437 1.6
      vertex 143.051 5.17059 1.6
    endloop
  endfacet
  facet normal 0 0 -1
    outer loop
      vertex 142.84 5.24207 1.6
      vertex 142.805 6.67348 1.6
      vertex 143.202 6.59437 1.6
    endloop
  endfacet
  facet normal 0 0 -1
    outer loop
      vertex 142.622 5.28546 1.6
      vertex 142.805 6.67348 1.6
      vertex 142.84 5.24207 1.6
    endloop
  endfacet
  facet normal 0 0 -1
    outer loop
      vertex 142.4 5.3 1.6
      vertex 142.805 6.67348 1.6
      vertex 142.622 5.28546 1.6
    endloop
  endfacet
  facet normal 0 0 -1
    outer loop
      vertex 142.4 5.3 1.6
      vertex 142.4 6.7 1.6
      vertex 142.805 6.67348 1.6
    endloop
  endfacet
  facet normal 0 0 -1
    outer loop
      vertex 142.178 5.28546 1.6
      vertex 142.4 6.7 1.6
      vertex 142.4 5.3 1.6
    endloop
  endfacet
  facet normal 0 0 -1
    outer loop
      vertex 142.178 5.28546 1.6
      vertex 141.995 6.67348 1.6
      vertex 142.4 6.7 1.6
    endloop
  endfacet
  facet normal 0 0 -1
    outer loop
      vertex 141.96 5.24207 1.6
      vertex 141.995 6.67348 1.6
      vertex 142.178 5.28546 1.6
    endloop
  endfacet
  facet normal 0 0 -1
    outer loop
      vertex 141.598 6.59437 1.6
      vertex 141.96 5.24207 1.6
      vertex 141.749 5.17059 1.6
    endloop
  endfacet
  facet normal 0 0 -1
    outer loop
      vertex 141.96 5.24207 1.6
      vertex 141.598 6.59437 1.6
      vertex 141.995 6.67348 1.6
    endloop
  endfacet
  facet normal 0 0 -1
    outer loop
      vertex 141.214 6.46403 1.6
      vertex 141.749 5.17059 1.6
      vertex 141.55 5.07224 1.6
    endloop
  endfacet
  facet normal 0 0 -1
    outer loop
      vertex 140.85 6.28468 1.6
      vertex 141.55 5.07224 1.6
      vertex 141.365 4.9487 1.6
    endloop
  endfacet
  facet normal 0 0 -1
    outer loop
      vertex 141.749 5.17059 1.6
      vertex 141.214 6.46403 1.6
      vertex 141.598 6.59437 1.6
    endloop
  endfacet
  facet normal 0 0 -1
    outer loop
      vertex 140.513 6.05939 1.6
      vertex 141.365 4.9487 1.6
      vertex 141.198 4.80208 1.6
    endloop
  endfacet
  facet normal 0 0 -1
    outer loop
      vertex 140.208 5.79203 1.6
      vertex 141.198 4.80208 1.6
      vertex 141.051 4.63489 1.6
    endloop
  endfacet
  facet normal 0 0 -1
    outer loop
      vertex 139.941 5.48716 1.6
      vertex 141.051 4.63489 1.6
      vertex 140.928 4.45 1.6
    endloop
  endfacet
  facet normal 0 0 -1
    outer loop
      vertex 141.55 5.07224 1.6
      vertex 140.85 6.28468 1.6
      vertex 141.214 6.46403 1.6
    endloop
  endfacet
  facet normal 0 0 -1
    outer loop
      vertex 139.715 5.15 1.6
      vertex 140.928 4.45 1.6
      vertex 140.829 4.25056 1.6
    endloop
  endfacet
  facet normal 0 0 -1
    outer loop
      vertex 139.536 4.78632 1.6
      vertex 140.829 4.25056 1.6
      vertex 140.758 4.03999 1.6
    endloop
  endfacet
  facet normal 0 0 -1
    outer loop
      vertex 139.406 4.40234 1.6
      vertex 140.758 4.03999 1.6
      vertex 140.715 3.82189 1.6
    endloop
  endfacet
  facet normal 0 0 -1
    outer loop
      vertex 139.327 4.00463 1.6
      vertex 140.715 3.82189 1.6
      vertex 140.7 3.6 1.6
    endloop
  endfacet
  facet normal 0 0 -1
    outer loop
      vertex 139.536 2.41368 1.6
      vertex 140.829 2.94944 1.6
      vertex 139.715 2.05 1.6
    endloop
  endfacet
  facet normal 0 0 -1
    outer loop
      vertex 141.365 4.9487 1.6
      vertex 140.513 6.05939 1.6
      vertex 140.85 6.28468 1.6
    endloop
  endfacet
  facet normal -0 0 -1
    outer loop
      vertex 140.829 2.94944 1.6
      vertex 139.536 2.41368 1.6
      vertex 140.758 3.16001 1.6
    endloop
  endfacet
  facet normal 0 0 -1
    outer loop
      vertex 141.198 4.80208 1.6
      vertex 140.208 5.79203 1.6
      vertex 140.513 6.05939 1.6
    endloop
  endfacet
  facet normal 0 0 -1
    outer loop
      vertex 139.406 2.79766 1.6
      vertex 140.758 3.16001 1.6
      vertex 139.536 2.41368 1.6
    endloop
  endfacet
  facet normal 0 0 -1
    outer loop
      vertex 141.051 4.63489 1.6
      vertex 139.941 5.48716 1.6
      vertex 140.208 5.79203 1.6
    endloop
  endfacet
  facet normal -0 0 -1
    outer loop
      vertex 140.758 3.16001 1.6
      vertex 139.406 2.79766 1.6
      vertex 140.715 3.37811 1.6
    endloop
  endfacet
  facet normal 0 0 -1
    outer loop
      vertex 140.928 4.45 1.6
      vertex 139.715 5.15 1.6
      vertex 139.941 5.48716 1.6
    endloop
  endfacet
  facet normal 0 0 -1
    outer loop
      vertex 139.327 3.19537 1.6
      vertex 140.715 3.37811 1.6
      vertex 139.406 2.79766 1.6
    endloop
  endfacet
  facet normal 0 0 -1
    outer loop
      vertex 140.829 4.25056 1.6
      vertex 139.536 4.78632 1.6
      vertex 139.715 5.15 1.6
    endloop
  endfacet
  facet normal -0 0 -1
    outer loop
      vertex 140.715 3.37811 1.6
      vertex 139.327 3.19537 1.6
      vertex 140.7 3.6 1.6
    endloop
  endfacet
  facet normal 0 0 -1
    outer loop
      vertex 140.758 4.03999 1.6
      vertex 139.406 4.40234 1.6
      vertex 139.536 4.78632 1.6
    endloop
  endfacet
  facet normal 0 0 -1
    outer loop
      vertex 139.3 3.6 1.6
      vertex 140.7 3.6 1.6
      vertex 139.327 3.19537 1.6
    endloop
  endfacet
  facet normal 0 0 -1
    outer loop
      vertex 140.715 3.82189 1.6
      vertex 139.327 4.00463 1.6
      vertex 139.406 4.40234 1.6
    endloop
  endfacet
  facet normal 0 0 -1
    outer loop
      vertex 140.7 3.6 1.6
      vertex 139.3 3.6 1.6
      vertex 139.327 4.00463 1.6
    endloop
  endfacet
  facet normal 0.897212 0.4416 0
    outer loop
      vertex 139.715 2.05 1.6
      vertex 139.536 2.41368 0
      vertex 139.536 2.41368 1.6
    endloop
  endfacet
  facet normal 0.897212 0.4416 0
    outer loop
      vertex 139.536 2.41368 0
      vertex 139.715 2.05 1.6
      vertex 139.715 2.05 0
    endloop
  endfacet
  facet normal 0.830653 0.556791 0
    outer loop
      vertex 139.941 1.71284 1.6
      vertex 139.715 2.05 0
      vertex 139.715 2.05 1.6
    endloop
  endfacet
  facet normal 0.830653 0.556791 0
    outer loop
      vertex 139.715 2.05 0
      vertex 139.941 1.71284 1.6
      vertex 139.941 1.71284 0
    endloop
  endfacet
  facet normal 0.555764 -0.83134 0
    outer loop
      vertex 140.513 6.05939 0
      vertex 140.85 6.28468 1.6
      vertex 140.513 6.05939 1.6
    endloop
  endfacet
  facet normal 0.555764 -0.83134 0
    outer loop
      vertex 140.85 6.28468 1.6
      vertex 140.513 6.05939 0
      vertex 140.85 6.28468 0
    endloop
  endfacet
  facet normal -0.195102 -0.980783 0
    outer loop
      vertex 113.893 60.3759 0
      vertex 115.753 60.0059 3
      vertex 113.893 60.3759 3
    endloop
  endfacet
  facet normal -0.195102 -0.980783 -0
    outer loop
      vertex 115.753 60.0059 3
      vertex 113.893 60.3759 0
      vertex 115.753 60.0059 0
    endloop
  endfacet
  facet normal -0.980789 0.195072 0
    outer loop
      vertex 126.006 42.2471 0
      vertex 126.376 44.1074 3
      vertex 126.376 44.1074 0
    endloop
  endfacet
  facet normal -0.980789 0.195072 0
    outer loop
      vertex 126.376 44.1074 3
      vertex 126.006 42.2471 0
      vertex 126.006 42.2471 3
    endloop
  endfacet
  facet normal -0.997861 0.0653782 0
    outer loop
      vertex 126.376 44.1074 0
      vertex 126.5 46 3
      vertex 126.5 46 0
    endloop
  endfacet
  facet normal -0.997861 0.0653782 0
    outer loop
      vertex 126.5 46 3
      vertex 126.376 44.1074 0
      vertex 126.376 44.1074 3
    endloop
  endfacet
  facet normal 0.659355 -0.751832 0
    outer loop
      vertex 101.747 56.253 0
      vertex 103.173 57.5036 3
      vertex 101.747 56.253 3
    endloop
  endfacet
  facet normal 0.659355 -0.751832 0
    outer loop
      vertex 103.173 57.5036 3
      vertex 101.747 56.253 0
      vertex 103.173 57.5036 0
    endloop
  endfacet
  facet normal 0.195102 -0.980783 0
    outer loop
      vertex 108.247 60.0059 0
      vertex 110.107 60.3759 3
      vertex 108.247 60.0059 3
    endloop
  endfacet
  facet normal 0.195102 -0.980783 0
    outer loop
      vertex 110.107 60.3759 3
      vertex 108.247 60.0059 0
      vertex 110.107 60.3759 0
    endloop
  endfacet
  facet normal -0.195102 0.980783 0
    outer loop
      vertex 115.753 31.9941 0
      vertex 113.893 31.6241 3
      vertex 115.753 31.9941 3
    endloop
  endfacet
  facet normal -0.195102 0.980783 0
    outer loop
      vertex 113.893 31.6241 3
      vertex 115.753 31.9941 0
      vertex 113.893 31.6241 0
    endloop
  endfacet
  facet normal -0.831644 0.555309 0
    outer loop
      vertex 123.504 37.173 0
      vertex 124.557 38.75 3
      vertex 124.557 38.75 0
    endloop
  endfacet
  facet normal -0.831644 0.555309 0
    outer loop
      vertex 124.557 38.75 3
      vertex 123.504 37.173 0
      vertex 123.504 37.173 3
    endloop
  endfacet
  facet normal 0.5556 0.83145 -0
    outer loop
      vertex 104.75 33.4426 0
      vertex 103.173 34.4964 3
      vertex 104.75 33.4426 3
    endloop
  endfacet
  facet normal 0.5556 0.83145 0
    outer loop
      vertex 103.173 34.4964 3
      vertex 104.75 33.4426 0
      vertex 103.173 34.4964 0
    endloop
  endfacet
  facet normal 0.659355 0.751832 -0
    outer loop
      vertex 103.173 34.4964 0
      vertex 101.747 35.747 3
      vertex 103.173 34.4964 3
    endloop
  endfacet
  facet normal 0.659355 0.751832 0
    outer loop
      vertex 101.747 35.747 3
      vertex 103.173 34.4964 0
      vertex 101.747 35.747 0
    endloop
  endfacet
  facet normal -0.442314 0.89686 0
    outer loop
      vertex 119.25 33.4426 0
      vertex 117.549 32.6037 3
      vertex 119.25 33.4426 3
    endloop
  endfacet
  facet normal -0.442314 0.89686 0
    outer loop
      vertex 117.549 32.6037 3
      vertex 119.25 33.4426 0
      vertex 117.549 32.6037 0
    endloop
  endfacet
  facet normal -0.751727 -0.659474 0
    outer loop
      vertex 123.504 54.827 0
      vertex 122.253 56.253 3
      vertex 122.253 56.253 0
    endloop
  endfacet
  facet normal -0.751727 -0.659474 0
    outer loop
      vertex 122.253 56.253 3
      vertex 123.504 54.827 0
      vertex 123.504 54.827 3
    endloop
  endfacet
  facet normal 0.0654169 0.997858 -0
    outer loop
      vertex 112 31.5 0
      vertex 110.107 31.6241 3
      vertex 112 31.5 3
    endloop
  endfacet
  facet normal 0.0654169 0.997858 0
    outer loop
      vertex 110.107 31.6241 3
      vertex 112 31.5 0
      vertex 110.107 31.6241 0
    endloop
  endfacet
  facet normal 0.0654169 -0.997858 0
    outer loop
      vertex 110.107 60.3759 0
      vertex 112 60.5 3
      vertex 110.107 60.3759 3
    endloop
  endfacet
  facet normal 0.0654169 -0.997858 0
    outer loop
      vertex 112 60.5 3
      vertex 110.107 60.3759 0
      vertex 112 60.5 0
    endloop
  endfacet
  facet normal -0.997861 -0.0653782 0
    outer loop
      vertex 126.5 46 0
      vertex 126.376 47.8926 3
      vertex 126.376 47.8926 0
    endloop
  endfacet
  facet normal -0.997861 -0.0653782 0
    outer loop
      vertex 126.376 47.8926 3
      vertex 126.5 46 0
      vertex 126.5 46 3
    endloop
  endfacet
  facet normal 0.896871 -0.442293 0
    outer loop
      vertex 98.6037 51.5489 3
      vertex 99.4426 53.25 0
      vertex 99.4426 53.25 3
    endloop
  endfacet
  facet normal 0.896871 -0.442293 0
    outer loop
      vertex 99.4426 53.25 0
      vertex 98.6037 51.5489 3
      vertex 98.6037 51.5489 0
    endloop
  endfacet
  facet normal 0.980779 -0.195122 0
    outer loop
      vertex 97.624 47.8926 3
      vertex 97.9941 49.7529 0
      vertex 97.9941 49.7529 3
    endloop
  endfacet
  facet normal 0.980779 -0.195122 0
    outer loop
      vertex 97.9941 49.7529 0
      vertex 97.624 47.8926 3
      vertex 97.624 47.8926 0
    endloop
  endfacet
  facet normal -0.831644 -0.555309 0
    outer loop
      vertex 124.557 53.25 0
      vertex 123.504 54.827 3
      vertex 123.504 54.827 0
    endloop
  endfacet
  facet normal -0.831644 -0.555309 0
    outer loop
      vertex 123.504 54.827 3
      vertex 124.557 53.25 0
      vertex 124.557 53.25 3
    endloop
  endfacet
  facet normal -0.751727 0.659474 0
    outer loop
      vertex 122.253 35.747 0
      vertex 123.504 37.173 3
      vertex 123.504 37.173 0
    endloop
  endfacet
  facet normal -0.751727 0.659474 0
    outer loop
      vertex 123.504 37.173 3
      vertex 122.253 35.747 0
      vertex 122.253 35.747 3
    endloop
  endfacet
  facet normal 0.442314 0.89686 -0
    outer loop
      vertex 106.451 32.6037 0
      vertex 104.75 33.4426 3
      vertex 106.451 32.6037 3
    endloop
  endfacet
  facet normal 0.442314 0.89686 0
    outer loop
      vertex 104.75 33.4426 3
      vertex 106.451 32.6037 0
      vertex 104.75 33.4426 0
    endloop
  endfacet
  facet normal 0.94694 -0.321411 0
    outer loop
      vertex 97.9941 49.7529 3
      vertex 98.6037 51.5489 0
      vertex 98.6037 51.5489 3
    endloop
  endfacet
  facet normal 0.94694 -0.321411 0
    outer loop
      vertex 98.6037 51.5489 0
      vertex 97.9941 49.7529 3
      vertex 97.9941 49.7529 0
    endloop
  endfacet
  facet normal -0.0654169 0.997858 0
    outer loop
      vertex 113.893 31.6241 0
      vertex 112 31.5 3
      vertex 113.893 31.6241 3
    endloop
  endfacet
  facet normal -0.0654169 0.997858 0
    outer loop
      vertex 112 31.5 3
      vertex 113.893 31.6241 0
      vertex 112 31.5 0
    endloop
  endfacet
  facet normal 0.321411 -0.94694 0
    outer loop
      vertex 106.451 59.3963 0
      vertex 108.247 60.0059 3
      vertex 106.451 59.3963 3
    endloop
  endfacet
  facet normal 0.321411 -0.94694 0
    outer loop
      vertex 108.247 60.0059 3
      vertex 106.451 59.3963 0
      vertex 108.247 60.0059 0
    endloop
  endfacet
  facet normal 0.997861 0.0653782 0
    outer loop
      vertex 97.624 44.1074 3
      vertex 97.5 46 0
      vertex 97.5 46 3
    endloop
  endfacet
  facet normal 0.997861 0.0653782 0
    outer loop
      vertex 97.5 46 0
      vertex 97.624 44.1074 3
      vertex 97.624 44.1074 0
    endloop
  endfacet
  facet normal 0.94694 0.321411 0
    outer loop
      vertex 98.6037 40.4511 3
      vertex 97.9941 42.2471 0
      vertex 97.9941 42.2471 3
    endloop
  endfacet
  facet normal 0.94694 0.321411 0
    outer loop
      vertex 97.9941 42.2471 0
      vertex 98.6037 40.4511 3
      vertex 98.6037 40.4511 0
    endloop
  endfacet
  facet normal -0.442314 -0.89686 0
    outer loop
      vertex 117.549 59.3963 0
      vertex 119.25 58.5574 3
      vertex 117.549 59.3963 3
    endloop
  endfacet
  facet normal -0.442314 -0.89686 -0
    outer loop
      vertex 119.25 58.5574 3
      vertex 117.549 59.3963 0
      vertex 119.25 58.5574 0
    endloop
  endfacet
  facet normal -0.5556 0.83145 0
    outer loop
      vertex 120.827 34.4964 0
      vertex 119.25 33.4426 3
      vertex 120.827 34.4964 3
    endloop
  endfacet
  facet normal -0.5556 0.83145 0
    outer loop
      vertex 119.25 33.4426 3
      vertex 120.827 34.4964 0
      vertex 119.25 33.4426 0
    endloop
  endfacet
  facet normal -0.980789 -0.195072 0
    outer loop
      vertex 126.376 47.8926 0
      vertex 126.006 49.7529 3
      vertex 126.006 49.7529 0
    endloop
  endfacet
  facet normal -0.980789 -0.195072 0
    outer loop
      vertex 126.006 49.7529 3
      vertex 126.376 47.8926 0
      vertex 126.376 47.8926 3
    endloop
  endfacet
  facet normal 0.442314 -0.89686 0
    outer loop
      vertex 104.75 58.5574 0
      vertex 106.451 59.3963 3
      vertex 104.75 58.5574 3
    endloop
  endfacet
  facet normal 0.442314 -0.89686 0
    outer loop
      vertex 106.451 59.3963 3
      vertex 104.75 58.5574 0
      vertex 106.451 59.3963 0
    endloop
  endfacet
  facet normal 0.751727 0.659474 0
    outer loop
      vertex 101.747 35.747 3
      vertex 100.496 37.173 0
      vertex 100.496 37.173 3
    endloop
  endfacet
  facet normal 0.751727 0.659474 0
    outer loop
      vertex 100.496 37.173 0
      vertex 101.747 35.747 3
      vertex 101.747 35.747 0
    endloop
  endfacet
  facet normal -0.321411 0.94694 0
    outer loop
      vertex 117.549 32.6037 0
      vertex 115.753 31.9941 3
      vertex 117.549 32.6037 3
    endloop
  endfacet
  facet normal -0.321411 0.94694 0
    outer loop
      vertex 115.753 31.9941 3
      vertex 117.549 32.6037 0
      vertex 115.753 31.9941 0
    endloop
  endfacet
  facet normal 0.195102 0.980783 -0
    outer loop
      vertex 110.107 31.6241 0
      vertex 108.247 31.9941 3
      vertex 110.107 31.6241 3
    endloop
  endfacet
  facet normal 0.195102 0.980783 0
    outer loop
      vertex 108.247 31.9941 3
      vertex 110.107 31.6241 0
      vertex 108.247 31.9941 0
    endloop
  endfacet
  facet normal -0.89685 0.442335 0
    outer loop
      vertex 124.557 38.75 0
      vertex 125.396 40.4511 3
      vertex 125.396 40.4511 0
    endloop
  endfacet
  facet normal -0.89685 0.442335 0
    outer loop
      vertex 125.396 40.4511 3
      vertex 124.557 38.75 0
      vertex 124.557 38.75 3
    endloop
  endfacet
  facet normal 0.831547 -0.555454 0
    outer loop
      vertex 99.4426 53.25 3
      vertex 100.496 54.827 0
      vertex 100.496 54.827 3
    endloop
  endfacet
  facet normal 0.831547 -0.555454 0
    outer loop
      vertex 100.496 54.827 0
      vertex 99.4426 53.25 3
      vertex 99.4426 53.25 0
    endloop
  endfacet
  facet normal 0.997861 -0.0653782 0
    outer loop
      vertex 97.5 46 3
      vertex 97.624 47.8926 0
      vertex 97.624 47.8926 3
    endloop
  endfacet
  facet normal 0.997861 -0.0653782 0
    outer loop
      vertex 97.624 47.8926 0
      vertex 97.5 46 3
      vertex 97.5 46 0
    endloop
  endfacet
  facet normal -0.89685 -0.442335 0
    outer loop
      vertex 125.396 51.5489 0
      vertex 124.557 53.25 3
      vertex 124.557 53.25 0
    endloop
  endfacet
  facet normal -0.89685 -0.442335 0
    outer loop
      vertex 124.557 53.25 3
      vertex 125.396 51.5489 0
      vertex 125.396 51.5489 3
    endloop
  endfacet
  facet normal -0.5556 -0.83145 0
    outer loop
      vertex 119.25 58.5574 0
      vertex 120.827 57.5036 3
      vertex 119.25 58.5574 3
    endloop
  endfacet
  facet normal -0.5556 -0.83145 -0
    outer loop
      vertex 120.827 57.5036 3
      vertex 119.25 58.5574 0
      vertex 120.827 57.5036 0
    endloop
  endfacet
  facet normal 0.321411 0.94694 -0
    outer loop
      vertex 108.247 31.9941 0
      vertex 106.451 32.6037 3
      vertex 108.247 31.9941 3
    endloop
  endfacet
  facet normal 0.321411 0.94694 0
    outer loop
      vertex 106.451 32.6037 3
      vertex 108.247 31.9941 0
      vertex 106.451 32.6037 0
    endloop
  endfacet
  facet normal 0.980779 0.195122 0
    outer loop
      vertex 97.9941 42.2471 3
      vertex 97.624 44.1074 0
      vertex 97.624 44.1074 3
    endloop
  endfacet
  facet normal 0.980779 0.195122 0
    outer loop
      vertex 97.624 44.1074 0
      vertex 97.9941 42.2471 3
      vertex 97.9941 42.2471 0
    endloop
  endfacet
  facet normal 0.751727 -0.659474 0
    outer loop
      vertex 100.496 54.827 3
      vertex 101.747 56.253 0
      vertex 101.747 56.253 3
    endloop
  endfacet
  facet normal 0.751727 -0.659474 0
    outer loop
      vertex 101.747 56.253 0
      vertex 100.496 54.827 3
      vertex 100.496 54.827 0
    endloop
  endfacet
  facet normal -0.0654169 -0.997858 0
    outer loop
      vertex 112 60.5 0
      vertex 113.893 60.3759 3
      vertex 112 60.5 3
    endloop
  endfacet
  facet normal -0.0654169 -0.997858 -0
    outer loop
      vertex 113.893 60.3759 3
      vertex 112 60.5 0
      vertex 113.893 60.3759 0
    endloop
  endfacet
  facet normal -0.946876 0.3216 0
    outer loop
      vertex 125.396 40.4511 0
      vertex 126.006 42.2471 3
      vertex 126.006 42.2471 0
    endloop
  endfacet
  facet normal -0.946876 0.3216 0
    outer loop
      vertex 126.006 42.2471 3
      vertex 125.396 40.4511 0
      vertex 125.396 40.4511 3
    endloop
  endfacet
  facet normal -0.946876 -0.3216 0
    outer loop
      vertex 126.006 49.7529 0
      vertex 125.396 51.5489 3
      vertex 125.396 51.5489 0
    endloop
  endfacet
  facet normal -0.946876 -0.3216 0
    outer loop
      vertex 125.396 51.5489 3
      vertex 126.006 49.7529 0
      vertex 126.006 49.7529 3
    endloop
  endfacet
  facet normal -0.659355 0.751832 0
    outer loop
      vertex 122.253 35.747 0
      vertex 120.827 34.4964 3
      vertex 122.253 35.747 3
    endloop
  endfacet
  facet normal -0.659355 0.751832 0
    outer loop
      vertex 120.827 34.4964 3
      vertex 122.253 35.747 0
      vertex 120.827 34.4964 0
    endloop
  endfacet
  facet normal -0.321411 -0.94694 0
    outer loop
      vertex 115.753 60.0059 0
      vertex 117.549 59.3963 3
      vertex 115.753 60.0059 3
    endloop
  endfacet
  facet normal -0.321411 -0.94694 -0
    outer loop
      vertex 117.549 59.3963 3
      vertex 115.753 60.0059 0
      vertex 117.549 59.3963 0
    endloop
  endfacet
  facet normal -0.659355 -0.751832 0
    outer loop
      vertex 120.827 57.5036 0
      vertex 122.253 56.253 3
      vertex 120.827 57.5036 3
    endloop
  endfacet
  facet normal -0.659355 -0.751832 -0
    outer loop
      vertex 122.253 56.253 3
      vertex 120.827 57.5036 0
      vertex 122.253 56.253 0
    endloop
  endfacet
  facet normal 0.5556 -0.83145 0
    outer loop
      vertex 103.173 57.5036 0
      vertex 104.75 58.5574 3
      vertex 103.173 57.5036 3
    endloop
  endfacet
  facet normal 0.5556 -0.83145 0
    outer loop
      vertex 104.75 58.5574 3
      vertex 103.173 57.5036 0
      vertex 104.75 58.5574 0
    endloop
  endfacet
  facet normal 0.896871 0.442293 0
    outer loop
      vertex 99.4426 38.75 3
      vertex 98.6037 40.4511 0
      vertex 98.6037 40.4511 3
    endloop
  endfacet
  facet normal 0.896871 0.442293 0
    outer loop
      vertex 98.6037 40.4511 0
      vertex 99.4426 38.75 3
      vertex 99.4426 38.75 0
    endloop
  endfacet
  facet normal 0.831547 0.555454 0
    outer loop
      vertex 100.496 37.173 3
      vertex 99.4426 38.75 0
      vertex 99.4426 38.75 3
    endloop
  endfacet
  facet normal 0.831547 0.555454 0
    outer loop
      vertex 99.4426 38.75 0
      vertex 100.496 37.173 3
      vertex 100.496 37.173 0
    endloop
  endfacet
  facet normal 0 0 -1
    outer loop
      vertex 44.1972 26.8872 0.6
      vertex 50.6763 21.3768 0.6
      vertex 44.5434 21.3768 0.6
    endloop
  endfacet
  facet normal 0 0 -1
    outer loop
      vertex 50.6763 49.0443 0.6
      vertex 58.1233 53.8631 0.6
      vertex 58.1233 49.0443 0.6
    endloop
  endfacet
  facet normal 0 0 -1
    outer loop
      vertex 50.6763 21.3768 0.6
      vertex 44.1972 26.8872 0.6
      vertex 50.6763 49.0443 0.6
    endloop
  endfacet
  facet normal 0 0 -1
    outer loop
      vertex 44.1972 49.0443 0.6
      vertex 50.6763 49.0443 0.6
      vertex 44.1972 26.8872 0.6
    endloop
  endfacet
  facet normal 0 0 -1
    outer loop
      vertex 44.1972 49.0443 0.6
      vertex 58.1233 53.8631 0.6
      vertex 50.6763 49.0443 0.6
    endloop
  endfacet
  facet normal 0 0 -1
    outer loop
      vertex 36.1508 53.8631 0.6
      vertex 44.1972 49.0443 0.6
      vertex 36.1508 49.0443 0.6
    endloop
  endfacet
  facet normal 0 0 -1
    outer loop
      vertex 44.1972 49.0443 0.6
      vertex 36.1508 53.8631 0.6
      vertex 58.1233 53.8631 0.6
    endloop
  endfacet
  facet normal 0 0 -1
    outer loop
      vertex 36.4044 26.6567 0.6
      vertex 44.1972 26.8872 0.6
      vertex 44.5434 21.3768 0.6
    endloop
  endfacet
  facet normal -0 0 -1
    outer loop
      vertex 44.1972 26.8872 0.6
      vertex 36.4044 26.6567 0.6
      vertex 36.4044 31.7523 0.6
    endloop
  endfacet
  facet normal 0 1 -0
    outer loop
      vertex 58.1233 49.0443 0
      vertex 50.6763 49.0443 0.6
      vertex 58.1233 49.0443 0.6
    endloop
  endfacet
  facet normal 0 1 0
    outer loop
      vertex 50.6763 49.0443 0.6
      vertex 58.1233 49.0443 0
      vertex 50.6763 49.0443 0
    endloop
  endfacet
  facet normal -1 0 0
    outer loop
      vertex 50.6763 21.3768 0
      vertex 50.6763 49.0443 0.6
      vertex 50.6763 49.0443 0
    endloop
  endfacet
  facet normal -1 -0 0
    outer loop
      vertex 50.6763 49.0443 0.6
      vertex 50.6763 21.3768 0
      vertex 50.6763 21.3768 0.6
    endloop
  endfacet
  facet normal 0 1 -0
    outer loop
      vertex 50.6763 21.3768 0
      vertex 44.5434 21.3768 0.6
      vertex 50.6763 21.3768 0.6
    endloop
  endfacet
  facet normal 0 1 0
    outer loop
      vertex 44.5434 21.3768 0.6
      vertex 50.6763 21.3768 0
      vertex 44.5434 21.3768 0
    endloop
  endfacet
  facet normal 0.544231 0.838935 -0
    outer loop
      vertex 44.5434 21.3768 0
      vertex 36.4044 26.6567 0.6
      vertex 44.5434 21.3768 0.6
    endloop
  endfacet
  facet normal 0.544231 0.838935 0
    outer loop
      vertex 36.4044 26.6567 0.6
      vertex 44.5434 21.3768 0
      vertex 36.4044 26.6567 0
    endloop
  endfacet
  facet normal 1 -0 0
    outer loop
      vertex 36.4044 26.6567 0.6
      vertex 36.4044 31.7523 0
      vertex 36.4044 31.7523 0.6
    endloop
  endfacet
  facet normal 1 0 0
    outer loop
      vertex 36.4044 31.7523 0
      vertex 36.4044 26.6567 0.6
      vertex 36.4044 26.6567 0
    endloop
  endfacet
  facet normal -0.529576 -0.848262 0
    outer loop
      vertex 36.4044 31.7523 0
      vertex 44.1972 26.8872 0.6
      vertex 36.4044 31.7523 0.6
    endloop
  endfacet
  facet normal -0.529576 -0.848262 -0
    outer loop
      vertex 44.1972 26.8872 0.6
      vertex 36.4044 31.7523 0
      vertex 44.1972 26.8872 0
    endloop
  endfacet
  facet normal 1 -0 0
    outer loop
      vertex 44.1972 26.8872 0.6
      vertex 44.1972 49.0443 0
      vertex 44.1972 49.0443 0.6
    endloop
  endfacet
  facet normal 1 0 0
    outer loop
      vertex 44.1972 49.0443 0
      vertex 44.1972 26.8872 0.6
      vertex 44.1972 26.8872 0
    endloop
  endfacet
  facet normal 0 1 -0
    outer loop
      vertex 44.1972 49.0443 0
      vertex 36.1508 49.0443 0.6
      vertex 44.1972 49.0443 0.6
    endloop
  endfacet
  facet normal 0 1 0
    outer loop
      vertex 36.1508 49.0443 0.6
      vertex 44.1972 49.0443 0
      vertex 36.1508 49.0443 0
    endloop
  endfacet
  facet normal 1 -0 0
    outer loop
      vertex 36.1508 49.0443 0.6
      vertex 36.1508 53.8631 0
      vertex 36.1508 53.8631 0.6
    endloop
  endfacet
  facet normal 1 0 0
    outer loop
      vertex 36.1508 53.8631 0
      vertex 36.1508 49.0443 0.6
      vertex 36.1508 49.0443 0
    endloop
  endfacet
  facet normal 0 -1 0
    outer loop
      vertex 36.1508 53.8631 0
      vertex 58.1233 53.8631 0.6
      vertex 36.1508 53.8631 0.6
    endloop
  endfacet
  facet normal 0 -1 -0
    outer loop
      vertex 58.1233 53.8631 0.6
      vertex 36.1508 53.8631 0
      vertex 58.1233 53.8631 0
    endloop
  endfacet
  facet normal -1 0 0
    outer loop
      vertex 58.1233 49.0443 0
      vertex 58.1233 53.8631 0.6
      vertex 58.1233 53.8631 0
    endloop
  endfacet
  facet normal -1 -0 0
    outer loop
      vertex 58.1233 53.8631 0.6
      vertex 58.1233 49.0443 0
      vertex 58.1233 49.0443 0.6
    endloop
  endfacet
  facet normal 0 0 -1
    outer loop
      vertex 31.1192 73.5997 0.6
      vertex 28.3362 74.9912 0.6
      vertex 31.1192 74.9912 0.6
    endloop
  endfacet
  facet normal 0 0 -1
    outer loop
      vertex 28.3362 74.9912 0.6
      vertex 26.5357 74.9912 0.6
      vertex 28.3362 82.1991 0.6
    endloop
  endfacet
  facet normal 0 0 -1
    outer loop
      vertex 31.1192 73.5997 0.6
      vertex 26.5357 74.9912 0.6
      vertex 28.3362 74.9912 0.6
    endloop
  endfacet
  facet normal 0 0 -1
    outer loop
      vertex 23.7588 73.5997 0.6
      vertex 26.5357 74.9912 0.6
      vertex 31.1192 73.5997 0.6
    endloop
  endfacet
  facet normal -0 0 -1
    outer loop
      vertex 26.5357 74.9912 0.6
      vertex 23.7588 73.5997 0.6
      vertex 23.7588 74.9912 0.6
    endloop
  endfacet
  facet normal -0 0 -1
    outer loop
      vertex 28.3362 82.1991 0.6
      vertex 26.5357 74.9912 0.6
      vertex 26.5357 82.1991 0.6
    endloop
  endfacet
  facet normal -0 0 -1
    outer loop
      vertex 47.914 82.1991 0.6
      vertex 45.369 80.0019 0.6
      vertex 46.1319 82.1991 0.6
    endloop
  endfacet
  facet normal 0 0 -1
    outer loop
      vertex 47.914 82.1991 0.6
      vertex 44.9661 78.647 0.6
      vertex 45.369 80.0019 0.6
    endloop
  endfacet
  facet normal 0 0 -1
    outer loop
      vertex 44.7892 73.5997 0.6
      vertex 44.9661 78.647 0.6
      vertex 47.914 82.1991 0.6
    endloop
  endfacet
  facet normal 0 0 -1
    outer loop
      vertex 44.7892 73.5997 0.6
      vertex 44.1178 76.1753 0.6
      vertex 44.9661 78.647 0.6
    endloop
  endfacet
  facet normal 0 0 -1
    outer loop
      vertex 44.7892 73.5997 0.6
      vertex 43.8554 75.3453 0.6
      vertex 44.1178 76.1753 0.6
    endloop
  endfacet
  facet normal 0 0 -1
    outer loop
      vertex 44.7892 73.5997 0.6
      vertex 43.7272 74.9241 0.6
      vertex 43.8554 75.3453 0.6
    endloop
  endfacet
  facet normal 0 0 -1
    outer loop
      vertex 42.6653 73.5997 0.6
      vertex 43.6906 75.0584 0.6
      vertex 43.7272 74.9241 0.6
    endloop
  endfacet
  facet normal -0 0 -1
    outer loop
      vertex 43.6906 75.0584 0.6
      vertex 42.6653 73.5997 0.6
      vertex 43.6727 75.1224 0.6
    endloop
  endfacet
  facet normal -0 0 -1
    outer loop
      vertex 43.6727 75.1224 0.6
      vertex 42.6653 73.5997 0.6
      vertex 43.6537 75.1889 0.6
    endloop
  endfacet
  facet normal -0 0 -1
    outer loop
      vertex 43.6537 75.1889 0.6
      vertex 42.6653 73.5997 0.6
      vertex 43.6338 75.2579 0.6
    endloop
  endfacet
  facet normal -0 0 -1
    outer loop
      vertex 43.6338 75.2579 0.6
      vertex 42.6653 73.5997 0.6
      vertex 43.6129 75.3295 0.6
    endloop
  endfacet
  facet normal -0 0 -1
    outer loop
      vertex 43.6129 75.3295 0.6
      vertex 42.6653 73.5997 0.6
      vertex 43.5909 75.4034 0.6
    endloop
  endfacet
  facet normal -0 0 -1
    outer loop
      vertex 43.5909 75.4034 0.6
      vertex 42.6653 73.5997 0.6
      vertex 43.568 75.4799 0.6
    endloop
  endfacet
  facet normal -0 0 -1
    outer loop
      vertex 43.568 75.4799 0.6
      vertex 42.6653 73.5997 0.6
      vertex 43.5441 75.5589 0.6
    endloop
  endfacet
  facet normal -0 0 -1
    outer loop
      vertex 43.5441 75.5589 0.6
      vertex 42.6653 73.5997 0.6
      vertex 43.5018 75.6906 0.6
    endloop
  endfacet
  facet normal -0 0 -1
    outer loop
      vertex 43.5018 75.6906 0.6
      vertex 42.6653 73.5997 0.6
      vertex 43.4236 75.9255 0.6
    endloop
  endfacet
  facet normal -0 0 -1
    outer loop
      vertex 43.4236 75.9255 0.6
      vertex 42.6653 73.5997 0.6
      vertex 43.3095 76.2636 0.6
    endloop
  endfacet
  facet normal -0 0 -1
    outer loop
      vertex 43.3095 76.2636 0.6
      vertex 42.6653 73.5997 0.6
      vertex 43.1595 76.7047 0.6
    endloop
  endfacet
  facet normal -0 0 -1
    outer loop
      vertex 43.1595 76.7047 0.6
      vertex 42.6653 73.5997 0.6
      vertex 42.9737 77.249 0.6
    endloop
  endfacet
  facet normal 0 0 -1
    outer loop
      vertex 42.6653 73.5997 0.6
      vertex 43.7272 74.9241 0.6
      vertex 44.7892 73.5997 0.6
    endloop
  endfacet
  facet normal -0 0 -1
    outer loop
      vertex 42.9737 77.249 0.6
      vertex 42.6653 73.5997 0.6
      vertex 42.752 77.8965 0.6
    endloop
  endfacet
  facet normal 0 0 -1
    outer loop
      vertex 42.6653 73.5997 0.6
      vertex 42.4944 78.647 0.6
      vertex 42.752 77.8965 0.6
    endloop
  endfacet
  facet normal 0 0 -1
    outer loop
      vertex 39.5282 82.1991 0.6
      vertex 42.4944 78.647 0.6
      vertex 42.6653 73.5997 0.6
    endloop
  endfacet
  facet normal 0 0 -1
    outer loop
      vertex 42.4944 78.647 0.6
      vertex 39.5282 82.1991 0.6
      vertex 42.0916 80.0019 0.6
    endloop
  endfacet
  facet normal 0 0 -1
    outer loop
      vertex 42.0916 80.0019 0.6
      vertex 39.5282 82.1991 0.6
      vertex 41.3287 82.1991 0.6
    endloop
  endfacet
  facet normal 0 0 -1
    outer loop
      vertex 42.4944 78.647 0.6
      vertex 45.369 80.0019 0.6
      vertex 44.9661 78.647 0.6
    endloop
  endfacet
  facet normal -0 0 -1
    outer loop
      vertex 45.369 80.0019 0.6
      vertex 42.4944 78.647 0.6
      vertex 42.0916 80.0019 0.6
    endloop
  endfacet
  facet normal 0 0 -1
    outer loop
      vertex 38.6734 73.5997 0.6
      vertex 33.7115 74.9912 0.6
      vertex 38.6734 74.9912 0.6
    endloop
  endfacet
  facet normal 0 0 -1
    outer loop
      vertex 31.9111 73.5997 0.6
      vertex 33.7115 77.1518 0.6
      vertex 33.7115 74.9912 0.6
    endloop
  endfacet
  facet normal -0 0 -1
    outer loop
      vertex 33.7115 77.1518 0.6
      vertex 31.9111 73.5997 0.6
      vertex 33.7115 78.5433 0.6
    endloop
  endfacet
  facet normal 0 0 -1
    outer loop
      vertex 31.9111 82.1991 0.6
      vertex 33.7115 78.5433 0.6
      vertex 31.9111 73.5997 0.6
    endloop
  endfacet
  facet normal 0 0 -1
    outer loop
      vertex 31.9111 73.5997 0.6
      vertex 33.7115 74.9912 0.6
      vertex 38.6734 73.5997 0.6
    endloop
  endfacet
  facet normal 0 0 -1
    outer loop
      vertex 33.7115 77.1518 0.6
      vertex 38.3011 78.5433 0.6
      vertex 38.3011 77.1518 0.6
    endloop
  endfacet
  facet normal -0 0 -1
    outer loop
      vertex 38.3011 78.5433 0.6
      vertex 33.7115 77.1518 0.6
      vertex 33.7115 78.5433 0.6
    endloop
  endfacet
  facet normal 0 0 -1
    outer loop
      vertex 33.7115 80.8076 0.6
      vertex 38.9236 82.1991 0.6
      vertex 38.9236 80.8076 0.6
    endloop
  endfacet
  facet normal 0 0 -1
    outer loop
      vertex 33.7115 80.8076 0.6
      vertex 31.9111 82.1991 0.6
      vertex 38.9236 82.1991 0.6
    endloop
  endfacet
  facet normal 0 0 -1
    outer loop
      vertex 33.7115 78.5433 0.6
      vertex 31.9111 82.1991 0.6
      vertex 33.7115 80.8076 0.6
    endloop
  endfacet
  facet normal 0 0 -1
    outer loop
      vertex 56.0557 75.4732 0.6
      vertex 57.6083 73.5997 0.6
      vertex 56.0703 75.1134 0.6
    endloop
  endfacet
  facet normal 0 0 -1
    outer loop
      vertex 55.2098 73.5997 0.6
      vertex 55.9511 75.5621 0.6
      vertex 56.0703 75.1134 0.6
    endloop
  endfacet
  facet normal -0 0 -1
    outer loop
      vertex 55.9511 75.5621 0.6
      vertex 55.2098 73.5997 0.6
      vertex 55.8411 75.9703 0.6
    endloop
  endfacet
  facet normal -0 0 -1
    outer loop
      vertex 55.8411 75.9703 0.6
      vertex 55.2098 73.5997 0.6
      vertex 55.7404 76.3378 0.6
    endloop
  endfacet
  facet normal 0 0 -1
    outer loop
      vertex 53.6291 78.647 0.6
      vertex 55.7404 76.3378 0.6
      vertex 55.2098 73.5997 0.6
    endloop
  endfacet
  facet normal 0 0 -1
    outer loop
      vertex 55.7404 76.3378 0.6
      vertex 53.6291 78.647 0.6
      vertex 55.6488 76.6648 0.6
    endloop
  endfacet
  facet normal 0 0 -1
    outer loop
      vertex 55.6488 76.6648 0.6
      vertex 53.6291 78.647 0.6
      vertex 55.5665 76.9511 0.6
    endloop
  endfacet
  facet normal 0 0 -1
    outer loop
      vertex 55.2098 73.5997 0.6
      vertex 56.0703 75.1134 0.6
      vertex 57.6083 73.5997 0.6
    endloop
  endfacet
  facet normal 0 0 -1
    outer loop
      vertex 55.5665 76.9511 0.6
      vertex 53.6291 78.647 0.6
      vertex 55.4934 77.1968 0.6
    endloop
  endfacet
  facet normal 0 0 -1
    outer loop
      vertex 55.4934 77.1968 0.6
      vertex 53.6291 78.647 0.6
      vertex 55.4295 77.402 0.6
    endloop
  endfacet
  facet normal 0 0 -1
    outer loop
      vertex 53.2446 80.0264 0.6
      vertex 55.4295 77.402 0.6
      vertex 53.6291 78.647 0.6
    endloop
  endfacet
  facet normal 0 0 -1
    outer loop
      vertex 55.4295 77.402 0.6
      vertex 53.2446 80.0264 0.6
      vertex 53.8793 82.1991 0.6
    endloop
  endfacet
  facet normal 0 0 -1
    outer loop
      vertex 51.0474 77.402 0.6
      vertex 52.9516 78.8728 0.6
      vertex 52.8174 78.409 0.6
    endloop
  endfacet
  facet normal 0 0 -1
    outer loop
      vertex 53.2446 80.0264 0.6
      vertex 52.5977 82.1991 0.6
      vertex 53.8793 82.1991 0.6
    endloop
  endfacet
  facet normal -0 0 -1
    outer loop
      vertex 52.9516 78.8728 0.6
      vertex 51.0474 77.402 0.6
      vertex 53.2446 80.0264 0.6
    endloop
  endfacet
  facet normal 0 0 -1
    outer loop
      vertex 51.0474 77.402 0.6
      vertex 52.8174 78.409 0.6
      vertex 51.2793 73.5997 0.6
    endloop
  endfacet
  facet normal -0 0 -1
    outer loop
      vertex 53.2446 80.0264 0.6
      vertex 51.0474 77.402 0.6
      vertex 52.5977 82.1991 0.6
    endloop
  endfacet
  facet normal 0 0 -1
    outer loop
      vertex 51.2793 73.5997 0.6
      vertex 50.3944 75.1134 0.6
      vertex 51.0474 77.402 0.6
    endloop
  endfacet
  facet normal 0 -0 -1
    outer loop
      vertex 50.3944 75.1134 0.6
      vertex 51.2793 73.5997 0.6
      vertex 48.8686 73.5997 0.6
    endloop
  endfacet
  facet normal 0 0 -1
    outer loop
      vertex 56.0432 75.7854 0.6
      vertex 57.6083 73.5997 0.6
      vertex 56.0557 75.4732 0.6
    endloop
  endfacet
  facet normal 0 0 -1
    outer loop
      vertex 56.0328 76.0501 0.6
      vertex 57.6083 73.5997 0.6
      vertex 56.0432 75.7854 0.6
    endloop
  endfacet
  facet normal 0 0 -1
    outer loop
      vertex 56.0245 76.2672 0.6
      vertex 57.6083 73.5997 0.6
      vertex 56.0328 76.0501 0.6
    endloop
  endfacet
  facet normal 0 0 -1
    outer loop
      vertex 56.0183 76.4367 0.6
      vertex 57.6083 73.5997 0.6
      vertex 56.0245 76.2672 0.6
    endloop
  endfacet
  facet normal 0 0 -1
    outer loop
      vertex 56.0143 76.5587 0.6
      vertex 57.6083 73.5997 0.6
      vertex 56.0183 76.4367 0.6
    endloop
  endfacet
  facet normal 0 0 -1
    outer loop
      vertex 56.0124 76.633 0.6
      vertex 57.6083 73.5997 0.6
      vertex 56.0143 76.5587 0.6
    endloop
  endfacet
  facet normal 0 0 -1
    outer loop
      vertex 56.0116 76.6836 0.6
      vertex 57.6083 73.5997 0.6
      vertex 56.0124 76.633 0.6
    endloop
  endfacet
  facet normal 0 0 -1
    outer loop
      vertex 56.0109 76.7342 0.6
      vertex 57.6083 73.5997 0.6
      vertex 56.0116 76.6836 0.6
    endloop
  endfacet
  facet normal 0 0 -1
    outer loop
      vertex 56.0103 76.7847 0.6
      vertex 57.6083 73.5997 0.6
      vertex 56.0109 76.7342 0.6
    endloop
  endfacet
  facet normal 0 0 -1
    outer loop
      vertex 56.0099 76.8353 0.6
      vertex 57.6083 73.5997 0.6
      vertex 56.0103 76.7847 0.6
    endloop
  endfacet
  facet normal 0 0 -1
    outer loop
      vertex 56.0096 76.8859 0.6
      vertex 57.6083 73.5997 0.6
      vertex 56.0099 76.8353 0.6
    endloop
  endfacet
  facet normal 0 0 -1
    outer loop
      vertex 56.0094 76.9364 0.6
      vertex 57.6083 73.5997 0.6
      vertex 56.0096 76.8859 0.6
    endloop
  endfacet
  facet normal 0 0 -1
    outer loop
      vertex 56.0093 76.987 0.6
      vertex 57.6083 73.5997 0.6
      vertex 56.0094 76.9364 0.6
    endloop
  endfacet
  facet normal 0 0 -1
    outer loop
      vertex 57.6083 73.5997 0.6
      vertex 56.0093 76.987 0.6
      vertex 57.6083 82.1991 0.6
    endloop
  endfacet
  facet normal -0 0 -1
    outer loop
      vertex 57.6083 82.1991 0.6
      vertex 56.0093 76.987 0.6
      vertex 56.0093 82.1991 0.6
    endloop
  endfacet
  facet normal 0 0 -1
    outer loop
      vertex 48.8686 73.5997 0.6
      vertex 50.4676 76.987 0.6
      vertex 50.4661 76.8367 0.6
    endloop
  endfacet
  facet normal 0 0 -1
    outer loop
      vertex 48.8686 73.5997 0.6
      vertex 50.4661 76.8367 0.6
      vertex 50.4617 76.6472 0.6
    endloop
  endfacet
  facet normal 0 0 -1
    outer loop
      vertex 48.8686 73.5997 0.6
      vertex 50.4617 76.6472 0.6
      vertex 50.4542 76.4187 0.6
    endloop
  endfacet
  facet normal 0 0 -1
    outer loop
      vertex 48.8686 73.5997 0.6
      vertex 50.4542 76.4187 0.6
      vertex 50.4437 76.151 0.6
    endloop
  endfacet
  facet normal 0 0 -1
    outer loop
      vertex 48.8686 73.5997 0.6
      vertex 50.4437 76.151 0.6
      vertex 50.4303 75.8442 0.6
    endloop
  endfacet
  facet normal 0 0 -1
    outer loop
      vertex 48.8686 73.5997 0.6
      vertex 50.4303 75.8442 0.6
      vertex 50.4138 75.4984 0.6
    endloop
  endfacet
  facet normal 0 0 -1
    outer loop
      vertex 48.8686 73.5997 0.6
      vertex 50.4138 75.4984 0.6
      vertex 50.3944 75.1134 0.6
    endloop
  endfacet
  facet normal -0 0 -1
    outer loop
      vertex 50.4676 76.987 0.6
      vertex 48.8686 73.5997 0.6
      vertex 48.8686 82.1991 0.6
    endloop
  endfacet
  facet normal 0 0 -1
    outer loop
      vertex 50.4676 76.987 0.6
      vertex 48.8686 82.1991 0.6
      vertex 50.4676 82.1991 0.6
    endloop
  endfacet
  facet normal 0 0 -1
    outer loop
      vertex 64.5099 75.0584 0.6
      vertex 66.2249 73.5997 0.6
      vertex 64.6015 73.5997 0.6
    endloop
  endfacet
  facet normal 0 0 -1
    outer loop
      vertex 66.2249 80.9235 0.6
      vertex 68.1962 82.1991 0.6
      vertex 68.1962 80.9235 0.6
    endloop
  endfacet
  facet normal 0 0 -1
    outer loop
      vertex 66.2249 73.5997 0.6
      vertex 64.5099 75.0584 0.6
      vertex 66.2249 80.9235 0.6
    endloop
  endfacet
  facet normal 0 0 -1
    outer loop
      vertex 64.5099 80.9235 0.6
      vertex 66.2249 80.9235 0.6
      vertex 64.5099 75.0584 0.6
    endloop
  endfacet
  facet normal 0 0 -1
    outer loop
      vertex 64.5099 80.9235 0.6
      vertex 68.1962 82.1991 0.6
      vertex 66.2249 80.9235 0.6
    endloop
  endfacet
  facet normal 0 0 -1
    outer loop
      vertex 62.3799 82.1991 0.6
      vertex 64.5099 80.9235 0.6
      vertex 62.3799 80.9235 0.6
    endloop
  endfacet
  facet normal 0 0 -1
    outer loop
      vertex 64.5099 80.9235 0.6
      vertex 62.3799 82.1991 0.6
      vertex 68.1962 82.1991 0.6
    endloop
  endfacet
  facet normal 0 0 -1
    outer loop
      vertex 62.4471 74.9974 0.6
      vertex 64.5099 75.0584 0.6
      vertex 64.6015 73.5997 0.6
    endloop
  endfacet
  facet normal -0 0 -1
    outer loop
      vertex 64.5099 75.0584 0.6
      vertex 62.4471 74.9974 0.6
      vertex 62.4471 76.3462 0.6
    endloop
  endfacet
  facet normal 0 -1 0
    outer loop
      vertex 28.3362 74.9912 0
      vertex 31.1192 74.9912 0.6
      vertex 28.3362 74.9912 0.6
    endloop
  endfacet
  facet normal 0 -1 -0
    outer loop
      vertex 31.1192 74.9912 0.6
      vertex 28.3362 74.9912 0
      vertex 31.1192 74.9912 0
    endloop
  endfacet
  facet normal -1 0 0
    outer loop
      vertex 31.1192 73.5997 0
      vertex 31.1192 74.9912 0.6
      vertex 31.1192 74.9912 0
    endloop
  endfacet
  facet normal -1 -0 0
    outer loop
      vertex 31.1192 74.9912 0.6
      vertex 31.1192 73.5997 0
      vertex 31.1192 73.5997 0.6
    endloop
  endfacet
  facet normal 0 1 -0
    outer loop
      vertex 31.1192 73.5997 0
      vertex 23.7588 73.5997 0.6
      vertex 31.1192 73.5997 0.6
    endloop
  endfacet
  facet normal 0 1 0
    outer loop
      vertex 23.7588 73.5997 0.6
      vertex 31.1192 73.5997 0
      vertex 23.7588 73.5997 0
    endloop
  endfacet
  facet normal 1 -0 0
    outer loop
      vertex 23.7588 73.5997 0.6
      vertex 23.7588 74.9912 0
      vertex 23.7588 74.9912 0.6
    endloop
  endfacet
  facet normal 1 0 0
    outer loop
      vertex 23.7588 74.9912 0
      vertex 23.7588 73.5997 0.6
      vertex 23.7588 73.5997 0
    endloop
  endfacet
  facet normal 0 -1 0
    outer loop
      vertex 23.7588 74.9912 0
      vertex 26.5357 74.9912 0.6
      vertex 23.7588 74.9912 0.6
    endloop
  endfacet
  facet normal 0 -1 -0
    outer loop
      vertex 26.5357 74.9912 0.6
      vertex 23.7588 74.9912 0
      vertex 26.5357 74.9912 0
    endloop
  endfacet
  facet normal 1 -0 0
    outer loop
      vertex 26.5357 74.9912 0.6
      vertex 26.5357 82.1991 0
      vertex 26.5357 82.1991 0.6
    endloop
  endfacet
  facet normal 1 0 0
    outer loop
      vertex 26.5357 82.1991 0
      vertex 26.5357 74.9912 0.6
      vertex 26.5357 74.9912 0
    endloop
  endfacet
  facet normal 0 -1 0
    outer loop
      vertex 26.5357 82.1991 0
      vertex 28.3362 82.1991 0.6
      vertex 26.5357 82.1991 0.6
    endloop
  endfacet
  facet normal 0 -1 -0
    outer loop
      vertex 28.3362 82.1991 0.6
      vertex 26.5357 82.1991 0
      vertex 28.3362 82.1991 0
    endloop
  endfacet
  facet normal -1 0 0
    outer loop
      vertex 28.3362 74.9912 0
      vertex 28.3362 82.1991 0.6
      vertex 28.3362 82.1991 0
    endloop
  endfacet
  facet normal -1 -0 0
    outer loop
      vertex 28.3362 82.1991 0.6
      vertex 28.3362 74.9912 0
      vertex 28.3362 74.9912 0.6
    endloop
  endfacet
  facet normal 0 1 -0
    outer loop
      vertex 38.9236 80.8076 0
      vertex 33.7115 80.8076 0.6
      vertex 38.9236 80.8076 0.6
    endloop
  endfacet
  facet normal 0 1 0
    outer loop
      vertex 33.7115 80.8076 0.6
      vertex 38.9236 80.8076 0
      vertex 33.7115 80.8076 0
    endloop
  endfacet
  facet normal -1 0 0
    outer loop
      vertex 33.7115 78.5433 0
      vertex 33.7115 80.8076 0.6
      vertex 33.7115 80.8076 0
    endloop
  endfacet
  facet normal -1 -0 0
    outer loop
      vertex 33.7115 80.8076 0.6
      vertex 33.7115 78.5433 0
      vertex 33.7115 78.5433 0.6
    endloop
  endfacet
  facet normal 0 -1 0
    outer loop
      vertex 33.7115 78.5433 0
      vertex 38.3011 78.5433 0.6
      vertex 33.7115 78.5433 0.6
    endloop
  endfacet
  facet normal 0 -1 -0
    outer loop
      vertex 38.3011 78.5433 0.6
      vertex 33.7115 78.5433 0
      vertex 38.3011 78.5433 0
    endloop
  endfacet
  facet normal -1 0 0
    outer loop
      vertex 38.3011 77.1518 0
      vertex 38.3011 78.5433 0.6
      vertex 38.3011 78.5433 0
    endloop
  endfacet
  facet normal -1 -0 0
    outer loop
      vertex 38.3011 78.5433 0.6
      vertex 38.3011 77.1518 0
      vertex 38.3011 77.1518 0.6
    endloop
  endfacet
  facet normal 0 1 -0
    outer loop
      vertex 38.3011 77.1518 0
      vertex 33.7115 77.1518 0.6
      vertex 38.3011 77.1518 0.6
    endloop
  endfacet
  facet normal 0 1 0
    outer loop
      vertex 33.7115 77.1518 0.6
      vertex 38.3011 77.1518 0
      vertex 33.7115 77.1518 0
    endloop
  endfacet
  facet normal -1 0 0
    outer loop
      vertex 33.7115 74.9912 0
      vertex 33.7115 77.1518 0.6
      vertex 33.7115 77.1518 0
    endloop
  endfacet
  facet normal -1 -0 0
    outer loop
      vertex 33.7115 77.1518 0.6
      vertex 33.7115 74.9912 0
      vertex 33.7115 74.9912 0.6
    endloop
  endfacet
  facet normal 0 -1 0
    outer loop
      vertex 33.7115 74.9912 0
      vertex 38.6734 74.9912 0.6
      vertex 33.7115 74.9912 0.6
    endloop
  endfacet
  facet normal 0 -1 -0
    outer loop
      vertex 38.6734 74.9912 0.6
      vertex 33.7115 74.9912 0
      vertex 38.6734 74.9912 0
    endloop
  endfacet
  facet normal -1 0 0
    outer loop
      vertex 38.6734 73.5997 0
      vertex 38.6734 74.9912 0.6
      vertex 38.6734 74.9912 0
    endloop
  endfacet
  facet normal -1 -0 0
    outer loop
      vertex 38.6734 74.9912 0.6
      vertex 38.6734 73.5997 0
      vertex 38.6734 73.5997 0.6
    endloop
  endfacet
  facet normal 0 1 -0
    outer loop
      vertex 38.6734 73.5997 0
      vertex 31.9111 73.5997 0.6
      vertex 38.6734 73.5997 0.6
    endloop
  endfacet
  facet normal 0 1 0
    outer loop
      vertex 31.9111 73.5997 0.6
      vertex 38.6734 73.5997 0
      vertex 31.9111 73.5997 0
    endloop
  endfacet
  facet normal 1 -0 0
    outer loop
      vertex 31.9111 73.5997 0.6
      vertex 31.9111 82.1991 0
      vertex 31.9111 82.1991 0.6
    endloop
  endfacet
  facet normal 1 0 0
    outer loop
      vertex 31.9111 82.1991 0
      vertex 31.9111 73.5997 0.6
      vertex 31.9111 73.5997 0
    endloop
  endfacet
  facet normal 0 -1 0
    outer loop
      vertex 31.9111 82.1991 0
      vertex 38.9236 82.1991 0.6
      vertex 31.9111 82.1991 0.6
    endloop
  endfacet
  facet normal 0 -1 -0
    outer loop
      vertex 38.9236 82.1991 0.6
      vertex 31.9111 82.1991 0
      vertex 38.9236 82.1991 0
    endloop
  endfacet
  facet normal -1 0 0
    outer loop
      vertex 38.9236 80.8076 0
      vertex 38.9236 82.1991 0.6
      vertex 38.9236 82.1991 0
    endloop
  endfacet
  facet normal -1 -0 0
    outer loop
      vertex 38.9236 82.1991 0.6
      vertex 38.9236 80.8076 0
      vertex 38.9236 80.8076 0.6
    endloop
  endfacet
  facet normal 0 -1 0
    outer loop
      vertex 42.0916 80.0019 0
      vertex 45.369 80.0019 0.6
      vertex 42.0916 80.0019 0.6
    endloop
  endfacet
  facet normal 0 -1 -0
    outer loop
      vertex 45.369 80.0019 0.6
      vertex 42.0916 80.0019 0
      vertex 45.369 80.0019 0
    endloop
  endfacet
  facet normal 0.944676 -0.328005 0
    outer loop
      vertex 45.369 80.0019 0.6
      vertex 46.1319 82.1991 0
      vertex 46.1319 82.1991 0.6
    endloop
  endfacet
  facet normal 0.944676 -0.328005 0
    outer loop
      vertex 46.1319 82.1991 0
      vertex 45.369 80.0019 0.6
      vertex 45.369 80.0019 0
    endloop
  endfacet
  facet normal 0 -1 0
    outer loop
      vertex 46.1319 82.1991 0
      vertex 47.914 82.1991 0.6
      vertex 46.1319 82.1991 0.6
    endloop
  endfacet
  facet normal 0 -1 -0
    outer loop
      vertex 47.914 82.1991 0.6
      vertex 46.1319 82.1991 0
      vertex 47.914 82.1991 0
    endloop
  endfacet
  facet normal -0.939873 0.341525 0
    outer loop
      vertex 44.7892 73.5997 0
      vertex 47.914 82.1991 0.6
      vertex 47.914 82.1991 0
    endloop
  endfacet
  facet normal -0.939873 0.341525 0
    outer loop
      vertex 47.914 82.1991 0.6
      vertex 44.7892 73.5997 0
      vertex 44.7892 73.5997 0.6
    endloop
  endfacet
  facet normal 0 1 -0
    outer loop
      vertex 44.7892 73.5997 0
      vertex 42.6653 73.5997 0.6
      vertex 44.7892 73.5997 0.6
    endloop
  endfacet
  facet normal 0 1 0
    outer loop
      vertex 42.6653 73.5997 0.6
      vertex 44.7892 73.5997 0
      vertex 42.6653 73.5997 0
    endloop
  endfacet
  facet normal 0.93944 0.342712 0
    outer loop
      vertex 42.6653 73.5997 0.6
      vertex 39.5282 82.1991 0
      vertex 39.5282 82.1991 0.6
    endloop
  endfacet
  facet normal 0.93944 0.342712 0
    outer loop
      vertex 39.5282 82.1991 0
      vertex 42.6653 73.5997 0.6
      vertex 42.6653 73.5997 0
    endloop
  endfacet
  facet normal 0 -1 0
    outer loop
      vertex 39.5282 82.1991 0
      vertex 41.3287 82.1991 0.6
      vertex 39.5282 82.1991 0.6
    endloop
  endfacet
  facet normal 0 -1 -0
    outer loop
      vertex 41.3287 82.1991 0.6
      vertex 39.5282 82.1991 0
      vertex 41.3287 82.1991 0
    endloop
  endfacet
  facet normal -0.944676 -0.328005 0
    outer loop
      vertex 42.0916 80.0019 0
      vertex 41.3287 82.1991 0.6
      vertex 41.3287 82.1991 0
    endloop
  endfacet
  facet normal -0.944676 -0.328005 0
    outer loop
      vertex 41.3287 82.1991 0.6
      vertex 42.0916 80.0019 0
      vertex 42.0916 80.0019 0.6
    endloop
  endfacet
  facet normal -0.945835 -0.324647 0
    outer loop
      vertex 42.752 77.8965 0
      vertex 42.4944 78.647 0.6
      vertex 42.4944 78.647 0
    endloop
  endfacet
  facet normal -0.945835 -0.324647 0
    outer loop
      vertex 42.4944 78.647 0.6
      vertex 42.752 77.8965 0
      vertex 42.752 77.8965 0.6
    endloop
  endfacet
  facet normal -0.94608 -0.323932 0
    outer loop
      vertex 42.9737 77.249 0
      vertex 42.752 77.8965 0.6
      vertex 42.752 77.8965 0
    endloop
  endfacet
  facet normal -0.94608 -0.323932 0
    outer loop
      vertex 42.752 77.8965 0.6
      vertex 42.9737 77.249 0
      vertex 42.9737 77.249 0.6
    endloop
  endfacet
  facet normal -0.946381 -0.323053 0
    outer loop
      vertex 43.1595 76.7047 0
      vertex 42.9737 77.249 0.6
      vertex 42.9737 77.249 0
    endloop
  endfacet
  facet normal -0.946381 -0.323053 0
    outer loop
      vertex 42.9737 77.249 0.6
      vertex 43.1595 76.7047 0
      vertex 43.1595 76.7047 0.6
    endloop
  endfacet
  facet normal -0.946756 -0.321953 0
    outer loop
      vertex 43.3095 76.2636 0
      vertex 43.1595 76.7047 0.6
      vertex 43.1595 76.7047 0
    endloop
  endfacet
  facet normal -0.946756 -0.321953 0
    outer loop
      vertex 43.1595 76.7047 0.6
      vertex 43.3095 76.2636 0
      vertex 43.3095 76.2636 0.6
    endloop
  endfacet
  facet normal -0.9475 -0.319757 0
    outer loop
      vertex 43.4236 75.9255 0
      vertex 43.3095 76.2636 0.6
      vertex 43.3095 76.2636 0
    endloop
  endfacet
  facet normal -0.9475 -0.319757 0
    outer loop
      vertex 43.3095 76.2636 0.6
      vertex 43.4236 75.9255 0
      vertex 43.4236 75.9255 0.6
    endloop
  endfacet
  facet normal -0.948804 -0.315864 0
    outer loop
      vertex 43.5018 75.6906 0
      vertex 43.4236 75.9255 0.6
      vertex 43.4236 75.9255 0
    endloop
  endfacet
  facet normal -0.948804 -0.315864 0
    outer loop
      vertex 43.4236 75.9255 0.6
      vertex 43.5018 75.6906 0
      vertex 43.5018 75.6906 0.6
    endloop
  endfacet
  facet normal -0.952096 -0.305799 0
    outer loop
      vertex 43.5441 75.5589 0
      vertex 43.5018 75.6906 0.6
      vertex 43.5018 75.6906 0
    endloop
  endfacet
  facet normal -0.952096 -0.305799 0
    outer loop
      vertex 43.5018 75.6906 0.6
      vertex 43.5441 75.5589 0
      vertex 43.5441 75.5589 0.6
    endloop
  endfacet
  facet normal -0.957157 -0.28957 0
    outer loop
      vertex 43.568 75.4799 0
      vertex 43.5441 75.5589 0.6
      vertex 43.5441 75.5589 0
    endloop
  endfacet
  facet normal -0.957157 -0.28957 0
    outer loop
      vertex 43.5441 75.5589 0.6
      vertex 43.568 75.4799 0
      vertex 43.568 75.4799 0.6
    endloop
  endfacet
  facet normal -0.957998 -0.286773 0
    outer loop
      vertex 43.5909 75.4034 0
      vertex 43.568 75.4799 0.6
      vertex 43.568 75.4799 0
    endloop
  endfacet
  facet normal -0.957998 -0.286773 0
    outer loop
      vertex 43.568 75.4799 0.6
      vertex 43.5909 75.4034 0
      vertex 43.5909 75.4034 0.6
    endloop
  endfacet
  facet normal -0.958431 -0.285325 0
    outer loop
      vertex 43.6129 75.3295 0
      vertex 43.5909 75.4034 0.6
      vertex 43.5909 75.4034 0
    endloop
  endfacet
  facet normal -0.958431 -0.285325 0
    outer loop
      vertex 43.5909 75.4034 0.6
      vertex 43.6129 75.3295 0
      vertex 43.6129 75.3295 0.6
    endloop
  endfacet
  facet normal -0.95994 -0.280206 0
    outer loop
      vertex 43.6338 75.2579 0
      vertex 43.6129 75.3295 0.6
      vertex 43.6129 75.3295 0
    endloop
  endfacet
  facet normal -0.95994 -0.280206 0
    outer loop
      vertex 43.6129 75.3295 0.6
      vertex 43.6338 75.2579 0
      vertex 43.6338 75.2579 0.6
    endloop
  endfacet
  facet normal -0.960838 -0.277111 0
    outer loop
      vertex 43.6537 75.1889 0
      vertex 43.6338 75.2579 0.6
      vertex 43.6338 75.2579 0
    endloop
  endfacet
  facet normal -0.960838 -0.277111 0
    outer loop
      vertex 43.6338 75.2579 0.6
      vertex 43.6537 75.1889 0
      vertex 43.6537 75.1889 0.6
    endloop
  endfacet
  facet normal -0.961524 -0.274721 0
    outer loop
      vertex 43.6727 75.1224 0
      vertex 43.6537 75.1889 0.6
      vertex 43.6537 75.1889 0
    endloop
  endfacet
  facet normal -0.961524 -0.274721 0
    outer loop
      vertex 43.6537 75.1889 0.6
      vertex 43.6727 75.1224 0
      vertex 43.6727 75.1224 0.6
    endloop
  endfacet
  facet normal -0.963042 -0.269351 0
    outer loop
      vertex 43.6906 75.0584 0
      vertex 43.6727 75.1224 0.6
      vertex 43.6727 75.1224 0
    endloop
  endfacet
  facet normal -0.963042 -0.269351 0
    outer loop
      vertex 43.6727 75.1224 0.6
      vertex 43.6906 75.0584 0
      vertex 43.6906 75.0584 0.6
    endloop
  endfacet
  facet normal -0.964814 -0.262935 0
    outer loop
      vertex 43.7272 74.9241 0
      vertex 43.6906 75.0584 0.6
      vertex 43.6906 75.0584 0
    endloop
  endfacet
  facet normal -0.964814 -0.262935 0
    outer loop
      vertex 43.6906 75.0584 0.6
      vertex 43.7272 74.9241 0
      vertex 43.7272 74.9241 0.6
    endloop
  endfacet
  facet normal 0.956668 -0.29118 0
    outer loop
      vertex 43.7272 74.9241 0.6
      vertex 43.8554 75.3453 0
      vertex 43.8554 75.3453 0.6
    endloop
  endfacet
  facet normal 0.956668 -0.29118 0
    outer loop
      vertex 43.8554 75.3453 0
      vertex 43.7272 74.9241 0.6
      vertex 43.7272 74.9241 0
    endloop
  endfacet
  facet normal 0.953485 -0.301439 0
    outer loop
      vertex 43.8554 75.3453 0.6
      vertex 44.1178 76.1753 0
      vertex 44.1178 76.1753 0.6
    endloop
  endfacet
  facet normal 0.953485 -0.301439 0
    outer loop
      vertex 44.1178 76.1753 0
      vertex 43.8554 75.3453 0.6
      vertex 43.8554 75.3453 0
    endloop
  endfacet
  facet normal 0.945845 -0.324619 0
    outer loop
      vertex 44.1178 76.1753 0.6
      vertex 44.9661 78.647 0
      vertex 44.9661 78.647 0.6
    endloop
  endfacet
  facet normal 0.945845 -0.324619 0
    outer loop
      vertex 44.9661 78.647 0
      vertex 44.1178 76.1753 0.6
      vertex 44.1178 76.1753 0
    endloop
  endfacet
  facet normal 0 1 -0
    outer loop
      vertex 44.9661 78.647 0
      vertex 42.4944 78.647 0.6
      vertex 44.9661 78.647 0.6
    endloop
  endfacet
  facet normal 0 1 0
    outer loop
      vertex 42.4944 78.647 0.6
      vertex 44.9661 78.647 0
      vertex 42.4944 78.647 0
    endloop
  endfacet
  facet normal -0.99995 0.00997954 0
    outer loop
      vertex 50.4661 76.8367 0
      vertex 50.4676 76.987 0.6
      vertex 50.4676 76.987 0
    endloop
  endfacet
  facet normal -0.99995 0.00997954 0
    outer loop
      vertex 50.4676 76.987 0.6
      vertex 50.4661 76.8367 0
      vertex 50.4661 76.8367 0.6
    endloop
  endfacet
  facet normal -0.999731 0.0232127 0
    outer loop
      vertex 50.4617 76.6472 0
      vertex 50.4661 76.8367 0.6
      vertex 50.4661 76.8367 0
    endloop
  endfacet
  facet normal -0.999731 0.0232127 0
    outer loop
      vertex 50.4661 76.8367 0.6
      vertex 50.4617 76.6472 0
      vertex 50.4617 76.6472 0.6
    endloop
  endfacet
  facet normal -0.999462 0.0328051 0
    outer loop
      vertex 50.4542 76.4187 0
      vertex 50.4617 76.6472 0.6
      vertex 50.4617 76.6472 0
    endloop
  endfacet
  facet normal -0.999462 0.0328051 0
    outer loop
      vertex 50.4617 76.6472 0.6
      vertex 50.4542 76.4187 0
      vertex 50.4542 76.4187 0.6
    endloop
  endfacet
  facet normal -0.999232 0.0391929 0
    outer loop
      vertex 50.4437 76.151 0
      vertex 50.4542 76.4187 0.6
      vertex 50.4542 76.4187 0
    endloop
  endfacet
  facet normal -0.999232 0.0391929 0
    outer loop
      vertex 50.4542 76.4187 0.6
      vertex 50.4437 76.151 0
      vertex 50.4437 76.151 0.6
    endloop
  endfacet
  facet normal -0.999048 0.0436351 0
    outer loop
      vertex 50.4303 75.8442 0
      vertex 50.4437 76.151 0.6
      vertex 50.4437 76.151 0
    endloop
  endfacet
  facet normal -0.999048 0.0436351 0
    outer loop
      vertex 50.4437 76.151 0.6
      vertex 50.4303 75.8442 0
      vertex 50.4303 75.8442 0.6
    endloop
  endfacet
  facet normal -0.998864 0.0476612 0
    outer loop
      vertex 50.4138 75.4984 0
      vertex 50.4303 75.8442 0.6
      vertex 50.4303 75.8442 0
    endloop
  endfacet
  facet normal -0.998864 0.0476612 0
    outer loop
      vertex 50.4303 75.8442 0.6
      vertex 50.4138 75.4984 0
      vertex 50.4138 75.4984 0.6
    endloop
  endfacet
  facet normal -0.998733 0.0503258 0
    outer loop
      vertex 50.3944 75.1134 0
      vertex 50.4138 75.4984 0.6
      vertex 50.4138 75.4984 0
    endloop
  endfacet
  facet normal -0.998733 0.0503258 0
    outer loop
      vertex 50.4138 75.4984 0.6
      vertex 50.3944 75.1134 0
      vertex 50.3944 75.1134 0.6
    endloop
  endfacet
  facet normal 0.961622 -0.274377 0
    outer loop
      vertex 50.3944 75.1134 0.6
      vertex 51.0474 77.402 0
      vertex 51.0474 77.402 0.6
    endloop
  endfacet
  facet normal 0.961622 -0.274377 0
    outer loop
      vertex 51.0474 77.402 0
      vertex 50.3944 75.1134 0.6
      vertex 50.3944 75.1134 0
    endloop
  endfacet
  facet normal 0.951543 -0.307514 0
    outer loop
      vertex 51.0474 77.402 0.6
      vertex 52.5977 82.1991 0
      vertex 52.5977 82.1991 0.6
    endloop
  endfacet
  facet normal 0.951543 -0.307514 0
    outer loop
      vertex 52.5977 82.1991 0
      vertex 51.0474 77.402 0.6
      vertex 51.0474 77.402 0
    endloop
  endfacet
  facet normal 0 -1 0
    outer loop
      vertex 52.5977 82.1991 0
      vertex 53.8793 82.1991 0.6
      vertex 52.5977 82.1991 0.6
    endloop
  endfacet
  facet normal 0 -1 -0
    outer loop
      vertex 53.8793 82.1991 0.6
      vertex 52.5977 82.1991 0
      vertex 53.8793 82.1991 0
    endloop
  endfacet
  facet normal -0.951549 -0.307497 0
    outer loop
      vertex 55.4295 77.402 0
      vertex 53.8793 82.1991 0.6
      vertex 53.8793 82.1991 0
    endloop
  endfacet
  facet normal -0.951549 -0.307497 0
    outer loop
      vertex 53.8793 82.1991 0.6
      vertex 55.4295 77.402 0
      vertex 55.4295 77.402 0.6
    endloop
  endfacet
  facet normal -0.954778 -0.297321 0
    outer loop
      vertex 55.4934 77.1968 0
      vertex 55.4295 77.402 0.6
      vertex 55.4295 77.402 0
    endloop
  endfacet
  facet normal -0.954778 -0.297321 0
    outer loop
      vertex 55.4295 77.402 0.6
      vertex 55.4934 77.1968 0
      vertex 55.4934 77.1968 0.6
    endloop
  endfacet
  facet normal -0.958479 -0.285164 0
    outer loop
      vertex 55.5665 76.9511 0
      vertex 55.4934 77.1968 0.6
      vertex 55.4934 77.1968 0
    endloop
  endfacet
  facet normal -0.958479 -0.285164 0
    outer loop
      vertex 55.4934 77.1968 0.6
      vertex 55.5665 76.9511 0
      vertex 55.5665 76.9511 0.6
    endloop
  endfacet
  facet normal -0.961079 -0.276273 0
    outer loop
      vertex 55.6488 76.6648 0
      vertex 55.5665 76.9511 0.6
      vertex 55.5665 76.9511 0
    endloop
  endfacet
  facet normal -0.961079 -0.276273 0
    outer loop
      vertex 55.5665 76.9511 0.6
      vertex 55.6488 76.6648 0
      vertex 55.6488 76.6648 0.6
    endloop
  endfacet
  facet normal -0.962933 -0.269739 0
    outer loop
      vertex 55.7404 76.3378 0
      vertex 55.6488 76.6648 0.6
      vertex 55.6488 76.6648 0
    endloop
  endfacet
  facet normal -0.962933 -0.269739 0
    outer loop
      vertex 55.6488 76.6648 0.6
      vertex 55.7404 76.3378 0
      vertex 55.7404 76.3378 0.6
    endloop
  endfacet
  facet normal -0.964448 -0.264272 0
    outer loop
      vertex 55.8411 75.9703 0
      vertex 55.7404 76.3378 0.6
      vertex 55.7404 76.3378 0
    endloop
  endfacet
  facet normal -0.964448 -0.264272 0
    outer loop
      vertex 55.7404 76.3378 0.6
      vertex 55.8411 75.9703 0
      vertex 55.8411 75.9703 0.6
    endloop
  endfacet
  facet normal -0.965556 -0.260194 0
    outer loop
      vertex 55.9511 75.5621 0
      vertex 55.8411 75.9703 0.6
      vertex 55.8411 75.9703 0
    endloop
  endfacet
  facet normal -0.965556 -0.260194 0
    outer loop
      vertex 55.8411 75.9703 0.6
      vertex 55.9511 75.5621 0
      vertex 55.9511 75.5621 0.6
    endloop
  endfacet
  facet normal -0.966478 -0.256751 0
    outer loop
      vertex 56.0703 75.1134 0
      vertex 55.9511 75.5621 0.6
      vertex 55.9511 75.5621 0
    endloop
  endfacet
  facet normal -0.966478 -0.256751 0
    outer loop
      vertex 55.9511 75.5621 0.6
      vertex 56.0703 75.1134 0
      vertex 56.0703 75.1134 0.6
    endloop
  endfacet
  facet normal 0.999178 0.0405447 0
    outer loop
      vertex 56.0703 75.1134 0.6
      vertex 56.0557 75.4732 0
      vertex 56.0557 75.4732 0.6
    endloop
  endfacet
  facet normal 0.999178 0.0405447 0
    outer loop
      vertex 56.0557 75.4732 0
      vertex 56.0703 75.1134 0.6
      vertex 56.0703 75.1134 0
    endloop
  endfacet
  facet normal 0.999199 0.0400064 0
    outer loop
      vertex 56.0557 75.4732 0.6
      vertex 56.0432 75.7854 0
      vertex 56.0432 75.7854 0.6
    endloop
  endfacet
  facet normal 0.999199 0.0400064 0
    outer loop
      vertex 56.0432 75.7854 0
      vertex 56.0557 75.4732 0.6
      vertex 56.0557 75.4732 0
    endloop
  endfacet
  facet normal 0.999229 0.0392595 0
    outer loop
      vertex 56.0432 75.7854 0.6
      vertex 56.0328 76.0501 0
      vertex 56.0328 76.0501 0.6
    endloop
  endfacet
  facet normal 0.999229 0.0392595 0
    outer loop
      vertex 56.0328 76.0501 0
      vertex 56.0432 75.7854 0.6
      vertex 56.0432 75.7854 0
    endloop
  endfacet
  facet normal 0.99927 0.0382033 0
    outer loop
      vertex 56.0328 76.0501 0.6
      vertex 56.0245 76.2672 0
      vertex 56.0245 76.2672 0.6
    endloop
  endfacet
  facet normal 0.99927 0.0382033 0
    outer loop
      vertex 56.0245 76.2672 0
      vertex 56.0328 76.0501 0.6
      vertex 56.0328 76.0501 0
    endloop
  endfacet
  facet normal 0.999332 0.0365537 0
    outer loop
      vertex 56.0245 76.2672 0.6
      vertex 56.0183 76.4367 0
      vertex 56.0183 76.4367 0.6
    endloop
  endfacet
  facet normal 0.999332 0.0365537 0
    outer loop
      vertex 56.0183 76.4367 0
      vertex 56.0245 76.2672 0.6
      vertex 56.0245 76.2672 0
    endloop
  endfacet
  facet normal 0.999463 0.0327693 0
    outer loop
      vertex 56.0183 76.4367 0.6
      vertex 56.0143 76.5587 0
      vertex 56.0143 76.5587 0.6
    endloop
  endfacet
  facet normal 0.999463 0.0327693 0
    outer loop
      vertex 56.0143 76.5587 0
      vertex 56.0183 76.4367 0.6
      vertex 56.0183 76.4367 0
    endloop
  endfacet
  facet normal 0.999673 0.0255636 0
    outer loop
      vertex 56.0143 76.5587 0.6
      vertex 56.0124 76.633 0
      vertex 56.0124 76.633 0.6
    endloop
  endfacet
  facet normal 0.999673 0.0255636 0
    outer loop
      vertex 56.0124 76.633 0
      vertex 56.0143 76.5587 0.6
      vertex 56.0143 76.5587 0
    endloop
  endfacet
  facet normal 0.999875 0.0158083 0
    outer loop
      vertex 56.0124 76.633 0.6
      vertex 56.0116 76.6836 0
      vertex 56.0116 76.6836 0.6
    endloop
  endfacet
  facet normal 0.999875 0.0158083 0
    outer loop
      vertex 56.0116 76.6836 0
      vertex 56.0124 76.633 0.6
      vertex 56.0124 76.633 0
    endloop
  endfacet
  facet normal 0.999904 0.0138327 0
    outer loop
      vertex 56.0116 76.6836 0.6
      vertex 56.0109 76.7342 0
      vertex 56.0109 76.7342 0.6
    endloop
  endfacet
  facet normal 0.999904 0.0138327 0
    outer loop
      vertex 56.0109 76.7342 0
      vertex 56.0116 76.6836 0.6
      vertex 56.0116 76.6836 0
    endloop
  endfacet
  facet normal 0.999929 0.0118803 0
    outer loop
      vertex 56.0109 76.7342 0.6
      vertex 56.0103 76.7847 0
      vertex 56.0103 76.7847 0.6
    endloop
  endfacet
  facet normal 0.999929 0.0118803 0
    outer loop
      vertex 56.0103 76.7847 0
      vertex 56.0109 76.7342 0.6
      vertex 56.0109 76.7342 0
    endloop
  endfacet
  facet normal 0.999969 0.00790489 0
    outer loop
      vertex 56.0103 76.7847 0.6
      vertex 56.0099 76.8353 0
      vertex 56.0099 76.8353 0.6
    endloop
  endfacet
  facet normal 0.999969 0.00790489 0
    outer loop
      vertex 56.0099 76.8353 0
      vertex 56.0103 76.7847 0.6
      vertex 56.0103 76.7847 0
    endloop
  endfacet
  facet normal 0.999982 0.00592875 0
    outer loop
      vertex 56.0099 76.8353 0.6
      vertex 56.0096 76.8859 0
      vertex 56.0096 76.8859 0.6
    endloop
  endfacet
  facet normal 0.999982 0.00592875 0
    outer loop
      vertex 56.0096 76.8859 0
      vertex 56.0099 76.8353 0.6
      vertex 56.0099 76.8353 0
    endloop
  endfacet
  facet normal 0.999992 0.00396036 0
    outer loop
      vertex 56.0096 76.8859 0.6
      vertex 56.0094 76.9364 0
      vertex 56.0094 76.9364 0.6
    endloop
  endfacet
  facet normal 0.999992 0.00396036 0
    outer loop
      vertex 56.0094 76.9364 0
      vertex 56.0096 76.8859 0.6
      vertex 56.0096 76.8859 0
    endloop
  endfacet
  facet normal 0.999998 0.00197628 0
    outer loop
      vertex 56.0094 76.9364 0.6
      vertex 56.0093 76.987 0
      vertex 56.0093 76.987 0.6
    endloop
  endfacet
  facet normal 0.999998 0.00197628 0
    outer loop
      vertex 56.0093 76.987 0
      vertex 56.0094 76.9364 0.6
      vertex 56.0094 76.9364 0
    endloop
  endfacet
  facet normal 1 -0 0
    outer loop
      vertex 56.0093 76.987 0.6
      vertex 56.0093 82.1991 0
      vertex 56.0093 82.1991 0.6
    endloop
  endfacet
  facet normal 1 0 0
    outer loop
      vertex 56.0093 82.1991 0
      vertex 56.0093 76.987 0.6
      vertex 56.0093 76.987 0
    endloop
  endfacet
  facet normal 0 -1 0
    outer loop
      vertex 56.0093 82.1991 0
      vertex 57.6083 82.1991 0.6
      vertex 56.0093 82.1991 0.6
    endloop
  endfacet
  facet normal 0 -1 -0
    outer loop
      vertex 57.6083 82.1991 0.6
      vertex 56.0093 82.1991 0
      vertex 57.6083 82.1991 0
    endloop
  endfacet
  facet normal -1 0 0
    outer loop
      vertex 57.6083 73.5997 0
      vertex 57.6083 82.1991 0.6
      vertex 57.6083 82.1991 0
    endloop
  endfacet
  facet normal -1 -0 0
    outer loop
      vertex 57.6083 82.1991 0.6
      vertex 57.6083 73.5997 0
      vertex 57.6083 73.5997 0.6
    endloop
  endfacet
  facet normal 0 1 -0
    outer loop
      vertex 57.6083 73.5997 0
      vertex 55.2098 73.5997 0.6
      vertex 57.6083 73.5997 0.6
    endloop
  endfacet
  facet normal 0 1 0
    outer loop
      vertex 55.2098 73.5997 0.6
      vertex 57.6083 73.5997 0
      vertex 55.2098 73.5997 0
    endloop
  endfacet
  facet normal 0.954296 0.298864 0
    outer loop
      vertex 55.2098 73.5997 0.6
      vertex 53.6291 78.647 0
      vertex 53.6291 78.647 0.6
    endloop
  endfacet
  facet normal 0.954296 0.298864 0
    outer loop
      vertex 53.6291 78.647 0
      vertex 55.2098 73.5997 0.6
      vertex 55.2098 73.5997 0
    endloop
  endfacet
  facet normal 0.963277 0.268508 0
    outer loop
      vertex 53.6291 78.647 0.6
      vertex 53.2446 80.0264 0
      vertex 53.2446 80.0264 0.6
    endloop
  endfacet
  facet normal 0.963277 0.268508 0
    outer loop
      vertex 53.2446 80.0264 0
      vertex 53.6291 78.647 0.6
      vertex 53.6291 78.647 0
    endloop
  endfacet
  facet normal -0.969226 0.246171 0
    outer loop
      vertex 52.9516 78.8728 0
      vertex 53.2446 80.0264 0.6
      vertex 53.2446 80.0264 0
    endloop
  endfacet
  facet normal -0.969226 0.246171 0
    outer loop
      vertex 53.2446 80.0264 0.6
      vertex 52.9516 78.8728 0
      vertex 52.9516 78.8728 0.6
    endloop
  endfacet
  facet normal -0.960596 0.277947 0
    outer loop
      vertex 52.8174 78.409 0
      vertex 52.9516 78.8728 0.6
      vertex 52.9516 78.8728 0
    endloop
  endfacet
  facet normal -0.960596 0.277947 0
    outer loop
      vertex 52.9516 78.8728 0.6
      vertex 52.8174 78.409 0
      vertex 52.8174 78.409 0.6
    endloop
  endfacet
  facet normal -0.952474 0.304618 0
    outer loop
      vertex 51.2793 73.5997 0
      vertex 52.8174 78.409 0.6
      vertex 52.8174 78.409 0
    endloop
  endfacet
  facet normal -0.952474 0.304618 0
    outer loop
      vertex 52.8174 78.409 0.6
      vertex 51.2793 73.5997 0
      vertex 51.2793 73.5997 0.6
    endloop
  endfacet
  facet normal 0 1 -0
    outer loop
      vertex 51.2793 73.5997 0
      vertex 48.8686 73.5997 0.6
      vertex 51.2793 73.5997 0.6
    endloop
  endfacet
  facet normal 0 1 0
    outer loop
      vertex 48.8686 73.5997 0.6
      vertex 51.2793 73.5997 0
      vertex 48.8686 73.5997 0
    endloop
  endfacet
  facet normal 1 -0 0
    outer loop
      vertex 48.8686 73.5997 0.6
      vertex 48.8686 82.1991 0
      vertex 48.8686 82.1991 0.6
    endloop
  endfacet
  facet normal 1 0 0
    outer loop
      vertex 48.8686 82.1991 0
      vertex 48.8686 73.5997 0.6
      vertex 48.8686 73.5997 0
    endloop
  endfacet
  facet normal 0 -1 0
    outer loop
      vertex 48.8686 82.1991 0
      vertex 50.4676 82.1991 0.6
      vertex 48.8686 82.1991 0.6
    endloop
  endfacet
  facet normal 0 -1 -0
    outer loop
      vertex 50.4676 82.1991 0.6
      vertex 48.8686 82.1991 0
      vertex 50.4676 82.1991 0
    endloop
  endfacet
  facet normal -1 0 0
    outer loop
      vertex 50.4676 76.987 0
      vertex 50.4676 82.1991 0.6
      vertex 50.4676 82.1991 0
    endloop
  endfacet
  facet normal -1 -0 0
    outer loop
      vertex 50.4676 82.1991 0.6
      vertex 50.4676 76.987 0
      vertex 50.4676 76.987 0.6
    endloop
  endfacet
  facet normal 0 1 -0
    outer loop
      vertex 68.1962 80.9235 0
      vertex 66.2249 80.9235 0.6
      vertex 68.1962 80.9235 0.6
    endloop
  endfacet
  facet normal 0 1 0
    outer loop
      vertex 66.2249 80.9235 0.6
      vertex 68.1962 80.9235 0
      vertex 66.2249 80.9235 0
    endloop
  endfacet
  facet normal -1 0 0
    outer loop
      vertex 66.2249 73.5997 0
      vertex 66.2249 80.9235 0.6
      vertex 66.2249 80.9235 0
    endloop
  endfacet
  facet normal -1 -0 0
    outer loop
      vertex 66.2249 80.9235 0.6
      vertex 66.2249 73.5997 0
      vertex 66.2249 73.5997 0.6
    endloop
  endfacet
  facet normal 0 1 -0
    outer loop
      vertex 66.2249 73.5997 0
      vertex 64.6015 73.5997 0.6
      vertex 66.2249 73.5997 0.6
    endloop
  endfacet
  facet normal 0 1 0
    outer loop
      vertex 64.6015 73.5997 0.6
      vertex 66.2249 73.5997 0
      vertex 64.6015 73.5997 0
    endloop
  endfacet
  facet normal 0.54426 0.838917 -0
    outer loop
      vertex 64.6015 73.5997 0
      vertex 62.4471 74.9974 0.6
      vertex 64.6015 73.5997 0.6
    endloop
  endfacet
  facet normal 0.54426 0.838917 0
    outer loop
      vertex 62.4471 74.9974 0.6
      vertex 64.6015 73.5997 0
      vertex 62.4471 74.9974 0
    endloop
  endfacet
  facet normal 1 -0 0
    outer loop
      vertex 62.4471 74.9974 0.6
      vertex 62.4471 76.3462 0
      vertex 62.4471 76.3462 0.6
    endloop
  endfacet
  facet normal 1 0 0
    outer loop
      vertex 62.4471 76.3462 0
      vertex 62.4471 74.9974 0.6
      vertex 62.4471 74.9974 0
    endloop
  endfacet
  facet normal -0.52957 -0.848266 0
    outer loop
      vertex 62.4471 76.3462 0
      vertex 64.5099 75.0584 0.6
      vertex 62.4471 76.3462 0.6
    endloop
  endfacet
  facet normal -0.52957 -0.848266 -0
    outer loop
      vertex 64.5099 75.0584 0.6
      vertex 62.4471 76.3462 0
      vertex 64.5099 75.0584 0
    endloop
  endfacet
  facet normal 1 -0 0
    outer loop
      vertex 64.5099 75.0584 0.6
      vertex 64.5099 80.9235 0
      vertex 64.5099 80.9235 0.6
    endloop
  endfacet
  facet normal 1 0 0
    outer loop
      vertex 64.5099 80.9235 0
      vertex 64.5099 75.0584 0.6
      vertex 64.5099 75.0584 0
    endloop
  endfacet
  facet normal 0 1 -0
    outer loop
      vertex 64.5099 80.9235 0
      vertex 62.3799 80.9235 0.6
      vertex 64.5099 80.9235 0.6
    endloop
  endfacet
  facet normal 0 1 0
    outer loop
      vertex 62.3799 80.9235 0.6
      vertex 64.5099 80.9235 0
      vertex 62.3799 80.9235 0
    endloop
  endfacet
  facet normal 1 -0 0
    outer loop
      vertex 62.3799 80.9235 0.6
      vertex 62.3799 82.1991 0
      vertex 62.3799 82.1991 0.6
    endloop
  endfacet
  facet normal 1 0 0
    outer loop
      vertex 62.3799 82.1991 0
      vertex 62.3799 80.9235 0.6
      vertex 62.3799 80.9235 0
    endloop
  endfacet
  facet normal 0 -1 0
    outer loop
      vertex 62.3799 82.1991 0
      vertex 68.1962 82.1991 0.6
      vertex 62.3799 82.1991 0.6
    endloop
  endfacet
  facet normal 0 -1 -0
    outer loop
      vertex 68.1962 82.1991 0.6
      vertex 62.3799 82.1991 0
      vertex 68.1962 82.1991 0
    endloop
  endfacet
  facet normal -1 0 0
    outer loop
      vertex 68.1962 80.9235 0
      vertex 68.1962 82.1991 0.6
      vertex 68.1962 82.1991 0
    endloop
  endfacet
  facet normal -1 -0 0
    outer loop
      vertex 68.1962 82.1991 0.6
      vertex 68.1962 80.9235 0
      vertex 68.1962 80.9235 0.6
    endloop
  endfacet
endsolid OpenSCAD_Model
